contractSymbol,lastTradeDate,strike,lastPrice,bid,ask,change,percentChange,volume,openInterest,impliedVolatility,inTheMoney,contractSize,currency,option_type,ticker,spot_price,historical_volatility,dividend_yield,expiry,days_to_expiry,time_to_maturity,moneyness,mid_price,market_price,bid_ask_spread,distance_from_atm,r,iv_used,iv_source,option_type_std,moneyness_label,intrinsic_value,time_value,eep_candidate,company_name,sector,data_as_of
AAPL260522C00270000,2026-04-30 19:59:53+00:00,270.0,9.25,0.0,0.0,0.0,0.0,829.0,0,1.0000000000000004e-05,True,REGULAR,USD,Call,AAPL,271.3500061035156,0.2339447408966455,0.0038326883235936,2026-05-22,21,0.0575342465753424,0.9950248532406496,0.0,9.25,0.0,0.0049751467593504,0.035850000381469724,0.2339447408966455,hist_vol_fallback,call,ATM,1.350006103515625,7.899993896484375,False,Apple Inc.,Technology,2026-05-01
AAPL260522C00275000,2026-04-30 19:59:45+00:00,275.0,6.75,0.0,0.0,0.0,0.0,924.0,0,0.01563484375,False,REGULAR,USD,Call,AAPL,271.3500061035156,0.2339447408966455,0.0038326883235936,2026-05-22,21,0.0575342465753424,1.0134512394117727,0.0,6.75,0.0,0.0134512394117727,0.035850000381469724,0.01563484375,market_iv,call,ATM,0.0,6.75,False,Apple Inc.,Technology,2026-05-01
AAPL260522C00265000,2026-04-30 19:55:00+00:00,265.0,12.23,0.0,0.0,0.0,0.0,149.0,0,1.0000000000000004e-05,True,REGULAR,USD,Call,AAPL,271.3500061035156,0.2339447408966455,0.0038326883235936,2026-05-22,21,0.0575342465753424,0.9765984670695264,0.0,12.23,0.0,0.0234015329304735,0.035850000381469724,0.2339447408966455,hist_vol_fallback,call,ATM,6.350006103515625,5.879993896484375,False,Apple Inc.,Technology,2026-05-01
AAPL260522C00280000,2026-04-30 19:59:51+00:00,280.0,4.79,0.0,0.0,0.0,0.0,707.0,0,0.0312596875,False,REGULAR,USD,Call,AAPL,271.3500061035156,0.2339447408966455,0.0038326883235936,2026-05-22,21,0.0575342465753424,1.031877625582896,0.0,4.79,0.0,0.0318776255828958,0.035850000381469724,0.0312596875,market_iv,call,ITM,0.0,4.79,False,Apple Inc.,Technology,2026-05-01
AAPL260522C00260000,2026-04-30 19:57:38+00:00,260.0,15.0,0.0,0.0,0.0,0.0,31.0,0,1.0000000000000004e-05,True,REGULAR,USD,Call,AAPL,271.3500061035156,0.2339447408966455,0.0038326883235936,2026-05-22,21,0.0575342465753424,0.9581720808984032,0.0,15.0,0.0,0.0418279191015966,0.035850000381469724,0.2339447408966455,hist_vol_fallback,call,OTM,11.350006103515625,3.649993896484375,False,Apple Inc.,Technology,2026-05-01
AAPL260522C00285000,2026-04-30 19:59:53+00:00,285.0,3.3,0.0,0.0,0.0,0.0,398.0,0,0.062509375,False,REGULAR,USD,Call,AAPL,271.3500061035156,0.2339447408966455,0.0038326883235936,2026-05-22,21,0.0575342465753424,1.050304011754019,0.0,3.3,0.0,0.0503040117540189,0.035850000381469724,0.062509375,market_iv,call,ITM,0.0,3.3,False,Apple Inc.,Technology,2026-05-01
AAPL260522C00255000,2026-04-30 17:02:28+00:00,255.0,19.76,0.0,0.0,0.0,0.0,16.0,0,1.0000000000000004e-05,True,REGULAR,USD,Call,AAPL,271.3500061035156,0.2339447408966455,0.0038326883235936,2026-05-22,21,0.0575342465753424,0.9397456947272802,0.0,19.76,0.0,0.0602543052727198,0.035850000381469724,0.2339447408966455,hist_vol_fallback,call,OTM,16.350006103515625,3.4099938964843766,False,Apple Inc.,Technology,2026-05-01
AAPL260522C00290000,2026-04-30 19:59:45+00:00,290.0,2.21,0.0,0.0,0.0,0.0,1210.0,0,0.062509375,False,REGULAR,USD,Call,AAPL,271.3500061035156,0.2339447408966455,0.0038326883235936,2026-05-22,21,0.0575342465753424,1.068730397925142,0.0,2.21,0.0,0.0687303979251421,0.035850000381469724,0.062509375,market_iv,call,ITM,0.0,2.21,False,Apple Inc.,Technology,2026-05-01
AAPL260522C00250000,2026-04-30 19:59:36+00:00,250.0,24.0,0.0,0.0,0.0,0.0,15.0,0,1.0000000000000004e-05,True,REGULAR,USD,Call,AAPL,271.3500061035156,0.2339447408966455,0.0038326883235936,2026-05-22,21,0.0575342465753424,0.921319308556157,0.0,24.0,0.0,0.078680691443843,0.035850000381469724,0.2339447408966455,hist_vol_fallback,call,OTM,21.350006103515625,2.649993896484375,False,Apple Inc.,Technology,2026-05-01
AAPL260522C00295000,2026-04-30 19:56:06+00:00,295.0,1.4,0.0,0.0,0.0,0.0,389.0,0,0.062509375,False,REGULAR,USD,Call,AAPL,271.3500061035156,0.2339447408966455,0.0038326883235936,2026-05-22,21,0.0575342465753424,1.0871567840962653,0.0,1.4,0.0,0.0871567840962652,0.035850000381469724,0.062509375,market_iv,call,ITM,0.0,1.4,False,Apple Inc.,Technology,2026-05-01
AAPL260522C00245000,2026-04-30 16:34:15+00:00,245.0,30.14,0.0,0.0,0.0,0.0,1.0,0,1.0000000000000004e-05,True,REGULAR,USD,Call,AAPL,271.3500061035156,0.2339447408966455,0.0038326883235936,2026-05-22,21,0.0575342465753424,0.9028929223850338,0.0,30.14,0.0,0.0971070776149661,0.035850000381469724,0.2339447408966455,hist_vol_fallback,call,OTM,26.350006103515625,3.7899938964843756,False,Apple Inc.,Technology,2026-05-01
AAPL260522C00300000,2026-04-30 19:59:59+00:00,300.0,1.0,0.0,0.0,0.0,0.0,819.0,0,0.062509375,False,REGULAR,USD,Call,AAPL,271.3500061035156,0.2339447408966455,0.0038326883235936,2026-05-22,21,0.0575342465753424,1.1055831702673884,0.0,1.0,0.0,0.1055831702673884,0.035850000381469724,0.062509375,market_iv,call,ITM,0.0,1.0,False,Apple Inc.,Technology,2026-05-01
AAPL260522C00240000,2026-04-30 19:36:36+00:00,240.0,34.95,0.0,0.0,0.0,0.0,6.0,0,1.0000000000000004e-05,True,REGULAR,USD,Call,AAPL,271.3500061035156,0.2339447408966455,0.0038326883235936,2026-05-22,21,0.0575342465753424,0.8844665362139107,0.0,34.95,0.0,0.1155334637860893,0.035850000381469724,0.2339447408966455,hist_vol_fallback,call,OTM,31.350006103515625,3.599993896484378,False,Apple Inc.,Technology,2026-05-01
AAPL260522C00305000,2026-04-30 19:59:49+00:00,305.0,0.69,0.0,0.0,0.0,0.0,525.0,0,0.12500875,False,REGULAR,USD,Call,AAPL,271.3500061035156,0.2339447408966455,0.0038326883235936,2026-05-22,21,0.0575342465753424,1.1240095564385115,0.0,0.69,0.0,0.1240095564385115,0.035850000381469724,0.12500875,market_iv,call,ITM,0.0,0.69,False,Apple Inc.,Technology,2026-05-01
AAPL260522C00235000,2026-04-30 19:50:05+00:00,235.0,41.0,0.0,0.0,0.0,0.0,26.0,0,1.0000000000000004e-05,True,REGULAR,USD,Call,AAPL,271.3500061035156,0.2339447408966455,0.0038326883235936,2026-05-22,21,0.0575342465753424,0.8660401500427876,0.0,41.0,0.0,0.1339598499572124,0.035850000381469724,0.2339447408966455,hist_vol_fallback,call,OTM,36.350006103515625,4.649993896484375,False,Apple Inc.,Technology,2026-05-01
AAPL260522C00310000,2026-04-30 19:59:17+00:00,310.0,0.43,0.0,0.0,0.0,0.0,217.0,0,0.12500875,False,REGULAR,USD,Call,AAPL,271.3500061035156,0.2339447408966455,0.0038326883235936,2026-05-22,21,0.0575342465753424,1.1424359426096349,0.0,0.43,0.0,0.1424359426096346,0.035850000381469724,0.12500875,market_iv,call,ITM,0.0,0.43,False,Apple Inc.,Technology,2026-05-01
AAPL260522P00270000,2026-04-30 19:59:20+00:00,270.0,7.16,0.0,0.0,0.0,0.0,671.0,0,0.007822421875,False,REGULAR,USD,Put,AAPL,271.3500061035156,0.2339447408966455,0.0038326883235936,2026-05-22,21,0.0575342465753424,0.9950248532406496,0.0,7.16,0.0,0.0049751467593504,0.035850000381469724,0.2339447408966455,hist_vol_fallback,put,ATM,0.0,7.16,True,Apple Inc.,Technology,2026-05-01
AAPL260522P00275000,2026-04-30 19:52:10+00:00,275.0,7.89,0.0,0.0,0.0,0.0,131.0,0,1.0000000000000004e-05,True,REGULAR,USD,Put,AAPL,271.3500061035156,0.2339447408966455,0.0038326883235936,2026-05-22,21,0.0575342465753424,1.0134512394117727,0.0,7.89,0.0,0.0134512394117727,0.035850000381469724,0.2339447408966455,hist_vol_fallback,put,ATM,3.649993896484375,4.240006103515625,True,Apple Inc.,Technology,2026-05-01
AAPL260522P00265000,2026-04-30 19:59:55+00:00,265.0,5.16,0.0,0.0,0.0,0.0,338.0,0,0.0312596875,False,REGULAR,USD,Put,AAPL,271.3500061035156,0.2339447408966455,0.0038326883235936,2026-05-22,21,0.0575342465753424,0.9765984670695264,0.0,5.16,0.0,0.0234015329304735,0.035850000381469724,0.0312596875,market_iv,put,ATM,0.0,5.16,True,Apple Inc.,Technology,2026-05-01
AAPL260522P00280000,2026-04-30 19:21:18+00:00,280.0,11.06,0.0,0.0,0.0,0.0,13.0,0,1.0000000000000004e-05,True,REGULAR,USD,Put,AAPL,271.3500061035156,0.2339447408966455,0.0038326883235936,2026-05-22,21,0.0575342465753424,1.031877625582896,0.0,11.06,0.0,0.0318776255828958,0.035850000381469724,0.2339447408966455,hist_vol_fallback,put,OTM,8.649993896484375,2.4100061035156255,True,Apple Inc.,Technology,2026-05-01
AAPL260522P00260000,2026-04-30 19:58:03+00:00,260.0,3.9,0.0,0.0,0.0,0.0,159.0,0,0.0312596875,False,REGULAR,USD,Put,AAPL,271.3500061035156,0.2339447408966455,0.0038326883235936,2026-05-22,21,0.0575342465753424,0.9581720808984032,0.0,3.9,0.0,0.0418279191015966,0.035850000381469724,0.0312596875,market_iv,put,ITM,0.0,3.9,True,Apple Inc.,Technology,2026-05-01
AAPL260522P00285000,2026-04-30 18:55:48+00:00,285.0,15.0,0.0,0.0,0.0,0.0,300.0,0,1.0000000000000004e-05,True,REGULAR,USD,Put,AAPL,271.3500061035156,0.2339447408966455,0.0038326883235936,2026-05-22,21,0.0575342465753424,1.050304011754019,0.0,15.0,0.0,0.0503040117540189,0.035850000381469724,0.2339447408966455,hist_vol_fallback,put,OTM,13.649993896484375,1.350006103515625,True,Apple Inc.,Technology,2026-05-01
AAPL260522P00255000,2026-04-30 19:59:13+00:00,255.0,2.51,0.0,0.0,0.0,0.0,276.0,0,0.062509375,False,REGULAR,USD,Put,AAPL,271.3500061035156,0.2339447408966455,0.0038326883235936,2026-05-22,21,0.0575342465753424,0.9397456947272802,0.0,2.51,0.0,0.0602543052727198,0.035850000381469724,0.062509375,market_iv,put,ITM,0.0,2.51,True,Apple Inc.,Technology,2026-05-01
AAPL260522P00290000,2026-04-28 14:43:08+00:00,290.0,20.55,0.0,0.0,0.0,0.0,10.0,0,1.0000000000000004e-05,True,REGULAR,USD,Put,AAPL,271.3500061035156,0.2339447408966455,0.0038326883235936,2026-05-22,21,0.0575342465753424,1.068730397925142,0.0,20.55,0.0,0.0687303979251421,0.035850000381469724,0.2339447408966455,hist_vol_fallback,put,OTM,18.649993896484375,1.9000061035156257,True,Apple Inc.,Technology,2026-05-01
AAPL260522P00250000,2026-04-30 19:59:24+00:00,250.0,1.73,0.0,0.0,0.0,0.0,695.0,0,0.062509375,False,REGULAR,USD,Put,AAPL,271.3500061035156,0.2339447408966455,0.0038326883235936,2026-05-22,21,0.0575342465753424,0.921319308556157,0.0,1.73,0.0,0.078680691443843,0.035850000381469724,0.062509375,market_iv,put,ITM,0.0,1.73,True,Apple Inc.,Technology,2026-05-01
AAPL260522P00245000,2026-04-30 19:58:15+00:00,245.0,1.35,0.0,0.0,0.0,0.0,401.0,0,0.12500875,False,REGULAR,USD,Put,AAPL,271.3500061035156,0.2339447408966455,0.0038326883235936,2026-05-22,21,0.0575342465753424,0.9028929223850338,0.0,1.35,0.0,0.0971070776149661,0.035850000381469724,0.12500875,market_iv,put,ITM,0.0,1.35,True,Apple Inc.,Technology,2026-05-01
AAPL260522P00300000,2026-04-27 18:42:23+00:00,300.0,34.0,0.0,0.0,0.0,0.0,5.0,0,1.0000000000000004e-05,True,REGULAR,USD,Put,AAPL,271.3500061035156,0.2339447408966455,0.0038326883235936,2026-05-22,21,0.0575342465753424,1.1055831702673884,0.0,34.0,0.0,0.1055831702673884,0.035850000381469724,0.2339447408966455,hist_vol_fallback,put,OTM,28.649993896484375,5.350006103515625,True,Apple Inc.,Technology,2026-05-01
AAPL260522P00240000,2026-04-30 19:57:53+00:00,240.0,0.96,0.0,0.0,0.0,0.0,259.0,0,0.12500875,False,REGULAR,USD,Put,AAPL,271.3500061035156,0.2339447408966455,0.0038326883235936,2026-05-22,21,0.0575342465753424,0.8844665362139107,0.0,0.96,0.0,0.1155334637860893,0.035850000381469724,0.12500875,market_iv,put,ITM,0.0,0.96,True,Apple Inc.,Technology,2026-05-01
AAPL260522P00305000,2026-04-24 13:59:40+00:00,305.0,33.75,0.0,0.0,0.0,0.0,1.0,0,1.0000000000000004e-05,True,REGULAR,USD,Put,AAPL,271.3500061035156,0.2339447408966455,0.0038326883235936,2026-05-22,21,0.0575342465753424,1.1240095564385115,0.0,33.75,0.0,0.1240095564385115,0.035850000381469724,0.2339447408966455,hist_vol_fallback,put,OTM,33.649993896484375,0.100006103515625,True,Apple Inc.,Technology,2026-05-01
AAPL260522P00235000,2026-04-30 19:55:00+00:00,235.0,0.58,0.0,0.0,0.0,0.0,440.0,0,0.12500875,False,REGULAR,USD,Put,AAPL,271.3500061035156,0.2339447408966455,0.0038326883235936,2026-05-22,21,0.0575342465753424,0.8660401500427876,0.0,0.58,0.0,0.1339598499572124,0.035850000381469724,0.12500875,market_iv,put,ITM,0.0,0.58,True,Apple Inc.,Technology,2026-05-01
AAPL260529C00270000,2026-04-30 19:59:20+00:00,270.0,9.85,0.0,0.0,0.0,0.0,384.0,0,1.0000000000000004e-05,True,REGULAR,USD,Call,AAPL,271.3500061035156,0.2339447408966455,0.0038326883235936,2026-05-29,28,0.0767123287671232,0.9950248532406496,0.0,9.85,0.0,0.0049751467593504,0.035850000381469724,0.2339447408966455,hist_vol_fallback,call,ATM,1.350006103515625,8.499993896484375,False,Apple Inc.,Technology,2026-05-01
AAPL260529C00275000,2026-04-30 19:59:59+00:00,275.0,7.28,0.0,0.0,0.0,0.0,825.0,0,0.01563484375,False,REGULAR,USD,Call,AAPL,271.3500061035156,0.2339447408966455,0.0038326883235936,2026-05-29,28,0.0767123287671232,1.0134512394117727,0.0,7.28,0.0,0.0134512394117727,0.035850000381469724,0.01563484375,market_iv,call,ATM,0.0,7.28,False,Apple Inc.,Technology,2026-05-01
AAPL260529C00265000,2026-04-30 19:58:53+00:00,265.0,12.5,0.0,0.0,0.0,0.0,1091.0,0,1.0000000000000004e-05,True,REGULAR,USD,Call,AAPL,271.3500061035156,0.2339447408966455,0.0038326883235936,2026-05-29,28,0.0767123287671232,0.9765984670695264,0.0,12.5,0.0,0.0234015329304735,0.035850000381469724,0.2339447408966455,hist_vol_fallback,call,ATM,6.350006103515625,6.149993896484375,False,Apple Inc.,Technology,2026-05-01
AAPL260529C00280000,2026-04-30 19:59:59+00:00,280.0,5.25,0.0,0.0,0.0,0.0,691.0,0,0.0312596875,False,REGULAR,USD,Call,AAPL,271.3500061035156,0.2339447408966455,0.0038326883235936,2026-05-29,28,0.0767123287671232,1.031877625582896,0.0,5.25,0.0,0.0318776255828958,0.035850000381469724,0.0312596875,market_iv,call,ITM,0.0,5.25,False,Apple Inc.,Technology,2026-05-01
AAPL260529C00260000,2026-04-30 19:54:50+00:00,260.0,17.1,0.0,0.0,0.0,0.0,213.0,0,1.0000000000000004e-05,True,REGULAR,USD,Call,AAPL,271.3500061035156,0.2339447408966455,0.0038326883235936,2026-05-29,28,0.0767123287671232,0.9581720808984032,0.0,17.1,0.0,0.0418279191015966,0.035850000381469724,0.2339447408966455,hist_vol_fallback,call,OTM,11.350006103515625,5.749993896484376,False,Apple Inc.,Technology,2026-05-01
AAPL260529C00285000,2026-04-30 19:59:44+00:00,285.0,3.9,0.0,0.0,0.0,0.0,612.0,0,0.0312596875,False,REGULAR,USD,Call,AAPL,271.3500061035156,0.2339447408966455,0.0038326883235936,2026-05-29,28,0.0767123287671232,1.050304011754019,0.0,3.9,0.0,0.0503040117540189,0.035850000381469724,0.0312596875,market_iv,call,ITM,0.0,3.9,False,Apple Inc.,Technology,2026-05-01
AAPL260529C00255000,2026-04-30 19:55:20+00:00,255.0,20.5,0.0,0.0,0.0,0.0,47.0,0,1.0000000000000004e-05,True,REGULAR,USD,Call,AAPL,271.3500061035156,0.2339447408966455,0.0038326883235936,2026-05-29,28,0.0767123287671232,0.9397456947272802,0.0,20.5,0.0,0.0602543052727198,0.035850000381469724,0.2339447408966455,hist_vol_fallback,call,OTM,16.350006103515625,4.149993896484375,False,Apple Inc.,Technology,2026-05-01
AAPL260529C00290000,2026-04-30 19:59:58+00:00,290.0,2.63,0.0,0.0,0.0,0.0,687.0,0,0.062509375,False,REGULAR,USD,Call,AAPL,271.3500061035156,0.2339447408966455,0.0038326883235936,2026-05-29,28,0.0767123287671232,1.068730397925142,0.0,2.63,0.0,0.0687303979251421,0.035850000381469724,0.062509375,market_iv,call,ITM,0.0,2.63,False,Apple Inc.,Technology,2026-05-01
AAPL260529C00250000,2026-04-30 18:54:46+00:00,250.0,25.45,0.0,0.0,0.0,0.0,6.0,0,1.0000000000000004e-05,True,REGULAR,USD,Call,AAPL,271.3500061035156,0.2339447408966455,0.0038326883235936,2026-05-29,28,0.0767123287671232,0.921319308556157,0.0,25.45,0.0,0.078680691443843,0.035850000381469724,0.2339447408966455,hist_vol_fallback,call,OTM,21.350006103515625,4.099993896484374,False,Apple Inc.,Technology,2026-05-01
AAPL260529C00295000,2026-04-30 19:58:36+00:00,295.0,1.7,0.0,0.0,0.0,0.0,205.0,0,0.062509375,False,REGULAR,USD,Call,AAPL,271.3500061035156,0.2339447408966455,0.0038326883235936,2026-05-29,28,0.0767123287671232,1.0871567840962653,0.0,1.7,0.0,0.0871567840962652,0.035850000381469724,0.062509375,market_iv,call,ITM,0.0,1.7,False,Apple Inc.,Technology,2026-05-01
AAPL260529C00245000,2026-04-28 13:30:02+00:00,245.0,29.44,0.0,0.0,0.0,0.0,1.0,0,1.0000000000000004e-05,True,REGULAR,USD,Call,AAPL,271.3500061035156,0.2339447408966455,0.0038326883235936,2026-05-29,28,0.0767123287671232,0.9028929223850338,0.0,29.44,0.0,0.0971070776149661,0.035850000381469724,0.2339447408966455,hist_vol_fallback,call,OTM,26.350006103515625,3.0899938964843763,False,Apple Inc.,Technology,2026-05-01
AAPL260529C00300000,2026-04-30 19:59:57+00:00,300.0,1.4,0.0,0.0,0.0,0.0,3085.0,0,0.062509375,False,REGULAR,USD,Call,AAPL,271.3500061035156,0.2339447408966455,0.0038326883235936,2026-05-29,28,0.0767123287671232,1.1055831702673884,0.0,1.4,0.0,0.1055831702673884,0.035850000381469724,0.062509375,market_iv,call,ITM,0.0,1.4,False,Apple Inc.,Technology,2026-05-01
AAPL260529C00240000,2026-04-30 19:59:51+00:00,240.0,34.0,0.0,0.0,0.0,0.0,23.0,0,1.0000000000000004e-05,True,REGULAR,USD,Call,AAPL,271.3500061035156,0.2339447408966455,0.0038326883235936,2026-05-29,28,0.0767123287671232,0.8844665362139107,0.0,34.0,0.0,0.1155334637860893,0.035850000381469724,0.2339447408966455,hist_vol_fallback,call,OTM,31.350006103515625,2.649993896484375,False,Apple Inc.,Technology,2026-05-01
AAPL260529C00305000,2026-04-30 19:58:34+00:00,305.0,0.85,0.0,0.0,0.0,0.0,671.0,0,0.062509375,False,REGULAR,USD,Call,AAPL,271.3500061035156,0.2339447408966455,0.0038326883235936,2026-05-29,28,0.0767123287671232,1.1240095564385115,0.0,0.85,0.0,0.1240095564385115,0.035850000381469724,0.062509375,market_iv,call,ITM,0.0,0.85,False,Apple Inc.,Technology,2026-05-01
AAPL260529C00235000,2026-04-30 19:06:44+00:00,235.0,39.91,0.0,0.0,0.0,0.0,26.0,0,1.0000000000000004e-05,True,REGULAR,USD,Call,AAPL,271.3500061035156,0.2339447408966455,0.0038326883235936,2026-05-29,28,0.0767123287671232,0.8660401500427876,0.0,39.91,0.0,0.1339598499572124,0.035850000381469724,0.2339447408966455,hist_vol_fallback,call,OTM,36.350006103515625,3.5599938964843716,False,Apple Inc.,Technology,2026-05-01
AAPL260529C00310000,2026-04-30 19:56:34+00:00,310.0,0.6,0.0,0.0,0.0,0.0,655.0,0,0.12500875,False,REGULAR,USD,Call,AAPL,271.3500061035156,0.2339447408966455,0.0038326883235936,2026-05-29,28,0.0767123287671232,1.1424359426096349,0.0,0.6,0.0,0.1424359426096346,0.035850000381469724,0.12500875,market_iv,call,ITM,0.0,0.6,False,Apple Inc.,Technology,2026-05-01
AAPL260529P00270000,2026-04-30 19:59:59+00:00,270.0,8.0,0.0,0.0,0.0,0.0,437.0,0,0.0039162109375,False,REGULAR,USD,Put,AAPL,271.3500061035156,0.2339447408966455,0.0038326883235936,2026-05-29,28,0.0767123287671232,0.9950248532406496,0.0,8.0,0.0,0.0049751467593504,0.035850000381469724,0.2339447408966455,hist_vol_fallback,put,ATM,0.0,8.0,True,Apple Inc.,Technology,2026-05-01
AAPL260529P00275000,2026-04-30 19:58:59+00:00,275.0,10.67,0.0,0.0,0.0,0.0,495.0,0,1.0000000000000004e-05,True,REGULAR,USD,Put,AAPL,271.3500061035156,0.2339447408966455,0.0038326883235936,2026-05-29,28,0.0767123287671232,1.0134512394117727,0.0,10.67,0.0,0.0134512394117727,0.035850000381469724,0.2339447408966455,hist_vol_fallback,put,ATM,3.649993896484375,7.020006103515625,True,Apple Inc.,Technology,2026-05-01
AAPL260529P00265000,2026-04-30 19:59:57+00:00,265.0,5.8,0.0,0.0,0.0,0.0,129.0,0,0.01563484375,False,REGULAR,USD,Put,AAPL,271.3500061035156,0.2339447408966455,0.0038326883235936,2026-05-29,28,0.0767123287671232,0.9765984670695264,0.0,5.8,0.0,0.0234015329304735,0.035850000381469724,0.01563484375,market_iv,put,ATM,0.0,5.8,True,Apple Inc.,Technology,2026-05-01
AAPL260529P00280000,2026-04-30 19:58:59+00:00,280.0,13.84,0.0,0.0,0.0,0.0,211.0,0,1.0000000000000004e-05,True,REGULAR,USD,Put,AAPL,271.3500061035156,0.2339447408966455,0.0038326883235936,2026-05-29,28,0.0767123287671232,1.031877625582896,0.0,13.84,0.0,0.0318776255828958,0.035850000381469724,0.2339447408966455,hist_vol_fallback,put,OTM,8.649993896484375,5.190006103515625,True,Apple Inc.,Technology,2026-05-01
AAPL260529P00260000,2026-04-30 19:59:15+00:00,260.0,4.18,0.0,0.0,0.0,0.0,249.0,0,0.0312596875,False,REGULAR,USD,Put,AAPL,271.3500061035156,0.2339447408966455,0.0038326883235936,2026-05-29,28,0.0767123287671232,0.9581720808984032,0.0,4.18,0.0,0.0418279191015966,0.035850000381469724,0.0312596875,market_iv,put,ITM,0.0,4.18,True,Apple Inc.,Technology,2026-05-01
AAPL260529P00285000,2026-04-30 19:55:03+00:00,285.0,15.65,0.0,0.0,0.0,0.0,2.0,0,1.0000000000000004e-05,True,REGULAR,USD,Put,AAPL,271.3500061035156,0.2339447408966455,0.0038326883235936,2026-05-29,28,0.0767123287671232,1.050304011754019,0.0,15.65,0.0,0.0503040117540189,0.035850000381469724,0.2339447408966455,hist_vol_fallback,put,OTM,13.649993896484375,2.0000061035156254,True,Apple Inc.,Technology,2026-05-01
AAPL260529P00255000,2026-04-30 19:59:53+00:00,255.0,3.05,0.0,0.0,0.0,0.0,321.0,0,0.062509375,False,REGULAR,USD,Put,AAPL,271.3500061035156,0.2339447408966455,0.0038326883235936,2026-05-29,28,0.0767123287671232,0.9397456947272802,0.0,3.05,0.0,0.0602543052727198,0.035850000381469724,0.062509375,market_iv,put,ITM,0.0,3.05,True,Apple Inc.,Technology,2026-05-01
AAPL260529P00290000,2026-04-30 19:45:37+00:00,290.0,18.12,0.0,0.0,0.0,0.0,3.0,0,1.0000000000000004e-05,True,REGULAR,USD,Put,AAPL,271.3500061035156,0.2339447408966455,0.0038326883235936,2026-05-29,28,0.0767123287671232,1.068730397925142,0.0,18.12,0.0,0.0687303979251421,0.035850000381469724,0.2339447408966455,hist_vol_fallback,put,OTM,18.649993896484375,0.0,True,Apple Inc.,Technology,2026-05-01
AAPL260529P00250000,2026-04-30 19:59:56+00:00,250.0,2.23,0.0,0.0,0.0,0.0,589.0,0,0.062509375,False,REGULAR,USD,Put,AAPL,271.3500061035156,0.2339447408966455,0.0038326883235936,2026-05-29,28,0.0767123287671232,0.921319308556157,0.0,2.23,0.0,0.078680691443843,0.035850000381469724,0.062509375,market_iv,put,ITM,0.0,2.23,True,Apple Inc.,Technology,2026-05-01
AAPL260529P00245000,2026-04-30 19:57:34+00:00,245.0,1.58,0.0,0.0,0.0,0.0,247.0,0,0.062509375,False,REGULAR,USD,Put,AAPL,271.3500061035156,0.2339447408966455,0.0038326883235936,2026-05-29,28,0.0767123287671232,0.9028929223850338,0.0,1.58,0.0,0.0971070776149661,0.035850000381469724,0.062509375,market_iv,put,ITM,0.0,1.58,True,Apple Inc.,Technology,2026-05-01
AAPL260529P00240000,2026-04-30 19:59:33+00:00,240.0,1.15,0.0,0.0,0.0,0.0,205.0,0,0.12500875,False,REGULAR,USD,Put,AAPL,271.3500061035156,0.2339447408966455,0.0038326883235936,2026-05-29,28,0.0767123287671232,0.8844665362139107,0.0,1.15,0.0,0.1155334637860893,0.035850000381469724,0.12500875,market_iv,put,ITM,0.0,1.15,True,Apple Inc.,Technology,2026-05-01
AAPL260529P00235000,2026-04-30 19:55:00+00:00,235.0,0.82,0.0,0.0,0.0,0.0,283.0,0,0.12500875,False,REGULAR,USD,Put,AAPL,271.3500061035156,0.2339447408966455,0.0038326883235936,2026-05-29,28,0.0767123287671232,0.8660401500427876,0.0,0.82,0.0,0.1339598499572124,0.035850000381469724,0.12500875,market_iv,put,ITM,0.0,0.82,True,Apple Inc.,Technology,2026-05-01
AAPL260529P00310000,2026-04-27 19:50:02+00:00,310.0,42.0,0.0,0.0,0.0,0.0,1.0,0,1.0000000000000004e-05,True,REGULAR,USD,Put,AAPL,271.3500061035156,0.2339447408966455,0.0038326883235936,2026-05-29,28,0.0767123287671232,1.1424359426096349,0.0,42.0,0.0,0.1424359426096346,0.035850000381469724,0.2339447408966455,hist_vol_fallback,put,OTM,38.649993896484375,3.350006103515625,True,Apple Inc.,Technology,2026-05-01
AAPL260605C00270000,2026-04-30 19:59:29+00:00,270.0,10.7,0.0,0.0,0.0,0.0,2566.0,0,1.0000000000000004e-05,True,REGULAR,USD,Call,AAPL,271.3500061035156,0.2339447408966455,0.0038326883235936,2026-06-05,35,0.0958904109589041,0.9950248532406496,0.0,10.7,0.0,0.0049751467593504,0.035850000381469724,0.2339447408966455,hist_vol_fallback,call,ATM,1.350006103515625,9.349993896484374,False,Apple Inc.,Technology,2026-05-01
AAPL260605C00275000,2026-04-30 19:58:17+00:00,275.0,7.8,0.0,0.0,0.0,0.0,412.0,0,0.007822421875,False,REGULAR,USD,Call,AAPL,271.3500061035156,0.2339447408966455,0.0038326883235936,2026-06-05,35,0.0958904109589041,1.0134512394117727,0.0,7.8,0.0,0.0134512394117727,0.035850000381469724,0.2339447408966455,hist_vol_fallback,call,ATM,0.0,7.8,False,Apple Inc.,Technology,2026-05-01
AAPL260605C00265000,2026-04-30 19:54:51+00:00,265.0,14.0,0.0,0.0,0.0,0.0,69.0,0,1.0000000000000004e-05,True,REGULAR,USD,Call,AAPL,271.3500061035156,0.2339447408966455,0.0038326883235936,2026-06-05,35,0.0958904109589041,0.9765984670695264,0.0,14.0,0.0,0.0234015329304735,0.035850000381469724,0.2339447408966455,hist_vol_fallback,call,ATM,6.350006103515625,7.649993896484375,False,Apple Inc.,Technology,2026-05-01
AAPL260605C00280000,2026-04-30 19:58:49+00:00,280.0,5.81,0.0,0.0,0.0,0.0,171.0,0,0.0312596875,False,REGULAR,USD,Call,AAPL,271.3500061035156,0.2339447408966455,0.0038326883235936,2026-06-05,35,0.0958904109589041,1.031877625582896,0.0,5.81,0.0,0.0318776255828958,0.035850000381469724,0.0312596875,market_iv,call,ITM,0.0,5.81,False,Apple Inc.,Technology,2026-05-01
AAPL260605C00260000,2026-04-30 19:58:08+00:00,260.0,16.38,0.0,0.0,0.0,0.0,6.0,0,1.0000000000000004e-05,True,REGULAR,USD,Call,AAPL,271.3500061035156,0.2339447408966455,0.0038326883235936,2026-06-05,35,0.0958904109589041,0.9581720808984032,0.0,16.38,0.0,0.0418279191015966,0.035850000381469724,0.2339447408966455,hist_vol_fallback,call,OTM,11.350006103515625,5.029993896484374,False,Apple Inc.,Technology,2026-05-01
AAPL260605C00285000,2026-04-30 19:57:07+00:00,285.0,4.4,0.0,0.0,0.0,0.0,183.0,0,0.0312596875,False,REGULAR,USD,Call,AAPL,271.3500061035156,0.2339447408966455,0.0038326883235936,2026-06-05,35,0.0958904109589041,1.050304011754019,0.0,4.4,0.0,0.0503040117540189,0.035850000381469724,0.0312596875,market_iv,call,ITM,0.0,4.4,False,Apple Inc.,Technology,2026-05-01
AAPL260605C00255000,2026-04-30 19:56:00+00:00,255.0,21.0,0.0,0.0,0.0,0.0,48.0,0,1.0000000000000004e-05,True,REGULAR,USD,Call,AAPL,271.3500061035156,0.2339447408966455,0.0038326883235936,2026-06-05,35,0.0958904109589041,0.9397456947272802,0.0,21.0,0.0,0.0602543052727198,0.035850000381469724,0.2339447408966455,hist_vol_fallback,call,OTM,16.350006103515625,4.649993896484375,False,Apple Inc.,Technology,2026-05-01
AAPL260605C00290000,2026-04-30 19:57:47+00:00,290.0,2.81,0.0,0.0,0.0,0.0,526.0,0,0.062509375,False,REGULAR,USD,Call,AAPL,271.3500061035156,0.2339447408966455,0.0038326883235936,2026-06-05,35,0.0958904109589041,1.068730397925142,0.0,2.81,0.0,0.0687303979251421,0.035850000381469724,0.062509375,market_iv,call,ITM,0.0,2.81,False,Apple Inc.,Technology,2026-05-01
AAPL260605C00250000,2026-04-30 19:59:19+00:00,250.0,24.95,0.0,0.0,0.0,0.0,6.0,0,1.0000000000000004e-05,True,REGULAR,USD,Call,AAPL,271.3500061035156,0.2339447408966455,0.0038326883235936,2026-06-05,35,0.0958904109589041,0.921319308556157,0.0,24.95,0.0,0.078680691443843,0.035850000381469724,0.2339447408966455,hist_vol_fallback,call,OTM,21.350006103515625,3.5999938964843743,False,Apple Inc.,Technology,2026-05-01
AAPL260605C00295000,2026-04-30 19:58:40+00:00,295.0,2.1,0.0,0.0,0.0,0.0,148.0,0,0.062509375,False,REGULAR,USD,Call,AAPL,271.3500061035156,0.2339447408966455,0.0038326883235936,2026-06-05,35,0.0958904109589041,1.0871567840962653,0.0,2.1,0.0,0.0871567840962652,0.035850000381469724,0.062509375,market_iv,call,ITM,0.0,2.1,False,Apple Inc.,Technology,2026-05-01
AAPL260605C00245000,2026-04-30 19:41:18+00:00,245.0,30.67,0.0,0.0,0.0,0.0,8.0,0,1.0000000000000004e-05,True,REGULAR,USD,Call,AAPL,271.3500061035156,0.2339447408966455,0.0038326883235936,2026-06-05,35,0.0958904109589041,0.9028929223850338,0.0,30.67,0.0,0.0971070776149661,0.035850000381469724,0.2339447408966455,hist_vol_fallback,call,OTM,26.350006103515625,4.319993896484377,False,Apple Inc.,Technology,2026-05-01
AAPL260605C00300000,2026-04-30 19:59:55+00:00,300.0,1.62,0.0,0.0,0.0,0.0,1094.0,0,0.062509375,False,REGULAR,USD,Call,AAPL,271.3500061035156,0.2339447408966455,0.0038326883235936,2026-06-05,35,0.0958904109589041,1.1055831702673884,0.0,1.62,0.0,0.1055831702673884,0.035850000381469724,0.062509375,market_iv,call,ITM,0.0,1.62,False,Apple Inc.,Technology,2026-05-01
AAPL260605C00240000,2026-04-30 19:59:22+00:00,240.0,35.1,0.0,0.0,0.0,0.0,22.0,0,1.0000000000000004e-05,True,REGULAR,USD,Call,AAPL,271.3500061035156,0.2339447408966455,0.0038326883235936,2026-06-05,35,0.0958904109589041,0.8844665362139107,0.0,35.1,0.0,0.1155334637860893,0.035850000381469724,0.2339447408966455,hist_vol_fallback,call,OTM,31.350006103515625,3.7499938964843764,False,Apple Inc.,Technology,2026-05-01
AAPL260605C00305000,2026-04-30 19:59:38+00:00,305.0,1.16,0.0,0.0,0.0,0.0,47.0,0,0.062509375,False,REGULAR,USD,Call,AAPL,271.3500061035156,0.2339447408966455,0.0038326883235936,2026-06-05,35,0.0958904109589041,1.1240095564385115,0.0,1.16,0.0,0.1240095564385115,0.035850000381469724,0.062509375,market_iv,call,ITM,0.0,1.16,False,Apple Inc.,Technology,2026-05-01
AAPL260605C00310000,2026-04-30 19:59:38+00:00,310.0,0.84,0.0,0.0,0.0,0.0,538.0,0,0.062509375,False,REGULAR,USD,Call,AAPL,271.3500061035156,0.2339447408966455,0.0038326883235936,2026-06-05,35,0.0958904109589041,1.1424359426096349,0.0,0.84,0.0,0.1424359426096346,0.035850000381469724,0.062509375,market_iv,call,ITM,0.0,0.84,False,Apple Inc.,Technology,2026-05-01
AAPL260605P00270000,2026-04-30 19:58:12+00:00,270.0,8.63,0.0,0.0,0.0,0.0,73.0,0,0.0039162109375,False,REGULAR,USD,Put,AAPL,271.3500061035156,0.2339447408966455,0.0038326883235936,2026-06-05,35,0.0958904109589041,0.9950248532406496,0.0,8.63,0.0,0.0049751467593504,0.035850000381469724,0.2339447408966455,hist_vol_fallback,put,ATM,0.0,8.63,True,Apple Inc.,Technology,2026-05-01
AAPL260605P00275000,2026-04-30 19:58:40+00:00,275.0,11.2,0.0,0.0,0.0,0.0,308.0,0,1.0000000000000004e-05,True,REGULAR,USD,Put,AAPL,271.3500061035156,0.2339447408966455,0.0038326883235936,2026-06-05,35,0.0958904109589041,1.0134512394117727,0.0,11.2,0.0,0.0134512394117727,0.035850000381469724,0.2339447408966455,hist_vol_fallback,put,ATM,3.649993896484375,7.550006103515624,True,Apple Inc.,Technology,2026-05-01
AAPL260605P00265000,2026-04-30 19:57:14+00:00,265.0,6.2,0.0,0.0,0.0,0.0,29.0,0,0.01563484375,False,REGULAR,USD,Put,AAPL,271.3500061035156,0.2339447408966455,0.0038326883235936,2026-06-05,35,0.0958904109589041,0.9765984670695264,0.0,6.2,0.0,0.0234015329304735,0.035850000381469724,0.01563484375,market_iv,put,ATM,0.0,6.2,True,Apple Inc.,Technology,2026-05-01
AAPL260605P00280000,2026-04-29 14:19:04+00:00,280.0,14.9,0.0,0.0,0.0,0.0,1.0,0,1.0000000000000004e-05,True,REGULAR,USD,Put,AAPL,271.3500061035156,0.2339447408966455,0.0038326883235936,2026-06-05,35,0.0958904109589041,1.031877625582896,0.0,14.9,0.0,0.0318776255828958,0.035850000381469724,0.2339447408966455,hist_vol_fallback,put,OTM,8.649993896484375,6.250006103515625,True,Apple Inc.,Technology,2026-05-01
AAPL260605P00260000,2026-04-30 19:58:51+00:00,260.0,4.83,0.0,0.0,0.0,0.0,102.0,0,0.0312596875,False,REGULAR,USD,Put,AAPL,271.3500061035156,0.2339447408966455,0.0038326883235936,2026-06-05,35,0.0958904109589041,0.9581720808984032,0.0,4.83,0.0,0.0418279191015966,0.035850000381469724,0.0312596875,market_iv,put,ITM,0.0,4.83,True,Apple Inc.,Technology,2026-05-01
AAPL260605P00255000,2026-04-30 19:57:53+00:00,255.0,3.7,0.0,0.0,0.0,0.0,222.0,0,0.0312596875,False,REGULAR,USD,Put,AAPL,271.3500061035156,0.2339447408966455,0.0038326883235936,2026-06-05,35,0.0958904109589041,0.9397456947272802,0.0,3.7,0.0,0.0602543052727198,0.035850000381469724,0.0312596875,market_iv,put,ITM,0.0,3.7,True,Apple Inc.,Technology,2026-05-01
AAPL260605P00250000,2026-04-30 19:57:23+00:00,250.0,2.6,0.0,0.0,0.0,0.0,79.0,0,0.062509375,False,REGULAR,USD,Put,AAPL,271.3500061035156,0.2339447408966455,0.0038326883235936,2026-06-05,35,0.0958904109589041,0.921319308556157,0.0,2.6,0.0,0.078680691443843,0.035850000381469724,0.062509375,market_iv,put,ITM,0.0,2.6,True,Apple Inc.,Technology,2026-05-01
AAPL260605P00245000,2026-04-30 19:56:54+00:00,245.0,1.91,0.0,0.0,0.0,0.0,77.0,0,0.062509375,False,REGULAR,USD,Put,AAPL,271.3500061035156,0.2339447408966455,0.0038326883235936,2026-06-05,35,0.0958904109589041,0.9028929223850338,0.0,1.91,0.0,0.0971070776149661,0.035850000381469724,0.062509375,market_iv,put,ITM,0.0,1.91,True,Apple Inc.,Technology,2026-05-01
AAPL260605P00240000,2026-04-30 19:59:39+00:00,240.0,1.35,0.0,0.0,0.0,0.0,293.0,0,0.062509375,False,REGULAR,USD,Put,AAPL,271.3500061035156,0.2339447408966455,0.0038326883235936,2026-06-05,35,0.0958904109589041,0.8844665362139107,0.0,1.35,0.0,0.1155334637860893,0.035850000381469724,0.062509375,market_iv,put,ITM,0.0,1.35,True,Apple Inc.,Technology,2026-05-01
AAPL260605P00235000,2026-04-30 19:58:06+00:00,235.0,1.15,0.0,0.0,0.0,0.0,107.0,0,0.12500875,False,REGULAR,USD,Put,AAPL,271.3500061035156,0.2339447408966455,0.0038326883235936,2026-06-05,35,0.0958904109589041,0.8660401500427876,0.0,1.15,0.0,0.1339598499572124,0.035850000381469724,0.12500875,market_iv,put,ITM,0.0,1.15,True,Apple Inc.,Technology,2026-05-01
MSFT260522C00410000,2026-04-30 19:59:42+00:00,410.0,10.75,0.0,0.0,0.0,0.0,1093.0,0,0.007822421875,False,REGULAR,USD,Call,MSFT,407.7799987792969,0.2391426453723407,0.0085340134641657,2026-05-22,21,0.0575342465753424,1.0054441150310187,0.0,10.75,0.0,0.0054441150310187,0.035850000381469724,0.2391426453723407,hist_vol_fallback,call,ATM,0.0,10.75,False,Microsoft Corp.,Technology,2026-05-01
MSFT260522C00405000,2026-04-30 19:59:56+00:00,405.0,13.5,0.0,0.0,0.0,0.0,650.0,0,1.0000000000000004e-05,True,REGULAR,USD,Call,MSFT,407.7799987792969,0.2391426453723407,0.0085340134641657,2026-05-22,21,0.0575342465753424,0.9931826014330792,0.0,13.5,0.0,0.0068173985669206,0.035850000381469724,0.2391426453723407,hist_vol_fallback,call,ATM,2.779998779296875,10.720001220703125,False,Microsoft Corp.,Technology,2026-05-01
MSFT260522C00415000,2026-04-30 19:49:14+00:00,415.0,8.68,0.0,0.0,0.0,0.0,305.0,0,0.01563484375,False,REGULAR,USD,Call,MSFT,407.7799987792969,0.2391426453723407,0.0085340134641657,2026-05-22,21,0.0575342465753424,1.017705628628958,0.0,8.68,0.0,0.0177056286289578,0.035850000381469724,0.01563484375,market_iv,call,ATM,0.0,8.68,False,Microsoft Corp.,Technology,2026-05-01
MSFT260522C00400000,2026-04-30 19:56:32+00:00,400.0,17.2,0.0,0.0,0.0,0.0,465.0,0,1.0000000000000004e-05,True,REGULAR,USD,Call,MSFT,407.7799987792969,0.2391426453723407,0.0085340134641657,2026-05-22,21,0.0575342465753424,0.98092108783514,0.0,17.2,0.0,0.0190789121648599,0.035850000381469724,0.2391426453723407,hist_vol_fallback,call,ATM,7.779998779296875,9.420001220703124,False,Microsoft Corp.,Technology,2026-05-01
MSFT260522C00420000,2026-04-30 19:59:55+00:00,420.0,6.75,0.0,0.0,0.0,0.0,785.0,0,0.0312596875,False,REGULAR,USD,Call,MSFT,407.7799987792969,0.2391426453723407,0.0085340134641657,2026-05-22,21,0.0575342465753424,1.0299671422268972,0.0,6.75,0.0,0.0299671422268972,0.035850000381469724,0.0312596875,market_iv,call,ATM,0.0,6.75,False,Microsoft Corp.,Technology,2026-05-01
MSFT260522C00395000,2026-04-30 19:43:40+00:00,395.0,20.5,0.0,0.0,0.0,0.0,100.0,0,1.0000000000000004e-05,True,REGULAR,USD,Call,MSFT,407.7799987792969,0.2391426453723407,0.0085340134641657,2026-05-22,21,0.0575342465753424,0.9686595742372008,0.0,20.5,0.0,0.0313404257627991,0.035850000381469724,0.2391426453723407,hist_vol_fallback,call,OTM,12.779998779296875,7.720001220703125,False,Microsoft Corp.,Technology,2026-05-01
MSFT260522C00425000,2026-04-30 19:58:27+00:00,425.0,5.3,0.0,0.0,0.0,0.0,942.0,0,0.0312596875,False,REGULAR,USD,Call,MSFT,407.7799987792969,0.2391426453723407,0.0085340134641657,2026-05-22,21,0.0575342465753424,1.0422286558248364,0.0,5.3,0.0,0.0422286558248363,0.035850000381469724,0.0312596875,market_iv,call,ITM,0.0,5.3,False,Microsoft Corp.,Technology,2026-05-01
MSFT260522C00390000,2026-04-30 19:55:00+00:00,390.0,24.05,0.0,0.0,0.0,0.0,93.0,0,1.0000000000000004e-05,True,REGULAR,USD,Call,MSFT,407.7799987792969,0.2391426453723407,0.0085340134641657,2026-05-22,21,0.0575342465753424,0.9563980606392616,0.0,24.05,0.0,0.0436019393607384,0.035850000381469724,0.2391426453723407,hist_vol_fallback,call,OTM,17.779998779296875,6.270001220703126,False,Microsoft Corp.,Technology,2026-05-01
MSFT260522C00430000,2026-04-30 19:58:16+00:00,430.0,4.3,0.0,0.0,0.0,0.0,571.0,0,0.062509375,False,REGULAR,USD,Call,MSFT,407.7799987792969,0.2391426453723407,0.0085340134641657,2026-05-22,21,0.0575342465753424,1.0544901694227755,0.0,4.3,0.0,0.0544901694227757,0.035850000381469724,0.062509375,market_iv,call,ITM,0.0,4.3,False,Microsoft Corp.,Technology,2026-05-01
MSFT260522C00385000,2026-04-30 18:20:31+00:00,385.0,24.43,0.0,0.0,0.0,0.0,12.0,0,1.0000000000000004e-05,True,REGULAR,USD,Call,MSFT,407.7799987792969,0.2391426453723407,0.0085340134641657,2026-05-22,21,0.0575342465753424,0.9441365470413224,0.0,24.43,0.0,0.0558634529586776,0.035850000381469724,0.2391426453723407,hist_vol_fallback,call,OTM,22.779998779296875,1.6500012207031247,False,Microsoft Corp.,Technology,2026-05-01
MSFT260522C00435000,2026-04-30 19:52:17+00:00,435.0,3.36,0.0,0.0,0.0,0.0,375.0,0,0.062509375,False,REGULAR,USD,Call,MSFT,407.7799987792969,0.2391426453723407,0.0085340134641657,2026-05-22,21,0.0575342465753424,1.0667516830207149,0.0,3.36,0.0,0.0667516830207148,0.035850000381469724,0.062509375,market_iv,call,ITM,0.0,3.36,False,Microsoft Corp.,Technology,2026-05-01
MSFT260522C00380000,2026-04-30 19:52:01+00:00,380.0,32.15,0.0,0.0,0.0,0.0,70.0,0,1.0000000000000004e-05,True,REGULAR,USD,Call,MSFT,407.7799987792969,0.2391426453723407,0.0085340134641657,2026-05-22,21,0.0575342465753424,0.9318750334433832,0.0,32.15,0.0,0.0681249665566169,0.035850000381469724,0.2391426453723407,hist_vol_fallback,call,OTM,27.779998779296875,4.370001220703124,False,Microsoft Corp.,Technology,2026-05-01
MSFT260522C00440000,2026-04-30 19:54:20+00:00,440.0,2.8,0.0,0.0,0.0,0.0,814.0,0,0.062509375,False,REGULAR,USD,Call,MSFT,407.7799987792969,0.2391426453723407,0.0085340134641657,2026-05-22,21,0.0575342465753424,1.079013196618654,0.0,2.8,0.0,0.079013196618654,0.035850000381469724,0.062509375,market_iv,call,ITM,0.0,2.8,False,Microsoft Corp.,Technology,2026-05-01
MSFT260522C00375000,2026-04-30 19:54:20+00:00,375.0,37.4,0.0,0.0,0.0,0.0,15.0,0,1.0000000000000004e-05,True,REGULAR,USD,Call,MSFT,407.7799987792969,0.2391426453723407,0.0085340134641657,2026-05-22,21,0.0575342465753424,0.9196135198454438,0.0,37.4,0.0,0.0803864801545561,0.035850000381469724,0.2391426453723407,hist_vol_fallback,call,OTM,32.779998779296875,4.620001220703124,False,Microsoft Corp.,Technology,2026-05-01
MSFT260522C00445000,2026-04-30 19:59:56+00:00,445.0,1.92,0.0,0.0,0.0,0.0,300.0,0,0.062509375,False,REGULAR,USD,Call,MSFT,407.7799987792969,0.2391426453723407,0.0085340134641657,2026-05-22,21,0.0575342465753424,1.0912747102165934,0.0,1.92,0.0,0.0912747102165933,0.035850000381469724,0.062509375,market_iv,call,ITM,0.0,1.92,False,Microsoft Corp.,Technology,2026-05-01
MSFT260522C00370000,2026-04-30 18:50:48+00:00,370.0,39.21,0.0,0.0,0.0,0.0,20.0,0,1.0000000000000004e-05,True,REGULAR,USD,Call,MSFT,407.7799987792969,0.2391426453723407,0.0085340134641657,2026-05-22,21,0.0575342465753424,0.9073520062475046,0.0,39.21,0.0,0.0926479937524954,0.035850000381469724,0.2391426453723407,hist_vol_fallback,call,OTM,37.779998779296875,1.4300012207031259,False,Microsoft Corp.,Technology,2026-05-01
MSFT260522C00450000,2026-04-30 19:58:29+00:00,450.0,1.7,0.0,0.0,0.0,0.0,1501.0,0,0.062509375,False,REGULAR,USD,Call,MSFT,407.7799987792969,0.2391426453723407,0.0085340134641657,2026-05-22,21,0.0575342465753424,1.1035362238145323,0.0,1.7,0.0,0.1035362238145325,0.035850000381469724,0.062509375,market_iv,call,ITM,0.0,1.7,False,Microsoft Corp.,Technology,2026-05-01
MSFT260522C00365000,2026-04-29 16:31:47+00:00,365.0,60.0,0.0,0.0,0.0,0.0,5.0,0,1.0000000000000004e-05,True,REGULAR,USD,Call,MSFT,407.7799987792969,0.2391426453723407,0.0085340134641657,2026-05-22,21,0.0575342465753424,0.8950904926495653,0.0,60.0,0.0,0.1049095073504347,0.035850000381469724,0.2391426453723407,hist_vol_fallback,call,OTM,42.779998779296875,17.220001220703125,False,Microsoft Corp.,Technology,2026-05-01
MSFT260522C00455000,2026-04-30 19:17:40+00:00,455.0,1.24,0.0,0.0,0.0,0.0,110.0,0,0.12500875,False,REGULAR,USD,Call,MSFT,407.7799987792969,0.2391426453723407,0.0085340134641657,2026-05-22,21,0.0575342465753424,1.115797737412472,0.0,1.24,0.0,0.1157977374124719,0.035850000381469724,0.12500875,market_iv,call,ITM,0.0,1.24,False,Microsoft Corp.,Technology,2026-05-01
MSFT260522C00360000,2026-04-30 19:53:15+00:00,360.0,50.73,0.0,0.0,0.0,0.0,91.0,0,1.0000000000000004e-05,True,REGULAR,USD,Call,MSFT,407.7799987792969,0.2391426453723407,0.0085340134641657,2026-05-22,21,0.0575342465753424,0.8828289790516262,0.0,50.73,0.0,0.1171710209483738,0.035850000381469724,0.2391426453723407,hist_vol_fallback,call,OTM,47.779998779296875,2.950001220703122,False,Microsoft Corp.,Technology,2026-05-01
MSFT260522P00410000,2026-04-30 19:36:03+00:00,410.0,12.4,0.0,0.0,0.0,0.0,135.0,0,1.0000000000000004e-05,True,REGULAR,USD,Put,MSFT,407.7799987792969,0.2391426453723407,0.0085340134641657,2026-05-22,21,0.0575342465753424,1.0054441150310187,0.0,12.4,0.0,0.0054441150310187,0.035850000381469724,0.2391426453723407,hist_vol_fallback,put,ATM,2.220001220703125,10.179998779296875,True,Microsoft Corp.,Technology,2026-05-01
MSFT260522P00405000,2026-04-30 19:56:22+00:00,405.0,9.65,0.0,0.0,0.0,0.0,237.0,0,0.007822421875,False,REGULAR,USD,Put,MSFT,407.7799987792969,0.2391426453723407,0.0085340134641657,2026-05-22,21,0.0575342465753424,0.9931826014330792,0.0,9.65,0.0,0.0068173985669206,0.035850000381469724,0.2391426453723407,hist_vol_fallback,put,ATM,0.0,9.65,True,Microsoft Corp.,Technology,2026-05-01
MSFT260522P00415000,2026-04-30 19:44:19+00:00,415.0,14.4,0.0,0.0,0.0,0.0,74.0,0,1.0000000000000004e-05,True,REGULAR,USD,Put,MSFT,407.7799987792969,0.2391426453723407,0.0085340134641657,2026-05-22,21,0.0575342465753424,1.017705628628958,0.0,14.4,0.0,0.0177056286289578,0.035850000381469724,0.2391426453723407,hist_vol_fallback,put,ATM,7.220001220703125,7.179998779296875,True,Microsoft Corp.,Technology,2026-05-01
MSFT260522P00400000,2026-04-30 19:55:00+00:00,400.0,7.6,0.0,0.0,0.0,0.0,428.0,0,0.01563484375,False,REGULAR,USD,Put,MSFT,407.7799987792969,0.2391426453723407,0.0085340134641657,2026-05-22,21,0.0575342465753424,0.98092108783514,0.0,7.6,0.0,0.0190789121648599,0.035850000381469724,0.01563484375,market_iv,put,ATM,0.0,7.6,True,Microsoft Corp.,Technology,2026-05-01
MSFT260522P00420000,2026-04-30 19:58:05+00:00,420.0,18.13,0.0,0.0,0.0,0.0,81.0,0,1.0000000000000004e-05,True,REGULAR,USD,Put,MSFT,407.7799987792969,0.2391426453723407,0.0085340134641657,2026-05-22,21,0.0575342465753424,1.0299671422268972,0.0,18.13,0.0,0.0299671422268972,0.035850000381469724,0.2391426453723407,hist_vol_fallback,put,ATM,12.220001220703125,5.909998779296874,True,Microsoft Corp.,Technology,2026-05-01
MSFT260522P00395000,2026-04-30 19:55:02+00:00,395.0,5.95,0.0,0.0,0.0,0.0,221.0,0,0.0312596875,False,REGULAR,USD,Put,MSFT,407.7799987792969,0.2391426453723407,0.0085340134641657,2026-05-22,21,0.0575342465753424,0.9686595742372008,0.0,5.95,0.0,0.0313404257627991,0.035850000381469724,0.0312596875,market_iv,put,ITM,0.0,5.95,True,Microsoft Corp.,Technology,2026-05-01
MSFT260522P00425000,2026-04-30 19:56:22+00:00,425.0,21.4,0.0,0.0,0.0,0.0,34.0,0,1.0000000000000004e-05,True,REGULAR,USD,Put,MSFT,407.7799987792969,0.2391426453723407,0.0085340134641657,2026-05-22,21,0.0575342465753424,1.0422286558248364,0.0,21.4,0.0,0.0422286558248363,0.035850000381469724,0.2391426453723407,hist_vol_fallback,put,OTM,17.220001220703125,4.179998779296874,True,Microsoft Corp.,Technology,2026-05-01
MSFT260522P00390000,2026-04-30 19:40:18+00:00,390.0,4.45,0.0,0.0,0.0,0.0,750.0,0,0.0312596875,False,REGULAR,USD,Put,MSFT,407.7799987792969,0.2391426453723407,0.0085340134641657,2026-05-22,21,0.0575342465753424,0.9563980606392616,0.0,4.45,0.0,0.0436019393607384,0.035850000381469724,0.0312596875,market_iv,put,ITM,0.0,4.45,True,Microsoft Corp.,Technology,2026-05-01
MSFT260522P00430000,2026-04-30 18:54:05+00:00,430.0,26.97,0.0,0.0,0.0,0.0,54.0,0,1.0000000000000004e-05,True,REGULAR,USD,Put,MSFT,407.7799987792969,0.2391426453723407,0.0085340134641657,2026-05-22,21,0.0575342465753424,1.0544901694227755,0.0,26.97,0.0,0.0544901694227757,0.035850000381469724,0.2391426453723407,hist_vol_fallback,put,OTM,22.220001220703125,4.749998779296874,True,Microsoft Corp.,Technology,2026-05-01
MSFT260522P00385000,2026-04-30 19:49:38+00:00,385.0,3.5,0.0,0.0,0.0,0.0,468.0,0,0.062509375,False,REGULAR,USD,Put,MSFT,407.7799987792969,0.2391426453723407,0.0085340134641657,2026-05-22,21,0.0575342465753424,0.9441365470413224,0.0,3.5,0.0,0.0558634529586776,0.035850000381469724,0.062509375,market_iv,put,ITM,0.0,3.5,True,Microsoft Corp.,Technology,2026-05-01
MSFT260522P00435000,2026-04-30 14:14:39+00:00,435.0,34.5,0.0,0.0,0.0,0.0,5.0,0,1.0000000000000004e-05,True,REGULAR,USD,Put,MSFT,407.7799987792969,0.2391426453723407,0.0085340134641657,2026-05-22,21,0.0575342465753424,1.0667516830207149,0.0,34.5,0.0,0.0667516830207148,0.035850000381469724,0.2391426453723407,hist_vol_fallback,put,OTM,27.220001220703125,7.279998779296875,True,Microsoft Corp.,Technology,2026-05-01
MSFT260522P00380000,2026-04-30 19:51:15+00:00,380.0,2.5,0.0,0.0,0.0,0.0,633.0,0,0.062509375,False,REGULAR,USD,Put,MSFT,407.7799987792969,0.2391426453723407,0.0085340134641657,2026-05-22,21,0.0575342465753424,0.9318750334433832,0.0,2.5,0.0,0.0681249665566169,0.035850000381469724,0.062509375,market_iv,put,ITM,0.0,2.5,True,Microsoft Corp.,Technology,2026-05-01
MSFT260522P00440000,2026-04-30 18:47:19+00:00,440.0,35.61,0.0,0.0,0.0,0.0,4.0,0,1.0000000000000004e-05,True,REGULAR,USD,Put,MSFT,407.7799987792969,0.2391426453723407,0.0085340134641657,2026-05-22,21,0.0575342465753424,1.079013196618654,0.0,35.61,0.0,0.079013196618654,0.035850000381469724,0.2391426453723407,hist_vol_fallback,put,OTM,32.220001220703125,3.3899987792968744,True,Microsoft Corp.,Technology,2026-05-01
MSFT260522P00375000,2026-04-30 19:55:01+00:00,375.0,1.94,0.0,0.0,0.0,0.0,160.0,0,0.062509375,False,REGULAR,USD,Put,MSFT,407.7799987792969,0.2391426453723407,0.0085340134641657,2026-05-22,21,0.0575342465753424,0.9196135198454438,0.0,1.94,0.0,0.0803864801545561,0.035850000381469724,0.062509375,market_iv,put,ITM,0.0,1.94,True,Microsoft Corp.,Technology,2026-05-01
MSFT260522P00445000,2026-04-30 13:31:46+00:00,445.0,36.0,0.0,0.0,0.0,0.0,1.0,0,1.0000000000000004e-05,True,REGULAR,USD,Put,MSFT,407.7799987792969,0.2391426453723407,0.0085340134641657,2026-05-22,21,0.0575342465753424,1.0912747102165934,0.0,36.0,0.0,0.0912747102165933,0.035850000381469724,0.2391426453723407,hist_vol_fallback,put,OTM,37.220001220703125,0.0,True,Microsoft Corp.,Technology,2026-05-01
MSFT260522P00370000,2026-04-30 19:43:28+00:00,370.0,1.42,0.0,0.0,0.0,0.0,256.0,0,0.062509375,False,REGULAR,USD,Put,MSFT,407.7799987792969,0.2391426453723407,0.0085340134641657,2026-05-22,21,0.0575342465753424,0.9073520062475046,0.0,1.42,0.0,0.0926479937524954,0.035850000381469724,0.062509375,market_iv,put,ITM,0.0,1.42,True,Microsoft Corp.,Technology,2026-05-01
MSFT260522P00450000,2026-04-30 18:52:54+00:00,450.0,44.12,0.0,0.0,0.0,0.0,29.0,0,1.0000000000000004e-05,True,REGULAR,USD,Put,MSFT,407.7799987792969,0.2391426453723407,0.0085340134641657,2026-05-22,21,0.0575342465753424,1.1035362238145323,0.0,44.12,0.0,0.1035362238145325,0.035850000381469724,0.2391426453723407,hist_vol_fallback,put,OTM,42.220001220703125,1.8999987792968724,True,Microsoft Corp.,Technology,2026-05-01
MSFT260522P00365000,2026-04-30 19:44:29+00:00,365.0,1.07,0.0,0.0,0.0,0.0,187.0,0,0.12500875,False,REGULAR,USD,Put,MSFT,407.7799987792969,0.2391426453723407,0.0085340134641657,2026-05-22,21,0.0575342465753424,0.8950904926495653,0.0,1.07,0.0,0.1049095073504347,0.035850000381469724,0.12500875,market_iv,put,ITM,0.0,1.07,True,Microsoft Corp.,Technology,2026-05-01
MSFT260522P00455000,2026-04-27 14:22:52+00:00,455.0,40.58,0.0,0.0,0.0,0.0,1.0,0,1.0000000000000004e-05,True,REGULAR,USD,Put,MSFT,407.7799987792969,0.2391426453723407,0.0085340134641657,2026-05-22,21,0.0575342465753424,1.115797737412472,0.0,40.58,0.0,0.1157977374124719,0.035850000381469724,0.2391426453723407,hist_vol_fallback,put,OTM,47.220001220703125,0.0,True,Microsoft Corp.,Technology,2026-05-01
MSFT260522P00360000,2026-04-30 19:24:12+00:00,360.0,0.87,0.0,0.0,0.0,0.0,233.0,0,0.12500875,False,REGULAR,USD,Put,MSFT,407.7799987792969,0.2391426453723407,0.0085340134641657,2026-05-22,21,0.0575342465753424,0.8828289790516262,0.0,0.87,0.0,0.1171710209483738,0.035850000381469724,0.12500875,market_iv,put,ITM,0.0,0.87,True,Microsoft Corp.,Technology,2026-05-01
MSFT260529C00410000,2026-04-30 19:59:52+00:00,410.0,11.95,0.0,0.0,0.0,0.0,387.0,0,0.0039162109375,False,REGULAR,USD,Call,MSFT,407.7799987792969,0.2391426453723407,0.0085340134641657,2026-05-29,28,0.0767123287671232,1.0054441150310187,0.0,11.95,0.0,0.0054441150310187,0.035850000381469724,0.2391426453723407,hist_vol_fallback,call,ATM,0.0,11.95,False,Microsoft Corp.,Technology,2026-05-01
MSFT260529C00405000,2026-04-30 19:59:51+00:00,405.0,14.5,0.0,0.0,0.0,0.0,720.0,0,1.0000000000000004e-05,True,REGULAR,USD,Call,MSFT,407.7799987792969,0.2391426453723407,0.0085340134641657,2026-05-29,28,0.0767123287671232,0.9931826014330792,0.0,14.5,0.0,0.0068173985669206,0.035850000381469724,0.2391426453723407,hist_vol_fallback,call,ATM,2.779998779296875,11.720001220703125,False,Microsoft Corp.,Technology,2026-05-01
MSFT260529C00415000,2026-04-30 19:57:55+00:00,415.0,10.1,0.0,0.0,0.0,0.0,435.0,0,0.01563484375,False,REGULAR,USD,Call,MSFT,407.7799987792969,0.2391426453723407,0.0085340134641657,2026-05-29,28,0.0767123287671232,1.017705628628958,0.0,10.1,0.0,0.0177056286289578,0.035850000381469724,0.01563484375,market_iv,call,ATM,0.0,10.1,False,Microsoft Corp.,Technology,2026-05-01
MSFT260529C00400000,2026-04-30 19:55:42+00:00,400.0,18.06,0.0,0.0,0.0,0.0,703.0,0,1.0000000000000004e-05,True,REGULAR,USD,Call,MSFT,407.7799987792969,0.2391426453723407,0.0085340134641657,2026-05-29,28,0.0767123287671232,0.98092108783514,0.0,18.06,0.0,0.0190789121648599,0.035850000381469724,0.2391426453723407,hist_vol_fallback,call,ATM,7.779998779296875,10.280001220703124,False,Microsoft Corp.,Technology,2026-05-01
MSFT260529C00420000,2026-04-30 19:59:40+00:00,420.0,7.9,0.0,0.0,0.0,0.0,2020.0,0,0.0312596875,False,REGULAR,USD,Call,MSFT,407.7799987792969,0.2391426453723407,0.0085340134641657,2026-05-29,28,0.0767123287671232,1.0299671422268972,0.0,7.9,0.0,0.0299671422268972,0.035850000381469724,0.0312596875,market_iv,call,ATM,0.0,7.9,False,Microsoft Corp.,Technology,2026-05-01
MSFT260529C00395000,2026-04-30 19:27:40+00:00,395.0,20.91,0.0,0.0,0.0,0.0,103.0,0,1.0000000000000004e-05,True,REGULAR,USD,Call,MSFT,407.7799987792969,0.2391426453723407,0.0085340134641657,2026-05-29,28,0.0767123287671232,0.9686595742372008,0.0,20.91,0.0,0.0313404257627991,0.035850000381469724,0.2391426453723407,hist_vol_fallback,call,OTM,12.779998779296875,8.130001220703125,False,Microsoft Corp.,Technology,2026-05-01
MSFT260529C00425000,2026-04-30 19:59:40+00:00,425.0,6.33,0.0,0.0,0.0,0.0,948.0,0,0.0312596875,False,REGULAR,USD,Call,MSFT,407.7799987792969,0.2391426453723407,0.0085340134641657,2026-05-29,28,0.0767123287671232,1.0422286558248364,0.0,6.33,0.0,0.0422286558248363,0.035850000381469724,0.0312596875,market_iv,call,ITM,0.0,6.33,False,Microsoft Corp.,Technology,2026-05-01
MSFT260529C00390000,2026-04-30 19:28:17+00:00,390.0,24.15,0.0,0.0,0.0,0.0,83.0,0,1.0000000000000004e-05,True,REGULAR,USD,Call,MSFT,407.7799987792969,0.2391426453723407,0.0085340134641657,2026-05-29,28,0.0767123287671232,0.9563980606392616,0.0,24.15,0.0,0.0436019393607384,0.035850000381469724,0.2391426453723407,hist_vol_fallback,call,OTM,17.779998779296875,6.370001220703124,False,Microsoft Corp.,Technology,2026-05-01
MSFT260529C00430000,2026-04-30 19:59:58+00:00,430.0,4.95,0.0,0.0,0.0,0.0,1353.0,0,0.0312596875,False,REGULAR,USD,Call,MSFT,407.7799987792969,0.2391426453723407,0.0085340134641657,2026-05-29,28,0.0767123287671232,1.0544901694227755,0.0,4.95,0.0,0.0544901694227757,0.035850000381469724,0.0312596875,market_iv,call,ITM,0.0,4.95,False,Microsoft Corp.,Technology,2026-05-01
MSFT260529C00385000,2026-04-30 18:12:03+00:00,385.0,25.0,0.0,0.0,0.0,0.0,13.0,0,1.0000000000000004e-05,True,REGULAR,USD,Call,MSFT,407.7799987792969,0.2391426453723407,0.0085340134641657,2026-05-29,28,0.0767123287671232,0.9441365470413224,0.0,25.0,0.0,0.0558634529586776,0.035850000381469724,0.2391426453723407,hist_vol_fallback,call,OTM,22.779998779296875,2.220001220703125,False,Microsoft Corp.,Technology,2026-05-01
MSFT260529C00435000,2026-04-30 19:56:30+00:00,435.0,4.19,0.0,0.0,0.0,0.0,455.0,0,0.062509375,False,REGULAR,USD,Call,MSFT,407.7799987792969,0.2391426453723407,0.0085340134641657,2026-05-29,28,0.0767123287671232,1.0667516830207149,0.0,4.19,0.0,0.0667516830207148,0.035850000381469724,0.062509375,market_iv,call,ITM,0.0,4.19,False,Microsoft Corp.,Technology,2026-05-01
MSFT260529C00380000,2026-04-30 19:57:42+00:00,380.0,32.67,0.0,0.0,0.0,0.0,42.0,0,1.0000000000000004e-05,True,REGULAR,USD,Call,MSFT,407.7799987792969,0.2391426453723407,0.0085340134641657,2026-05-29,28,0.0767123287671232,0.9318750334433832,0.0,32.67,0.0,0.0681249665566169,0.035850000381469724,0.2391426453723407,hist_vol_fallback,call,OTM,27.779998779296875,4.890001220703127,False,Microsoft Corp.,Technology,2026-05-01
MSFT260529C00440000,2026-04-30 19:58:39+00:00,440.0,3.2,0.0,0.0,0.0,0.0,595.0,0,0.062509375,False,REGULAR,USD,Call,MSFT,407.7799987792969,0.2391426453723407,0.0085340134641657,2026-05-29,28,0.0767123287671232,1.079013196618654,0.0,3.2,0.0,0.079013196618654,0.035850000381469724,0.062509375,market_iv,call,ITM,0.0,3.2,False,Microsoft Corp.,Technology,2026-05-01
MSFT260529C00375000,2026-04-30 18:42:10+00:00,375.0,36.0,0.0,0.0,0.0,0.0,3.0,0,1.0000000000000004e-05,True,REGULAR,USD,Call,MSFT,407.7799987792969,0.2391426453723407,0.0085340134641657,2026-05-29,28,0.0767123287671232,0.9196135198454438,0.0,36.0,0.0,0.0803864801545561,0.035850000381469724,0.2391426453723407,hist_vol_fallback,call,OTM,32.779998779296875,3.220001220703125,False,Microsoft Corp.,Technology,2026-05-01
MSFT260529C00445000,2026-04-30 19:59:32+00:00,445.0,2.55,0.0,0.0,0.0,0.0,6882.0,0,0.062509375,False,REGULAR,USD,Call,MSFT,407.7799987792969,0.2391426453723407,0.0085340134641657,2026-05-29,28,0.0767123287671232,1.0912747102165934,0.0,2.55,0.0,0.0912747102165933,0.035850000381469724,0.062509375,market_iv,call,ITM,0.0,2.55,False,Microsoft Corp.,Technology,2026-05-01
MSFT260529C00370000,2026-04-30 18:24:24+00:00,370.0,38.05,0.0,0.0,0.0,0.0,10.0,0,1.0000000000000004e-05,True,REGULAR,USD,Call,MSFT,407.7799987792969,0.2391426453723407,0.0085340134641657,2026-05-29,28,0.0767123287671232,0.9073520062475046,0.0,38.05,0.0,0.0926479937524954,0.035850000381469724,0.2391426453723407,hist_vol_fallback,call,OTM,37.779998779296875,0.27000122070312216,False,Microsoft Corp.,Technology,2026-05-01
MSFT260529C00450000,2026-04-30 19:59:56+00:00,450.0,2.0,0.0,0.0,0.0,0.0,2042.0,0,0.062509375,False,REGULAR,USD,Call,MSFT,407.7799987792969,0.2391426453723407,0.0085340134641657,2026-05-29,28,0.0767123287671232,1.1035362238145323,0.0,2.0,0.0,0.1035362238145325,0.035850000381469724,0.062509375,market_iv,call,ITM,0.0,2.0,False,Microsoft Corp.,Technology,2026-05-01
MSFT260529C00365000,2026-04-30 15:37:35+00:00,365.0,40.0,0.0,0.0,0.0,0.0,4.0,0,1.0000000000000004e-05,True,REGULAR,USD,Call,MSFT,407.7799987792969,0.2391426453723407,0.0085340134641657,2026-05-29,28,0.0767123287671232,0.8950904926495653,0.0,40.0,0.0,0.1049095073504347,0.035850000381469724,0.2391426453723407,hist_vol_fallback,call,OTM,42.779998779296875,0.0,False,Microsoft Corp.,Technology,2026-05-01
MSFT260529C00455000,2026-04-30 19:53:35+00:00,455.0,1.75,0.0,0.0,0.0,0.0,139.0,0,0.062509375,False,REGULAR,USD,Call,MSFT,407.7799987792969,0.2391426453723407,0.0085340134641657,2026-05-29,28,0.0767123287671232,1.115797737412472,0.0,1.75,0.0,0.1157977374124719,0.035850000381469724,0.062509375,market_iv,call,ITM,0.0,1.75,False,Microsoft Corp.,Technology,2026-05-01
MSFT260529C00360000,2026-04-30 19:55:00+00:00,360.0,51.63,0.0,0.0,0.0,0.0,14.0,0,1.0000000000000004e-05,True,REGULAR,USD,Call,MSFT,407.7799987792969,0.2391426453723407,0.0085340134641657,2026-05-29,28,0.0767123287671232,0.8828289790516262,0.0,51.63,0.0,0.1171710209483738,0.035850000381469724,0.2391426453723407,hist_vol_fallback,call,OTM,47.779998779296875,3.8500012207031276,False,Microsoft Corp.,Technology,2026-05-01
MSFT260529P00410000,2026-04-30 19:59:56+00:00,410.0,13.65,0.0,0.0,0.0,0.0,213.0,0,1.0000000000000004e-05,True,REGULAR,USD,Put,MSFT,407.7799987792969,0.2391426453723407,0.0085340134641657,2026-05-29,28,0.0767123287671232,1.0054441150310187,0.0,13.65,0.0,0.0054441150310187,0.035850000381469724,0.2391426453723407,hist_vol_fallback,put,ATM,2.220001220703125,11.429998779296875,True,Microsoft Corp.,Technology,2026-05-01
MSFT260529P00405000,2026-04-30 19:55:48+00:00,405.0,10.73,0.0,0.0,0.0,0.0,448.0,0,0.007822421875,False,REGULAR,USD,Put,MSFT,407.7799987792969,0.2391426453723407,0.0085340134641657,2026-05-29,28,0.0767123287671232,0.9931826014330792,0.0,10.73,0.0,0.0068173985669206,0.035850000381469724,0.2391426453723407,hist_vol_fallback,put,ATM,0.0,10.73,True,Microsoft Corp.,Technology,2026-05-01
MSFT260529P00415000,2026-04-30 18:36:36+00:00,415.0,17.37,0.0,0.0,0.0,0.0,104.0,0,1.0000000000000004e-05,True,REGULAR,USD,Put,MSFT,407.7799987792969,0.2391426453723407,0.0085340134641657,2026-05-29,28,0.0767123287671232,1.017705628628958,0.0,17.37,0.0,0.0177056286289578,0.035850000381469724,0.2391426453723407,hist_vol_fallback,put,ATM,7.220001220703125,10.149998779296876,True,Microsoft Corp.,Technology,2026-05-01
MSFT260529P00400000,2026-04-30 19:59:04+00:00,400.0,8.85,0.0,0.0,0.0,0.0,872.0,0,0.01563484375,False,REGULAR,USD,Put,MSFT,407.7799987792969,0.2391426453723407,0.0085340134641657,2026-05-29,28,0.0767123287671232,0.98092108783514,0.0,8.85,0.0,0.0190789121648599,0.035850000381469724,0.01563484375,market_iv,put,ATM,0.0,8.85,True,Microsoft Corp.,Technology,2026-05-01
MSFT260529P00420000,2026-04-30 19:52:00+00:00,420.0,18.95,0.0,0.0,0.0,0.0,100.0,0,1.0000000000000004e-05,True,REGULAR,USD,Put,MSFT,407.7799987792969,0.2391426453723407,0.0085340134641657,2026-05-29,28,0.0767123287671232,1.0299671422268972,0.0,18.95,0.0,0.0299671422268972,0.035850000381469724,0.2391426453723407,hist_vol_fallback,put,ATM,12.220001220703125,6.729998779296874,True,Microsoft Corp.,Technology,2026-05-01
MSFT260529P00395000,2026-04-30 19:59:04+00:00,395.0,6.92,0.0,0.0,0.0,0.0,892.0,0,0.0312596875,False,REGULAR,USD,Put,MSFT,407.7799987792969,0.2391426453723407,0.0085340134641657,2026-05-29,28,0.0767123287671232,0.9686595742372008,0.0,6.92,0.0,0.0313404257627991,0.035850000381469724,0.0312596875,market_iv,put,ITM,0.0,6.92,True,Microsoft Corp.,Technology,2026-05-01
MSFT260529P00425000,2026-04-30 19:32:32+00:00,425.0,22.88,0.0,0.0,0.0,0.0,83.0,0,1.0000000000000004e-05,True,REGULAR,USD,Put,MSFT,407.7799987792969,0.2391426453723407,0.0085340134641657,2026-05-29,28,0.0767123287671232,1.0422286558248364,0.0,22.88,0.0,0.0422286558248363,0.035850000381469724,0.2391426453723407,hist_vol_fallback,put,OTM,17.220001220703125,5.659998779296874,True,Microsoft Corp.,Technology,2026-05-01
MSFT260529P00390000,2026-04-30 19:59:46+00:00,390.0,5.35,0.0,0.0,0.0,0.0,577.0,0,0.0312596875,False,REGULAR,USD,Put,MSFT,407.7799987792969,0.2391426453723407,0.0085340134641657,2026-05-29,28,0.0767123287671232,0.9563980606392616,0.0,5.35,0.0,0.0436019393607384,0.035850000381469724,0.0312596875,market_iv,put,ITM,0.0,5.35,True,Microsoft Corp.,Technology,2026-05-01
MSFT260529P00430000,2026-04-30 19:49:23+00:00,430.0,26.57,0.0,0.0,0.0,0.0,43.0,0,1.0000000000000004e-05,True,REGULAR,USD,Put,MSFT,407.7799987792969,0.2391426453723407,0.0085340134641657,2026-05-29,28,0.0767123287671232,1.0544901694227755,0.0,26.57,0.0,0.0544901694227757,0.035850000381469724,0.2391426453723407,hist_vol_fallback,put,OTM,22.220001220703125,4.349998779296875,True,Microsoft Corp.,Technology,2026-05-01
MSFT260529P00385000,2026-04-30 19:59:40+00:00,385.0,4.35,0.0,0.0,0.0,0.0,1298.0,0,0.0312596875,False,REGULAR,USD,Put,MSFT,407.7799987792969,0.2391426453723407,0.0085340134641657,2026-05-29,28,0.0767123287671232,0.9441365470413224,0.0,4.35,0.0,0.0558634529586776,0.035850000381469724,0.0312596875,market_iv,put,ITM,0.0,4.35,True,Microsoft Corp.,Technology,2026-05-01
MSFT260529P00435000,2026-04-30 16:10:01+00:00,435.0,35.3,0.0,0.0,0.0,0.0,65.0,0,1.0000000000000004e-05,True,REGULAR,USD,Put,MSFT,407.7799987792969,0.2391426453723407,0.0085340134641657,2026-05-29,28,0.0767123287671232,1.0667516830207149,0.0,35.3,0.0,0.0667516830207148,0.035850000381469724,0.2391426453723407,hist_vol_fallback,put,OTM,27.220001220703125,8.079998779296872,True,Microsoft Corp.,Technology,2026-05-01
MSFT260529P00380000,2026-04-30 19:58:27+00:00,380.0,3.4,0.0,0.0,0.0,0.0,707.0,0,0.062509375,False,REGULAR,USD,Put,MSFT,407.7799987792969,0.2391426453723407,0.0085340134641657,2026-05-29,28,0.0767123287671232,0.9318750334433832,0.0,3.4,0.0,0.0681249665566169,0.035850000381469724,0.062509375,market_iv,put,ITM,0.0,3.4,True,Microsoft Corp.,Technology,2026-05-01
MSFT260529P00440000,2026-04-30 17:53:21+00:00,440.0,40.8,0.0,0.0,0.0,0.0,74.0,0,1.0000000000000004e-05,True,REGULAR,USD,Put,MSFT,407.7799987792969,0.2391426453723407,0.0085340134641657,2026-05-29,28,0.0767123287671232,1.079013196618654,0.0,40.8,0.0,0.079013196618654,0.035850000381469724,0.2391426453723407,hist_vol_fallback,put,OTM,32.220001220703125,8.579998779296872,True,Microsoft Corp.,Technology,2026-05-01
MSFT260529P00375000,2026-04-30 19:50:10+00:00,375.0,2.49,0.0,0.0,0.0,0.0,824.0,0,0.062509375,False,REGULAR,USD,Put,MSFT,407.7799987792969,0.2391426453723407,0.0085340134641657,2026-05-29,28,0.0767123287671232,0.9196135198454438,0.0,2.49,0.0,0.0803864801545561,0.035850000381469724,0.062509375,market_iv,put,ITM,0.0,2.49,True,Microsoft Corp.,Technology,2026-05-01
MSFT260529P00445000,2026-04-28 19:32:02+00:00,445.0,30.34,0.0,0.0,0.0,0.0,4.0,0,1.0000000000000004e-05,True,REGULAR,USD,Put,MSFT,407.7799987792969,0.2391426453723407,0.0085340134641657,2026-05-29,28,0.0767123287671232,1.0912747102165934,0.0,30.34,0.0,0.0912747102165933,0.035850000381469724,0.2391426453723407,hist_vol_fallback,put,OTM,37.220001220703125,0.0,True,Microsoft Corp.,Technology,2026-05-01
MSFT260529P00370000,2026-04-30 19:59:46+00:00,370.0,1.98,0.0,0.0,0.0,0.0,1117.0,0,0.062509375,False,REGULAR,USD,Put,MSFT,407.7799987792969,0.2391426453723407,0.0085340134641657,2026-05-29,28,0.0767123287671232,0.9073520062475046,0.0,1.98,0.0,0.0926479937524954,0.035850000381469724,0.062509375,market_iv,put,ITM,0.0,1.98,True,Microsoft Corp.,Technology,2026-05-01
MSFT260529P00450000,2026-04-30 14:42:11+00:00,450.0,49.18,0.0,0.0,0.0,0.0,2.0,0,1.0000000000000004e-05,True,REGULAR,USD,Put,MSFT,407.7799987792969,0.2391426453723407,0.0085340134641657,2026-05-29,28,0.0767123287671232,1.1035362238145323,0.0,49.18,0.0,0.1035362238145325,0.035850000381469724,0.2391426453723407,hist_vol_fallback,put,OTM,42.220001220703125,6.959998779296875,True,Microsoft Corp.,Technology,2026-05-01
MSFT260529P00365000,2026-04-30 19:42:03+00:00,365.0,1.58,0.0,0.0,0.0,0.0,548.0,0,0.062509375,False,REGULAR,USD,Put,MSFT,407.7799987792969,0.2391426453723407,0.0085340134641657,2026-05-29,28,0.0767123287671232,0.8950904926495653,0.0,1.58,0.0,0.1049095073504347,0.035850000381469724,0.062509375,market_iv,put,ITM,0.0,1.58,True,Microsoft Corp.,Technology,2026-05-01
MSFT260529P00455000,2026-04-24 14:03:14+00:00,455.0,42.9,0.0,0.0,0.0,0.0,20.0,0,1.0000000000000004e-05,True,REGULAR,USD,Put,MSFT,407.7799987792969,0.2391426453723407,0.0085340134641657,2026-05-29,28,0.0767123287671232,1.115797737412472,0.0,42.9,0.0,0.1157977374124719,0.035850000381469724,0.2391426453723407,hist_vol_fallback,put,OTM,47.220001220703125,0.0,True,Microsoft Corp.,Technology,2026-05-01
MSFT260529P00360000,2026-04-30 19:59:42+00:00,360.0,1.26,0.0,0.0,0.0,0.0,464.0,0,0.12500875,False,REGULAR,USD,Put,MSFT,407.7799987792969,0.2391426453723407,0.0085340134641657,2026-05-29,28,0.0767123287671232,0.8828289790516262,0.0,1.26,0.0,0.1171710209483738,0.035850000381469724,0.12500875,market_iv,put,ITM,0.0,1.26,True,Microsoft Corp.,Technology,2026-05-01
MSFT260605C00410000,2026-04-30 19:58:08+00:00,410.0,13.88,0.0,0.0,0.0,0.0,537.0,0,0.0039162109375,False,REGULAR,USD,Call,MSFT,407.7799987792969,0.2391426453723407,0.0085340134641657,2026-06-05,35,0.0958904109589041,1.0054441150310187,0.0,13.88,0.0,0.0054441150310187,0.035850000381469724,0.2391426453723407,hist_vol_fallback,call,ATM,0.0,13.88,False,Microsoft Corp.,Technology,2026-05-01
MSFT260605C00405000,2026-04-30 19:52:25+00:00,405.0,16.6,0.0,0.0,0.0,0.0,372.0,0,1.0000000000000004e-05,True,REGULAR,USD,Call,MSFT,407.7799987792969,0.2391426453723407,0.0085340134641657,2026-06-05,35,0.0958904109589041,0.9931826014330792,0.0,16.6,0.0,0.0068173985669206,0.035850000381469724,0.2391426453723407,hist_vol_fallback,call,ATM,2.779998779296875,13.820001220703126,False,Microsoft Corp.,Technology,2026-05-01
MSFT260605C00415000,2026-04-30 19:54:16+00:00,415.0,12.25,0.0,0.0,0.0,0.0,239.0,0,0.01563484375,False,REGULAR,USD,Call,MSFT,407.7799987792969,0.2391426453723407,0.0085340134641657,2026-06-05,35,0.0958904109589041,1.017705628628958,0.0,12.25,0.0,0.0177056286289578,0.035850000381469724,0.01563484375,market_iv,call,ATM,0.0,12.25,False,Microsoft Corp.,Technology,2026-05-01
MSFT260605C00400000,2026-04-30 19:59:56+00:00,400.0,18.95,0.0,0.0,0.0,0.0,464.0,0,1.0000000000000004e-05,True,REGULAR,USD,Call,MSFT,407.7799987792969,0.2391426453723407,0.0085340134641657,2026-06-05,35,0.0958904109589041,0.98092108783514,0.0,18.95,0.0,0.0190789121648599,0.035850000381469724,0.2391426453723407,hist_vol_fallback,call,ATM,7.779998779296875,11.170001220703124,False,Microsoft Corp.,Technology,2026-05-01
MSFT260605C00420000,2026-04-30 19:57:24+00:00,420.0,9.81,0.0,0.0,0.0,0.0,441.0,0,0.01563484375,False,REGULAR,USD,Call,MSFT,407.7799987792969,0.2391426453723407,0.0085340134641657,2026-06-05,35,0.0958904109589041,1.0299671422268972,0.0,9.81,0.0,0.0299671422268972,0.035850000381469724,0.01563484375,market_iv,call,ATM,0.0,9.81,False,Microsoft Corp.,Technology,2026-05-01
MSFT260605C00395000,2026-04-30 19:15:27+00:00,395.0,21.53,0.0,0.0,0.0,0.0,37.0,0,1.0000000000000004e-05,True,REGULAR,USD,Call,MSFT,407.7799987792969,0.2391426453723407,0.0085340134641657,2026-06-05,35,0.0958904109589041,0.9686595742372008,0.0,21.53,0.0,0.0313404257627991,0.035850000381469724,0.2391426453723407,hist_vol_fallback,call,OTM,12.779998779296875,8.750001220703126,False,Microsoft Corp.,Technology,2026-05-01
MSFT260605C00425000,2026-04-30 19:54:50+00:00,425.0,8.57,0.0,0.0,0.0,0.0,936.0,0,0.0312596875,False,REGULAR,USD,Call,MSFT,407.7799987792969,0.2391426453723407,0.0085340134641657,2026-06-05,35,0.0958904109589041,1.0422286558248364,0.0,8.57,0.0,0.0422286558248363,0.035850000381469724,0.0312596875,market_iv,call,ITM,0.0,8.57,False,Microsoft Corp.,Technology,2026-05-01
MSFT260605C00390000,2026-04-30 19:42:53+00:00,390.0,26.38,0.0,0.0,0.0,0.0,27.0,0,1.0000000000000004e-05,True,REGULAR,USD,Call,MSFT,407.7799987792969,0.2391426453723407,0.0085340134641657,2026-06-05,35,0.0958904109589041,0.9563980606392616,0.0,26.38,0.0,0.0436019393607384,0.035850000381469724,0.2391426453723407,hist_vol_fallback,call,OTM,17.779998779296875,8.600001220703124,False,Microsoft Corp.,Technology,2026-05-01
MSFT260605C00430000,2026-04-30 19:59:03+00:00,430.0,6.54,0.0,0.0,0.0,0.0,341.0,0,0.0312596875,False,REGULAR,USD,Call,MSFT,407.7799987792969,0.2391426453723407,0.0085340134641657,2026-06-05,35,0.0958904109589041,1.0544901694227755,0.0,6.54,0.0,0.0544901694227757,0.035850000381469724,0.0312596875,market_iv,call,ITM,0.0,6.54,False,Microsoft Corp.,Technology,2026-05-01
MSFT260605C00385000,2026-04-30 17:55:24+00:00,385.0,25.07,0.0,0.0,0.0,0.0,66.0,0,1.0000000000000004e-05,True,REGULAR,USD,Call,MSFT,407.7799987792969,0.2391426453723407,0.0085340134641657,2026-06-05,35,0.0958904109589041,0.9441365470413224,0.0,25.07,0.0,0.0558634529586776,0.035850000381469724,0.2391426453723407,hist_vol_fallback,call,OTM,22.779998779296875,2.2900012207031253,False,Microsoft Corp.,Technology,2026-05-01
MSFT260605C00435000,2026-04-30 19:55:00+00:00,435.0,5.6,0.0,0.0,0.0,0.0,196.0,0,0.0312596875,False,REGULAR,USD,Call,MSFT,407.7799987792969,0.2391426453723407,0.0085340134641657,2026-06-05,35,0.0958904109589041,1.0667516830207149,0.0,5.6,0.0,0.0667516830207148,0.035850000381469724,0.0312596875,market_iv,call,ITM,0.0,5.6,False,Microsoft Corp.,Technology,2026-05-01
MSFT260605C00380000,2026-04-30 19:49:10+00:00,380.0,33.74,0.0,0.0,0.0,0.0,7.0,0,1.0000000000000004e-05,True,REGULAR,USD,Call,MSFT,407.7799987792969,0.2391426453723407,0.0085340134641657,2026-06-05,35,0.0958904109589041,0.9318750334433832,0.0,33.74,0.0,0.0681249665566169,0.035850000381469724,0.2391426453723407,hist_vol_fallback,call,OTM,27.779998779296875,5.960001220703127,False,Microsoft Corp.,Technology,2026-05-01
MSFT260605C00440000,2026-04-30 19:56:37+00:00,440.0,4.46,0.0,0.0,0.0,0.0,358.0,0,0.062509375,False,REGULAR,USD,Call,MSFT,407.7799987792969,0.2391426453723407,0.0085340134641657,2026-06-05,35,0.0958904109589041,1.079013196618654,0.0,4.46,0.0,0.079013196618654,0.035850000381469724,0.062509375,market_iv,call,ITM,0.0,4.46,False,Microsoft Corp.,Technology,2026-05-01
MSFT260605C00375000,2026-04-30 16:00:13+00:00,375.0,32.1,0.0,0.0,0.0,0.0,7.0,0,1.0000000000000004e-05,True,REGULAR,USD,Call,MSFT,407.7799987792969,0.2391426453723407,0.0085340134641657,2026-06-05,35,0.0958904109589041,0.9196135198454438,0.0,32.1,0.0,0.0803864801545561,0.035850000381469724,0.2391426453723407,hist_vol_fallback,call,OTM,32.779998779296875,0.0,False,Microsoft Corp.,Technology,2026-05-01
MSFT260605C00445000,2026-04-30 19:57:12+00:00,445.0,3.65,0.0,0.0,0.0,0.0,91.0,0,0.062509375,False,REGULAR,USD,Call,MSFT,407.7799987792969,0.2391426453723407,0.0085340134641657,2026-06-05,35,0.0958904109589041,1.0912747102165934,0.0,3.65,0.0,0.0912747102165933,0.035850000381469724,0.062509375,market_iv,call,ITM,0.0,3.65,False,Microsoft Corp.,Technology,2026-05-01
MSFT260605C00370000,2026-04-29 16:32:52+00:00,370.0,56.34,0.0,0.0,0.0,0.0,1.0,0,1.0000000000000004e-05,True,REGULAR,USD,Call,MSFT,407.7799987792969,0.2391426453723407,0.0085340134641657,2026-06-05,35,0.0958904109589041,0.9073520062475046,0.0,56.34,0.0,0.0926479937524954,0.035850000381469724,0.2391426453723407,hist_vol_fallback,call,OTM,37.779998779296875,18.56000122070313,False,Microsoft Corp.,Technology,2026-05-01
MSFT260605C00450000,2026-04-30 19:55:00+00:00,450.0,3.01,0.0,0.0,0.0,0.0,496.0,0,0.062509375,False,REGULAR,USD,Call,MSFT,407.7799987792969,0.2391426453723407,0.0085340134641657,2026-06-05,35,0.0958904109589041,1.1035362238145323,0.0,3.01,0.0,0.1035362238145325,0.035850000381469724,0.062509375,market_iv,call,ITM,0.0,3.01,False,Microsoft Corp.,Technology,2026-05-01
MSFT260605C00455000,2026-04-30 19:41:06+00:00,455.0,2.5,0.0,0.0,0.0,0.0,142.0,0,0.062509375,False,REGULAR,USD,Call,MSFT,407.7799987792969,0.2391426453723407,0.0085340134641657,2026-06-05,35,0.0958904109589041,1.115797737412472,0.0,2.5,0.0,0.1157977374124719,0.035850000381469724,0.062509375,market_iv,call,ITM,0.0,2.5,False,Microsoft Corp.,Technology,2026-05-01
MSFT260605C00360000,2026-04-30 17:10:13+00:00,360.0,42.84,0.0,0.0,0.0,0.0,6.0,0,1.0000000000000004e-05,True,REGULAR,USD,Call,MSFT,407.7799987792969,0.2391426453723407,0.0085340134641657,2026-06-05,35,0.0958904109589041,0.8828289790516262,0.0,42.84,0.0,0.1171710209483738,0.035850000381469724,0.2391426453723407,hist_vol_fallback,call,OTM,47.779998779296875,0.0,False,Microsoft Corp.,Technology,2026-05-01
MSFT260605C00460000,2026-04-30 19:59:53+00:00,460.0,2.0,0.0,0.0,0.0,0.0,352.0,0,0.062509375,False,REGULAR,USD,Call,MSFT,407.7799987792969,0.2391426453723407,0.0085340134641657,2026-06-05,35,0.0958904109589041,1.128059251010411,0.0,2.0,0.0,0.128059251010411,0.035850000381469724,0.062509375,market_iv,call,ITM,0.0,2.0,False,Microsoft Corp.,Technology,2026-05-01
MSFT260605P00410000,2026-04-30 19:57:17+00:00,410.0,14.65,0.0,0.0,0.0,0.0,93.0,0,1.0000000000000004e-05,True,REGULAR,USD,Put,MSFT,407.7799987792969,0.2391426453723407,0.0085340134641657,2026-06-05,35,0.0958904109589041,1.0054441150310187,0.0,14.65,0.0,0.0054441150310187,0.035850000381469724,0.2391426453723407,hist_vol_fallback,put,ATM,2.220001220703125,12.429998779296875,True,Microsoft Corp.,Technology,2026-05-01
MSFT260605P00405000,2026-04-30 19:52:21+00:00,405.0,12.33,0.0,0.0,0.0,0.0,51.0,0,0.007822421875,False,REGULAR,USD,Put,MSFT,407.7799987792969,0.2391426453723407,0.0085340134641657,2026-06-05,35,0.0958904109589041,0.9931826014330792,0.0,12.33,0.0,0.0068173985669206,0.035850000381469724,0.2391426453723407,hist_vol_fallback,put,ATM,0.0,12.33,True,Microsoft Corp.,Technology,2026-05-01
MSFT260605P00415000,2026-04-30 19:24:02+00:00,415.0,17.75,0.0,0.0,0.0,0.0,48.0,0,1.0000000000000004e-05,True,REGULAR,USD,Put,MSFT,407.7799987792969,0.2391426453723407,0.0085340134641657,2026-06-05,35,0.0958904109589041,1.017705628628958,0.0,17.75,0.0,0.0177056286289578,0.035850000381469724,0.2391426453723407,hist_vol_fallback,put,ATM,7.220001220703125,10.529998779296875,True,Microsoft Corp.,Technology,2026-05-01
MSFT260605P00400000,2026-04-30 19:59:27+00:00,400.0,10.24,0.0,0.0,0.0,0.0,324.0,0,0.01563484375,False,REGULAR,USD,Put,MSFT,407.7799987792969,0.2391426453723407,0.0085340134641657,2026-06-05,35,0.0958904109589041,0.98092108783514,0.0,10.24,0.0,0.0190789121648599,0.035850000381469724,0.01563484375,market_iv,put,ATM,0.0,10.24,True,Microsoft Corp.,Technology,2026-05-01
MSFT260605P00420000,2026-04-30 15:25:01+00:00,420.0,23.7,0.0,0.0,0.0,0.0,70.0,0,1.0000000000000004e-05,True,REGULAR,USD,Put,MSFT,407.7799987792969,0.2391426453723407,0.0085340134641657,2026-06-05,35,0.0958904109589041,1.0299671422268972,0.0,23.7,0.0,0.0299671422268972,0.035850000381469724,0.2391426453723407,hist_vol_fallback,put,ATM,12.220001220703125,11.479998779296874,True,Microsoft Corp.,Technology,2026-05-01
MSFT260605P00395000,2026-04-30 19:59:27+00:00,395.0,8.32,0.0,0.0,0.0,0.0,76.0,0,0.0312596875,False,REGULAR,USD,Put,MSFT,407.7799987792969,0.2391426453723407,0.0085340134641657,2026-06-05,35,0.0958904109589041,0.9686595742372008,0.0,8.32,0.0,0.0313404257627991,0.035850000381469724,0.0312596875,market_iv,put,ITM,0.0,8.32,True,Microsoft Corp.,Technology,2026-05-01
MSFT260605P00425000,2026-04-30 18:50:15+00:00,425.0,25.2,0.0,0.0,0.0,0.0,24.0,0,1.0000000000000004e-05,True,REGULAR,USD,Put,MSFT,407.7799987792969,0.2391426453723407,0.0085340134641657,2026-06-05,35,0.0958904109589041,1.0422286558248364,0.0,25.2,0.0,0.0422286558248363,0.035850000381469724,0.2391426453723407,hist_vol_fallback,put,OTM,17.220001220703125,7.979998779296874,True,Microsoft Corp.,Technology,2026-05-01
MSFT260605P00390000,2026-04-30 19:55:54+00:00,390.0,6.57,0.0,0.0,0.0,0.0,423.0,0,0.0312596875,False,REGULAR,USD,Put,MSFT,407.7799987792969,0.2391426453723407,0.0085340134641657,2026-06-05,35,0.0958904109589041,0.9563980606392616,0.0,6.57,0.0,0.0436019393607384,0.035850000381469724,0.0312596875,market_iv,put,ITM,0.0,6.57,True,Microsoft Corp.,Technology,2026-05-01
MSFT260605P00430000,2026-04-30 17:57:15+00:00,430.0,32.9,0.0,0.0,0.0,0.0,76.0,0,1.0000000000000004e-05,True,REGULAR,USD,Put,MSFT,407.7799987792969,0.2391426453723407,0.0085340134641657,2026-06-05,35,0.0958904109589041,1.0544901694227755,0.0,32.9,0.0,0.0544901694227757,0.035850000381469724,0.2391426453723407,hist_vol_fallback,put,OTM,22.220001220703125,10.679998779296874,True,Microsoft Corp.,Technology,2026-05-01
MSFT260605P00385000,2026-04-30 19:57:59+00:00,385.0,5.5,0.0,0.0,0.0,0.0,136.0,0,0.0312596875,False,REGULAR,USD,Put,MSFT,407.7799987792969,0.2391426453723407,0.0085340134641657,2026-06-05,35,0.0958904109589041,0.9441365470413224,0.0,5.5,0.0,0.0558634529586776,0.035850000381469724,0.0312596875,market_iv,put,ITM,0.0,5.5,True,Microsoft Corp.,Technology,2026-05-01
MSFT260605P00435000,2026-04-30 14:23:39+00:00,435.0,36.59,0.0,0.0,0.0,0.0,2.0,0,1.0000000000000004e-05,True,REGULAR,USD,Put,MSFT,407.7799987792969,0.2391426453723407,0.0085340134641657,2026-06-05,35,0.0958904109589041,1.0667516830207149,0.0,36.59,0.0,0.0667516830207148,0.035850000381469724,0.2391426453723407,hist_vol_fallback,put,OTM,27.220001220703125,9.369998779296878,True,Microsoft Corp.,Technology,2026-05-01
MSFT260605P00380000,2026-04-30 19:55:34+00:00,380.0,4.29,0.0,0.0,0.0,0.0,457.0,0,0.062509375,False,REGULAR,USD,Put,MSFT,407.7799987792969,0.2391426453723407,0.0085340134641657,2026-06-05,35,0.0958904109589041,0.9318750334433832,0.0,4.29,0.0,0.0681249665566169,0.035850000381469724,0.062509375,market_iv,put,ITM,0.0,4.29,True,Microsoft Corp.,Technology,2026-05-01
MSFT260605P00440000,2026-04-29 18:37:15+00:00,440.0,29.5,0.0,0.0,0.0,0.0,17.0,0,1.0000000000000004e-05,True,REGULAR,USD,Put,MSFT,407.7799987792969,0.2391426453723407,0.0085340134641657,2026-06-05,35,0.0958904109589041,1.079013196618654,0.0,29.5,0.0,0.079013196618654,0.035850000381469724,0.2391426453723407,hist_vol_fallback,put,OTM,32.220001220703125,0.0,True,Microsoft Corp.,Technology,2026-05-01
MSFT260605P00375000,2026-04-30 19:55:34+00:00,375.0,3.54,0.0,0.0,0.0,0.0,172.0,0,0.062509375,False,REGULAR,USD,Put,MSFT,407.7799987792969,0.2391426453723407,0.0085340134641657,2026-06-05,35,0.0958904109589041,0.9196135198454438,0.0,3.54,0.0,0.0803864801545561,0.035850000381469724,0.062509375,market_iv,put,ITM,0.0,3.54,True,Microsoft Corp.,Technology,2026-05-01
MSFT260605P00445000,2026-04-30 13:57:14+00:00,445.0,42.3,0.0,0.0,0.0,0.0,5.0,0,1.0000000000000004e-05,True,REGULAR,USD,Put,MSFT,407.7799987792969,0.2391426453723407,0.0085340134641657,2026-06-05,35,0.0958904109589041,1.0912747102165934,0.0,42.3,0.0,0.0912747102165933,0.035850000381469724,0.2391426453723407,hist_vol_fallback,put,OTM,37.220001220703125,5.079998779296872,True,Microsoft Corp.,Technology,2026-05-01
MSFT260605P00370000,2026-04-30 19:54:29+00:00,370.0,2.72,0.0,0.0,0.0,0.0,422.0,0,0.062509375,False,REGULAR,USD,Put,MSFT,407.7799987792969,0.2391426453723407,0.0085340134641657,2026-06-05,35,0.0958904109589041,0.9073520062475046,0.0,2.72,0.0,0.0926479937524954,0.035850000381469724,0.062509375,market_iv,put,ITM,0.0,2.72,True,Microsoft Corp.,Technology,2026-05-01
MSFT260605P00450000,2026-04-30 14:42:11+00:00,450.0,49.41,0.0,0.0,0.0,0.0,3.0,0,1.0000000000000004e-05,True,REGULAR,USD,Put,MSFT,407.7799987792969,0.2391426453723407,0.0085340134641657,2026-06-05,35,0.0958904109589041,1.1035362238145323,0.0,49.41,0.0,0.1035362238145325,0.035850000381469724,0.2391426453723407,hist_vol_fallback,put,OTM,42.220001220703125,7.189998779296872,True,Microsoft Corp.,Technology,2026-05-01
MSFT260605P00365000,2026-04-30 19:50:00+00:00,365.0,2.15,0.0,0.0,0.0,0.0,143.0,0,0.062509375,False,REGULAR,USD,Put,MSFT,407.7799987792969,0.2391426453723407,0.0085340134641657,2026-06-05,35,0.0958904109589041,0.8950904926495653,0.0,2.15,0.0,0.1049095073504347,0.035850000381469724,0.062509375,market_iv,put,ITM,0.0,2.15,True,Microsoft Corp.,Technology,2026-05-01
MSFT260605P00455000,2026-04-30 13:57:15+00:00,455.0,51.1,0.0,0.0,0.0,0.0,10.0,0,1.0000000000000004e-05,True,REGULAR,USD,Put,MSFT,407.7799987792969,0.2391426453723407,0.0085340134641657,2026-06-05,35,0.0958904109589041,1.115797737412472,0.0,51.1,0.0,0.1157977374124719,0.035850000381469724,0.2391426453723407,hist_vol_fallback,put,OTM,47.220001220703125,3.8799987792968764,True,Microsoft Corp.,Technology,2026-05-01
MSFT260605P00360000,2026-04-30 19:39:17+00:00,360.0,1.81,0.0,0.0,0.0,0.0,229.0,0,0.062509375,False,REGULAR,USD,Put,MSFT,407.7799987792969,0.2391426453723407,0.0085340134641657,2026-06-05,35,0.0958904109589041,0.8828289790516262,0.0,1.81,0.0,0.1171710209483738,0.035850000381469724,0.062509375,market_iv,put,ITM,0.0,1.81,True,Microsoft Corp.,Technology,2026-05-01
NVDA260522C00200000,2026-04-30 19:59:52+00:00,200.0,9.48,0.0,0.0,0.0,0.0,6336.0,0,0.0039162109375,False,REGULAR,USD,Call,NVDA,199.57000732421875,0.3384348006616123,0.0002004309191361,2026-05-22,21,0.0575342465753424,1.002154595680716,0.0,9.48,0.0,0.002154595680716,0.035850000381469724,0.3384348006616123,hist_vol_fallback,call,ATM,0.0,9.48,False,NVIDIA Corp.,Technology,2026-05-01
NVDA260522C00195000,2026-04-30 19:59:45+00:00,195.0,12.23,0.0,0.0,0.0,0.0,1872.0,0,1.0000000000000004e-05,True,REGULAR,USD,Call,NVDA,199.57000732421875,0.3384348006616123,0.0002004309191361,2026-05-22,21,0.0575342465753424,0.9771007307886982,0.0,12.23,0.0,0.0228992692113018,0.035850000381469724,0.3384348006616123,hist_vol_fallback,call,ATM,4.57000732421875,7.65999267578125,False,NVIDIA Corp.,Technology,2026-05-01
NVDA260522C00205000,2026-04-30 19:59:55+00:00,205.0,7.2,0.0,0.0,0.0,0.0,4558.0,0,0.0312596875,False,REGULAR,USD,Call,NVDA,199.57000732421875,0.3384348006616123,0.0002004309191361,2026-05-22,21,0.0575342465753424,1.027208460572734,0.0,7.2,0.0,0.027208460572734,0.035850000381469724,0.0312596875,market_iv,call,ATM,0.0,7.2,False,NVIDIA Corp.,Technology,2026-05-01
NVDA260522C00190000,2026-04-30 19:59:42+00:00,190.0,15.5,0.0,0.0,0.0,0.0,678.0,0,1.0000000000000004e-05,True,REGULAR,USD,Call,NVDA,199.57000732421875,0.3384348006616123,0.0002004309191361,2026-05-22,21,0.0575342465753424,0.9520468658966804,0.0,15.5,0.0,0.0479531341033196,0.035850000381469724,0.3384348006616123,hist_vol_fallback,call,OTM,9.57000732421875,5.92999267578125,False,NVIDIA Corp.,Technology,2026-05-01
NVDA260522C00210000,2026-04-30 19:59:50+00:00,210.0,5.35,0.0,0.0,0.0,0.0,6209.0,0,0.062509375,False,REGULAR,USD,Call,NVDA,199.57000732421875,0.3384348006616123,0.0002004309191361,2026-05-22,21,0.0575342465753424,1.0522623254647518,0.0,5.35,0.0,0.0522623254647518,0.035850000381469724,0.062509375,market_iv,call,ITM,0.0,5.35,False,NVIDIA Corp.,Technology,2026-05-01
NVDA260522C00185000,2026-04-30 19:59:18+00:00,185.0,19.11,0.0,0.0,0.0,0.0,240.0,0,1.0000000000000004e-05,True,REGULAR,USD,Call,NVDA,199.57000732421875,0.3384348006616123,0.0002004309191361,2026-05-22,21,0.0575342465753424,0.9269930010046624,0.0,19.11,0.0,0.0730069989953375,0.035850000381469724,0.3384348006616123,hist_vol_fallback,call,OTM,14.57000732421875,4.539992675781249,False,NVIDIA Corp.,Technology,2026-05-01
NVDA260522C00215000,2026-04-30 19:59:58+00:00,215.0,3.95,0.0,0.0,0.0,0.0,7761.0,0,0.062509375,False,REGULAR,USD,Call,NVDA,199.57000732421875,0.3384348006616123,0.0002004309191361,2026-05-22,21,0.0575342465753424,1.0773161903567698,0.0,3.95,0.0,0.0773161903567698,0.035850000381469724,0.062509375,market_iv,call,ITM,0.0,3.95,False,NVIDIA Corp.,Technology,2026-05-01
NVDA260522C00180000,2026-04-30 19:59:38+00:00,180.0,23.07,0.0,0.0,0.0,0.0,568.0,0,1.0000000000000004e-05,True,REGULAR,USD,Call,NVDA,199.57000732421875,0.3384348006616123,0.0002004309191361,2026-05-22,21,0.0575342465753424,0.9019391361126444,0.0,23.07,0.0,0.0980608638873554,0.035850000381469724,0.3384348006616123,hist_vol_fallback,call,OTM,19.57000732421875,3.4999926757812503,False,NVIDIA Corp.,Technology,2026-05-01
NVDA260522C00220000,2026-04-30 19:59:45+00:00,220.0,2.86,0.0,0.0,0.0,0.0,7723.0,0,0.062509375,False,REGULAR,USD,Call,NVDA,199.57000732421875,0.3384348006616123,0.0002004309191361,2026-05-22,21,0.0575342465753424,1.1023700552487878,0.0,2.86,0.0,0.1023700552487878,0.035850000381469724,0.062509375,market_iv,call,ITM,0.0,2.86,False,NVIDIA Corp.,Technology,2026-05-01
NVDA260522C00175000,2026-04-30 19:32:24+00:00,175.0,27.93,0.0,0.0,0.0,0.0,103.0,0,1.0000000000000004e-05,True,REGULAR,USD,Call,NVDA,199.57000732421875,0.3384348006616123,0.0002004309191361,2026-05-22,21,0.0575342465753424,0.8768852712206266,0.0,27.93,0.0,0.1231147287793733,0.035850000381469724,0.3384348006616123,hist_vol_fallback,call,OTM,24.57000732421875,3.3599926757812497,False,NVIDIA Corp.,Technology,2026-05-01
NVDA260522C00225000,2026-04-30 19:59:42+00:00,225.0,2.11,0.0,0.0,0.0,0.0,6390.0,0,0.12500875,False,REGULAR,USD,Call,NVDA,199.57000732421875,0.3384348006616123,0.0002004309191361,2026-05-22,21,0.0575342465753424,1.1274239201408056,0.0,2.11,0.0,0.1274239201408056,0.035850000381469724,0.12500875,market_iv,call,ITM,0.0,2.11,False,NVIDIA Corp.,Technology,2026-05-01
NVDA260522C00170000,2026-04-30 19:39:58+00:00,170.0,32.5,0.0,0.0,0.0,0.0,151.0,0,1.0000000000000004e-05,True,REGULAR,USD,Call,NVDA,199.57000732421875,0.3384348006616123,0.0002004309191361,2026-05-22,21,0.0575342465753424,0.8518314063286088,0.0,32.5,0.0,0.1481685936713912,0.035850000381469724,0.3384348006616123,hist_vol_fallback,call,OTM,29.57000732421875,2.92999267578125,False,NVIDIA Corp.,Technology,2026-05-01
NVDA260522P00200000,2026-04-30 19:59:47+00:00,200.0,9.2,0.0,0.0,0.0,0.0,2135.0,0,1.0000000000000004e-05,True,REGULAR,USD,Put,NVDA,199.57000732421875,0.3384348006616123,0.0002004309191361,2026-05-22,21,0.0575342465753424,1.002154595680716,0.0,9.2,0.0,0.002154595680716,0.035850000381469724,0.3384348006616123,hist_vol_fallback,put,ATM,0.42999267578125,8.77000732421875,True,NVIDIA Corp.,Technology,2026-05-01
NVDA260522P00195000,2026-04-30 19:59:45+00:00,195.0,7.0,0.0,0.0,0.0,0.0,1000.0,0,0.0312596875,False,REGULAR,USD,Put,NVDA,199.57000732421875,0.3384348006616123,0.0002004309191361,2026-05-22,21,0.0575342465753424,0.9771007307886982,0.0,7.0,0.0,0.0228992692113018,0.035850000381469724,0.0312596875,market_iv,put,ATM,0.0,7.0,True,NVIDIA Corp.,Technology,2026-05-01
NVDA260522P00205000,2026-04-30 19:54:25+00:00,205.0,11.49,0.0,0.0,0.0,0.0,2123.0,0,1.0000000000000004e-05,True,REGULAR,USD,Put,NVDA,199.57000732421875,0.3384348006616123,0.0002004309191361,2026-05-22,21,0.0575342465753424,1.027208460572734,0.0,11.49,0.0,0.027208460572734,0.035850000381469724,0.3384348006616123,hist_vol_fallback,put,ATM,5.42999267578125,6.06000732421875,True,NVIDIA Corp.,Technology,2026-05-01
NVDA260522P00190000,2026-04-30 19:59:46+00:00,190.0,5.15,0.0,0.0,0.0,0.0,1724.0,0,0.062509375,False,REGULAR,USD,Put,NVDA,199.57000732421875,0.3384348006616123,0.0002004309191361,2026-05-22,21,0.0575342465753424,0.9520468658966804,0.0,5.15,0.0,0.0479531341033196,0.035850000381469724,0.062509375,market_iv,put,ITM,0.0,5.15,True,NVIDIA Corp.,Technology,2026-05-01
NVDA260522P00210000,2026-04-30 19:59:09+00:00,210.0,14.98,0.0,0.0,0.0,0.0,574.0,0,1.0000000000000004e-05,True,REGULAR,USD,Put,NVDA,199.57000732421875,0.3384348006616123,0.0002004309191361,2026-05-22,21,0.0575342465753424,1.0522623254647518,0.0,14.98,0.0,0.0522623254647518,0.035850000381469724,0.3384348006616123,hist_vol_fallback,put,OTM,10.42999267578125,4.55000732421875,True,NVIDIA Corp.,Technology,2026-05-01
NVDA260522P00185000,2026-04-30 19:59:45+00:00,185.0,3.7,0.0,0.0,0.0,0.0,1447.0,0,0.062509375,False,REGULAR,USD,Put,NVDA,199.57000732421875,0.3384348006616123,0.0002004309191361,2026-05-22,21,0.0575342465753424,0.9269930010046624,0.0,3.7,0.0,0.0730069989953375,0.035850000381469724,0.062509375,market_iv,put,ITM,0.0,3.7,True,NVIDIA Corp.,Technology,2026-05-01
NVDA260522P00215000,2026-04-30 19:55:31+00:00,215.0,18.5,0.0,0.0,0.0,0.0,278.0,0,1.0000000000000004e-05,True,REGULAR,USD,Put,NVDA,199.57000732421875,0.3384348006616123,0.0002004309191361,2026-05-22,21,0.0575342465753424,1.0773161903567698,0.0,18.5,0.0,0.0773161903567698,0.035850000381469724,0.3384348006616123,hist_vol_fallback,put,OTM,15.42999267578125,3.07000732421875,True,NVIDIA Corp.,Technology,2026-05-01
NVDA260522P00180000,2026-04-30 19:59:45+00:00,180.0,2.6,0.0,0.0,0.0,0.0,3600.0,0,0.12500875,False,REGULAR,USD,Put,NVDA,199.57000732421875,0.3384348006616123,0.0002004309191361,2026-05-22,21,0.0575342465753424,0.9019391361126444,0.0,2.6,0.0,0.0980608638873554,0.035850000381469724,0.12500875,market_iv,put,ITM,0.0,2.6,True,NVIDIA Corp.,Technology,2026-05-01
NVDA260522P00220000,2026-04-30 17:10:33+00:00,220.0,21.71,0.0,0.0,0.0,0.0,66.0,0,1.0000000000000004e-05,True,REGULAR,USD,Put,NVDA,199.57000732421875,0.3384348006616123,0.0002004309191361,2026-05-22,21,0.0575342465753424,1.1023700552487878,0.0,21.71,0.0,0.1023700552487878,0.035850000381469724,0.3384348006616123,hist_vol_fallback,put,OTM,20.42999267578125,1.2800073242187509,True,NVIDIA Corp.,Technology,2026-05-01
NVDA260522P00175000,2026-04-30 19:57:21+00:00,175.0,1.8,0.0,0.0,0.0,0.0,1009.0,0,0.12500875,False,REGULAR,USD,Put,NVDA,199.57000732421875,0.3384348006616123,0.0002004309191361,2026-05-22,21,0.0575342465753424,0.8768852712206266,0.0,1.8,0.0,0.1231147287793733,0.035850000381469724,0.12500875,market_iv,put,ITM,0.0,1.8,True,NVIDIA Corp.,Technology,2026-05-01
NVDA260522P00225000,2026-04-30 19:37:07+00:00,225.0,26.01,0.0,0.0,0.0,0.0,17.0,0,1.0000000000000004e-05,True,REGULAR,USD,Put,NVDA,199.57000732421875,0.3384348006616123,0.0002004309191361,2026-05-22,21,0.0575342465753424,1.1274239201408056,0.0,26.01,0.0,0.1274239201408056,0.035850000381469724,0.3384348006616123,hist_vol_fallback,put,OTM,25.42999267578125,0.5800073242187516,True,NVIDIA Corp.,Technology,2026-05-01
NVDA260522P00170000,2026-04-30 19:59:45+00:00,170.0,1.26,0.0,0.0,0.0,0.0,1052.0,0,0.12500875,False,REGULAR,USD,Put,NVDA,199.57000732421875,0.3384348006616123,0.0002004309191361,2026-05-22,21,0.0575342465753424,0.8518314063286088,0.0,1.26,0.0,0.1481685936713912,0.035850000381469724,0.12500875,market_iv,put,ITM,0.0,1.26,True,NVIDIA Corp.,Technology,2026-05-01
NVDA260529C00200000,2026-04-30 19:59:45+00:00,200.0,10.3,0.0,0.0,0.0,0.0,14111.0,0,0.00196310546875,False,REGULAR,USD,Call,NVDA,199.57000732421875,0.3384348006616123,0.0002004309191361,2026-05-29,28,0.0767123287671232,1.002154595680716,0.0,10.3,0.0,0.002154595680716,0.035850000381469724,0.3384348006616123,hist_vol_fallback,call,ATM,0.0,10.3,False,NVIDIA Corp.,Technology,2026-05-01
NVDA260529C00195000,2026-04-30 19:59:06+00:00,195.0,13.25,0.0,0.0,0.0,0.0,1390.0,0,1.0000000000000004e-05,True,REGULAR,USD,Call,NVDA,199.57000732421875,0.3384348006616123,0.0002004309191361,2026-05-29,28,0.0767123287671232,0.9771007307886982,0.0,13.25,0.0,0.0228992692113018,0.035850000381469724,0.3384348006616123,hist_vol_fallback,call,ATM,4.57000732421875,8.67999267578125,False,NVIDIA Corp.,Technology,2026-05-01
NVDA260529C00205000,2026-04-30 19:59:56+00:00,205.0,7.91,0.0,0.0,0.0,0.0,12296.0,0,0.0312596875,False,REGULAR,USD,Call,NVDA,199.57000732421875,0.3384348006616123,0.0002004309191361,2026-05-29,28,0.0767123287671232,1.027208460572734,0.0,7.91,0.0,0.027208460572734,0.035850000381469724,0.0312596875,market_iv,call,ATM,0.0,7.91,False,NVIDIA Corp.,Technology,2026-05-01
NVDA260529C00190000,2026-04-30 19:59:33+00:00,190.0,16.3,0.0,0.0,0.0,0.0,451.0,0,1.0000000000000004e-05,True,REGULAR,USD,Call,NVDA,199.57000732421875,0.3384348006616123,0.0002004309191361,2026-05-29,28,0.0767123287671232,0.9520468658966804,0.0,16.3,0.0,0.0479531341033196,0.035850000381469724,0.3384348006616123,hist_vol_fallback,call,OTM,9.57000732421875,6.729992675781251,False,NVIDIA Corp.,Technology,2026-05-01
NVDA260529C00210000,2026-04-30 19:59:55+00:00,210.0,6.05,0.0,0.0,0.0,0.0,6502.0,0,0.0312596875,False,REGULAR,USD,Call,NVDA,199.57000732421875,0.3384348006616123,0.0002004309191361,2026-05-29,28,0.0767123287671232,1.0522623254647518,0.0,6.05,0.0,0.0522623254647518,0.035850000381469724,0.0312596875,market_iv,call,ITM,0.0,6.05,False,NVIDIA Corp.,Technology,2026-05-01
NVDA260529C00185000,2026-04-30 19:57:39+00:00,185.0,19.8,0.0,0.0,0.0,0.0,272.0,0,1.0000000000000004e-05,True,REGULAR,USD,Call,NVDA,199.57000732421875,0.3384348006616123,0.0002004309191361,2026-05-29,28,0.0767123287671232,0.9269930010046624,0.0,19.8,0.0,0.0730069989953375,0.035850000381469724,0.3384348006616123,hist_vol_fallback,call,OTM,14.57000732421875,5.229992675781251,False,NVIDIA Corp.,Technology,2026-05-01
NVDA260529C00215000,2026-04-30 19:59:53+00:00,215.0,4.5,0.0,0.0,0.0,0.0,5418.0,0,0.062509375,False,REGULAR,USD,Call,NVDA,199.57000732421875,0.3384348006616123,0.0002004309191361,2026-05-29,28,0.0767123287671232,1.0773161903567698,0.0,4.5,0.0,0.0773161903567698,0.035850000381469724,0.062509375,market_iv,call,ITM,0.0,4.5,False,NVIDIA Corp.,Technology,2026-05-01
NVDA260529C00180000,2026-04-30 19:59:38+00:00,180.0,23.67,0.0,0.0,0.0,0.0,198.0,0,1.0000000000000004e-05,True,REGULAR,USD,Call,NVDA,199.57000732421875,0.3384348006616123,0.0002004309191361,2026-05-29,28,0.0767123287671232,0.9019391361126444,0.0,23.67,0.0,0.0980608638873554,0.035850000381469724,0.3384348006616123,hist_vol_fallback,call,OTM,19.57000732421875,4.099992675781252,False,NVIDIA Corp.,Technology,2026-05-01
NVDA260529C00220000,2026-04-30 19:59:54+00:00,220.0,3.37,0.0,0.0,0.0,0.0,7723.0,0,0.062509375,False,REGULAR,USD,Call,NVDA,199.57000732421875,0.3384348006616123,0.0002004309191361,2026-05-29,28,0.0767123287671232,1.1023700552487878,0.0,3.37,0.0,0.1023700552487878,0.035850000381469724,0.062509375,market_iv,call,ITM,0.0,3.37,False,NVIDIA Corp.,Technology,2026-05-01
NVDA260529C00175000,2026-04-30 19:57:22+00:00,175.0,27.8,0.0,0.0,0.0,0.0,68.0,0,1.0000000000000004e-05,True,REGULAR,USD,Call,NVDA,199.57000732421875,0.3384348006616123,0.0002004309191361,2026-05-29,28,0.0767123287671232,0.8768852712206266,0.0,27.8,0.0,0.1231147287793733,0.035850000381469724,0.3384348006616123,hist_vol_fallback,call,OTM,24.57000732421875,3.2299926757812507,False,NVIDIA Corp.,Technology,2026-05-01
NVDA260529C00225000,2026-04-30 19:59:50+00:00,225.0,2.48,0.0,0.0,0.0,0.0,27927.0,0,0.12500875,False,REGULAR,USD,Call,NVDA,199.57000732421875,0.3384348006616123,0.0002004309191361,2026-05-29,28,0.0767123287671232,1.1274239201408056,0.0,2.48,0.0,0.1274239201408056,0.035850000381469724,0.12500875,market_iv,call,ITM,0.0,2.48,False,NVIDIA Corp.,Technology,2026-05-01
NVDA260529C00170000,2026-04-30 19:46:40+00:00,170.0,32.95,0.0,0.0,0.0,0.0,115.0,0,1.0000000000000004e-05,True,REGULAR,USD,Call,NVDA,199.57000732421875,0.3384348006616123,0.0002004309191361,2026-05-29,28,0.0767123287671232,0.8518314063286088,0.0,32.95,0.0,0.1481685936713912,0.035850000381469724,0.3384348006616123,hist_vol_fallback,call,OTM,29.57000732421875,3.379992675781253,False,NVIDIA Corp.,Technology,2026-05-01
NVDA260529P00200000,2026-04-30 19:59:55+00:00,200.0,10.0,0.0,0.0,0.0,0.0,1294.0,0,1.0000000000000004e-05,True,REGULAR,USD,Put,NVDA,199.57000732421875,0.3384348006616123,0.0002004309191361,2026-05-29,28,0.0767123287671232,1.002154595680716,0.0,10.0,0.0,0.002154595680716,0.035850000381469724,0.3384348006616123,hist_vol_fallback,put,ATM,0.42999267578125,9.57000732421875,True,NVIDIA Corp.,Technology,2026-05-01
NVDA260529P00195000,2026-04-30 19:59:45+00:00,195.0,7.6,0.0,0.0,0.0,0.0,2871.0,0,0.01563484375,False,REGULAR,USD,Put,NVDA,199.57000732421875,0.3384348006616123,0.0002004309191361,2026-05-29,28,0.0767123287671232,0.9771007307886982,0.0,7.6,0.0,0.0228992692113018,0.035850000381469724,0.01563484375,market_iv,put,ATM,0.0,7.6,True,NVIDIA Corp.,Technology,2026-05-01
NVDA260529P00205000,2026-04-30 19:59:42+00:00,205.0,12.5,0.0,0.0,0.0,0.0,450.0,0,1.0000000000000004e-05,True,REGULAR,USD,Put,NVDA,199.57000732421875,0.3384348006616123,0.0002004309191361,2026-05-29,28,0.0767123287671232,1.027208460572734,0.0,12.5,0.0,0.027208460572734,0.035850000381469724,0.3384348006616123,hist_vol_fallback,put,ATM,5.42999267578125,7.07000732421875,True,NVIDIA Corp.,Technology,2026-05-01
NVDA260529P00190000,2026-04-30 19:59:45+00:00,190.0,5.7,0.0,0.0,0.0,0.0,1328.0,0,0.0312596875,False,REGULAR,USD,Put,NVDA,199.57000732421875,0.3384348006616123,0.0002004309191361,2026-05-29,28,0.0767123287671232,0.9520468658966804,0.0,5.7,0.0,0.0479531341033196,0.035850000381469724,0.0312596875,market_iv,put,ITM,0.0,5.7,True,NVIDIA Corp.,Technology,2026-05-01
NVDA260529P00210000,2026-04-30 19:59:45+00:00,210.0,15.71,0.0,0.0,0.0,0.0,221.0,0,1.0000000000000004e-05,True,REGULAR,USD,Put,NVDA,199.57000732421875,0.3384348006616123,0.0002004309191361,2026-05-29,28,0.0767123287671232,1.0522623254647518,0.0,15.71,0.0,0.0522623254647518,0.035850000381469724,0.3384348006616123,hist_vol_fallback,put,OTM,10.42999267578125,5.280007324218751,True,NVIDIA Corp.,Technology,2026-05-01
NVDA260529P00185000,2026-04-30 19:59:45+00:00,185.0,4.25,0.0,0.0,0.0,0.0,1985.0,0,0.062509375,False,REGULAR,USD,Put,NVDA,199.57000732421875,0.3384348006616123,0.0002004309191361,2026-05-29,28,0.0767123287671232,0.9269930010046624,0.0,4.25,0.0,0.0730069989953375,0.035850000381469724,0.062509375,market_iv,put,ITM,0.0,4.25,True,NVIDIA Corp.,Technology,2026-05-01
NVDA260529P00215000,2026-04-30 19:59:45+00:00,215.0,19.18,0.0,0.0,0.0,0.0,362.0,0,1.0000000000000004e-05,True,REGULAR,USD,Put,NVDA,199.57000732421875,0.3384348006616123,0.0002004309191361,2026-05-29,28,0.0767123287671232,1.0773161903567698,0.0,19.18,0.0,0.0773161903567698,0.035850000381469724,0.3384348006616123,hist_vol_fallback,put,OTM,15.42999267578125,3.7500073242187497,True,NVIDIA Corp.,Technology,2026-05-01
NVDA260529P00180000,2026-04-30 19:59:50+00:00,180.0,3.15,0.0,0.0,0.0,0.0,3166.0,0,0.062509375,False,REGULAR,USD,Put,NVDA,199.57000732421875,0.3384348006616123,0.0002004309191361,2026-05-29,28,0.0767123287671232,0.9019391361126444,0.0,3.15,0.0,0.0980608638873554,0.035850000381469724,0.062509375,market_iv,put,ITM,0.0,3.15,True,NVIDIA Corp.,Technology,2026-05-01
NVDA260529P00220000,2026-04-30 19:16:29+00:00,220.0,21.78,0.0,0.0,0.0,0.0,62.0,0,1.0000000000000004e-05,True,REGULAR,USD,Put,NVDA,199.57000732421875,0.3384348006616123,0.0002004309191361,2026-05-29,28,0.0767123287671232,1.1023700552487878,0.0,21.78,0.0,0.1023700552487878,0.035850000381469724,0.3384348006616123,hist_vol_fallback,put,OTM,20.42999267578125,1.3500073242187511,True,NVIDIA Corp.,Technology,2026-05-01
NVDA260529P00175000,2026-04-30 19:59:51+00:00,175.0,2.25,0.0,0.0,0.0,0.0,1189.0,0,0.12500875,False,REGULAR,USD,Put,NVDA,199.57000732421875,0.3384348006616123,0.0002004309191361,2026-05-29,28,0.0767123287671232,0.8768852712206266,0.0,2.25,0.0,0.1231147287793733,0.035850000381469724,0.12500875,market_iv,put,ITM,0.0,2.25,True,NVIDIA Corp.,Technology,2026-05-01
NVDA260529P00225000,2026-04-30 19:19:45+00:00,225.0,26.06,0.0,0.0,0.0,0.0,21.0,0,1.0000000000000004e-05,True,REGULAR,USD,Put,NVDA,199.57000732421875,0.3384348006616123,0.0002004309191361,2026-05-29,28,0.0767123287671232,1.1274239201408056,0.0,26.06,0.0,0.1274239201408056,0.035850000381469724,0.3384348006616123,hist_vol_fallback,put,OTM,25.42999267578125,0.6300073242187487,True,NVIDIA Corp.,Technology,2026-05-01
NVDA260529P00170000,2026-04-30 19:59:51+00:00,170.0,1.62,0.0,0.0,0.0,0.0,3072.0,0,0.12500875,False,REGULAR,USD,Put,NVDA,199.57000732421875,0.3384348006616123,0.0002004309191361,2026-05-29,28,0.0767123287671232,0.8518314063286088,0.0,1.62,0.0,0.1481685936713912,0.035850000381469724,0.12500875,market_iv,put,ITM,0.0,1.62,True,NVIDIA Corp.,Technology,2026-05-01
NVDA260605C00200000,2026-04-30 19:59:59+00:00,200.0,11.0,0.0,0.0,0.0,0.0,2272.0,0,0.00196310546875,False,REGULAR,USD,Call,NVDA,199.57000732421875,0.3384348006616123,0.0002004309191361,2026-06-05,35,0.0958904109589041,1.002154595680716,0.0,11.0,0.0,0.002154595680716,0.035850000381469724,0.3384348006616123,hist_vol_fallback,call,ATM,0.0,11.0,False,NVIDIA Corp.,Technology,2026-05-01
NVDA260605C00195000,2026-04-30 19:58:56+00:00,195.0,14.05,0.0,0.0,0.0,0.0,350.0,0,1.0000000000000004e-05,True,REGULAR,USD,Call,NVDA,199.57000732421875,0.3384348006616123,0.0002004309191361,2026-06-05,35,0.0958904109589041,0.9771007307886982,0.0,14.05,0.0,0.0228992692113018,0.035850000381469724,0.3384348006616123,hist_vol_fallback,call,ATM,4.57000732421875,9.47999267578125,False,NVIDIA Corp.,Technology,2026-05-01
NVDA260605C00205000,2026-04-30 19:59:50+00:00,205.0,8.8,0.0,0.0,0.0,0.0,1080.0,0,0.01563484375,False,REGULAR,USD,Call,NVDA,199.57000732421875,0.3384348006616123,0.0002004309191361,2026-06-05,35,0.0958904109589041,1.027208460572734,0.0,8.8,0.0,0.027208460572734,0.035850000381469724,0.01563484375,market_iv,call,ATM,0.0,8.8,False,NVIDIA Corp.,Technology,2026-05-01
NVDA260605C00190000,2026-04-30 19:59:39+00:00,190.0,17.15,0.0,0.0,0.0,0.0,211.0,0,1.0000000000000004e-05,True,REGULAR,USD,Call,NVDA,199.57000732421875,0.3384348006616123,0.0002004309191361,2026-06-05,35,0.0958904109589041,0.9520468658966804,0.0,17.15,0.0,0.0479531341033196,0.035850000381469724,0.3384348006616123,hist_vol_fallback,call,OTM,9.57000732421875,7.579992675781249,False,NVIDIA Corp.,Technology,2026-05-01
NVDA260605C00210000,2026-04-30 19:59:42+00:00,210.0,6.98,0.0,0.0,0.0,0.0,1355.0,0,0.0312596875,False,REGULAR,USD,Call,NVDA,199.57000732421875,0.3384348006616123,0.0002004309191361,2026-06-05,35,0.0958904109589041,1.0522623254647518,0.0,6.98,0.0,0.0522623254647518,0.035850000381469724,0.0312596875,market_iv,call,ITM,0.0,6.98,False,NVIDIA Corp.,Technology,2026-05-01
NVDA260605C00185000,2026-04-30 19:59:04+00:00,185.0,20.7,0.0,0.0,0.0,0.0,165.0,0,1.0000000000000004e-05,True,REGULAR,USD,Call,NVDA,199.57000732421875,0.3384348006616123,0.0002004309191361,2026-06-05,35,0.0958904109589041,0.9269930010046624,0.0,20.7,0.0,0.0730069989953375,0.035850000381469724,0.3384348006616123,hist_vol_fallback,call,OTM,14.57000732421875,6.129992675781249,False,NVIDIA Corp.,Technology,2026-05-01
NVDA260605C00215000,2026-04-30 19:55:15+00:00,215.0,5.45,0.0,0.0,0.0,0.0,742.0,0,0.062509375,False,REGULAR,USD,Call,NVDA,199.57000732421875,0.3384348006616123,0.0002004309191361,2026-06-05,35,0.0958904109589041,1.0773161903567698,0.0,5.45,0.0,0.0773161903567698,0.035850000381469724,0.062509375,market_iv,call,ITM,0.0,5.45,False,NVIDIA Corp.,Technology,2026-05-01
NVDA260605C00180000,2026-04-30 19:58:02+00:00,180.0,24.4,0.0,0.0,0.0,0.0,145.0,0,1.0000000000000004e-05,True,REGULAR,USD,Call,NVDA,199.57000732421875,0.3384348006616123,0.0002004309191361,2026-06-05,35,0.0958904109589041,0.9019391361126444,0.0,24.4,0.0,0.0980608638873554,0.035850000381469724,0.3384348006616123,hist_vol_fallback,call,OTM,19.57000732421875,4.829992675781249,False,NVIDIA Corp.,Technology,2026-05-01
NVDA260605C00220000,2026-04-30 19:59:41+00:00,220.0,4.12,0.0,0.0,0.0,0.0,8453.0,0,0.062509375,False,REGULAR,USD,Call,NVDA,199.57000732421875,0.3384348006616123,0.0002004309191361,2026-06-05,35,0.0958904109589041,1.1023700552487878,0.0,4.12,0.0,0.1023700552487878,0.035850000381469724,0.062509375,market_iv,call,ITM,0.0,4.12,False,NVIDIA Corp.,Technology,2026-05-01
NVDA260605C00175000,2026-04-30 18:55:12+00:00,175.0,30.01,0.0,0.0,0.0,0.0,21.0,0,1.0000000000000004e-05,True,REGULAR,USD,Call,NVDA,199.57000732421875,0.3384348006616123,0.0002004309191361,2026-06-05,35,0.0958904109589041,0.8768852712206266,0.0,30.01,0.0,0.1231147287793733,0.035850000381469724,0.3384348006616123,hist_vol_fallback,call,OTM,24.57000732421875,5.439992675781252,False,NVIDIA Corp.,Technology,2026-05-01
NVDA260605C00225000,2026-04-30 19:59:22+00:00,225.0,3.15,0.0,0.0,0.0,0.0,1854.0,0,0.062509375,False,REGULAR,USD,Call,NVDA,199.57000732421875,0.3384348006616123,0.0002004309191361,2026-06-05,35,0.0958904109589041,1.1274239201408056,0.0,3.15,0.0,0.1274239201408056,0.035850000381469724,0.062509375,market_iv,call,ITM,0.0,3.15,False,NVIDIA Corp.,Technology,2026-05-01
NVDA260605C00170000,2026-04-30 19:30:13+00:00,170.0,33.25,0.0,0.0,0.0,0.0,31.0,0,1.0000000000000004e-05,True,REGULAR,USD,Call,NVDA,199.57000732421875,0.3384348006616123,0.0002004309191361,2026-06-05,35,0.0958904109589041,0.8518314063286088,0.0,33.25,0.0,0.1481685936713912,0.035850000381469724,0.3384348006616123,hist_vol_fallback,call,OTM,29.57000732421875,3.67999267578125,False,NVIDIA Corp.,Technology,2026-05-01
NVDA260605P00200000,2026-04-30 19:59:56+00:00,200.0,10.62,0.0,0.0,0.0,0.0,567.0,0,1.0000000000000004e-05,True,REGULAR,USD,Put,NVDA,199.57000732421875,0.3384348006616123,0.0002004309191361,2026-06-05,35,0.0958904109589041,1.002154595680716,0.0,10.62,0.0,0.002154595680716,0.035850000381469724,0.3384348006616123,hist_vol_fallback,put,ATM,0.42999267578125,10.19000732421875,True,NVIDIA Corp.,Technology,2026-05-01
NVDA260605P00195000,2026-04-30 19:59:36+00:00,195.0,8.25,0.0,0.0,0.0,0.0,193.0,0,0.01563484375,False,REGULAR,USD,Put,NVDA,199.57000732421875,0.3384348006616123,0.0002004309191361,2026-06-05,35,0.0958904109589041,0.9771007307886982,0.0,8.25,0.0,0.0228992692113018,0.035850000381469724,0.01563484375,market_iv,put,ATM,0.0,8.25,True,NVIDIA Corp.,Technology,2026-05-01
NVDA260605P00205000,2026-04-30 19:54:38+00:00,205.0,12.8,0.0,0.0,0.0,0.0,129.0,0,1.0000000000000004e-05,True,REGULAR,USD,Put,NVDA,199.57000732421875,0.3384348006616123,0.0002004309191361,2026-06-05,35,0.0958904109589041,1.027208460572734,0.0,12.8,0.0,0.027208460572734,0.035850000381469724,0.3384348006616123,hist_vol_fallback,put,ATM,5.42999267578125,7.370007324218751,True,NVIDIA Corp.,Technology,2026-05-01
NVDA260605P00190000,2026-04-30 19:59:50+00:00,190.0,6.5,0.0,0.0,0.0,0.0,469.0,0,0.0312596875,False,REGULAR,USD,Put,NVDA,199.57000732421875,0.3384348006616123,0.0002004309191361,2026-06-05,35,0.0958904109589041,0.9520468658966804,0.0,6.5,0.0,0.0479531341033196,0.035850000381469724,0.0312596875,market_iv,put,ITM,0.0,6.5,True,NVIDIA Corp.,Technology,2026-05-01
NVDA260605P00210000,2026-04-30 19:58:51+00:00,210.0,16.28,0.0,0.0,0.0,0.0,100.0,0,1.0000000000000004e-05,True,REGULAR,USD,Put,NVDA,199.57000732421875,0.3384348006616123,0.0002004309191361,2026-06-05,35,0.0958904109589041,1.0522623254647518,0.0,16.28,0.0,0.0522623254647518,0.035850000381469724,0.3384348006616123,hist_vol_fallback,put,OTM,10.42999267578125,5.850007324218751,True,NVIDIA Corp.,Technology,2026-05-01
NVDA260605P00185000,2026-04-30 19:59:36+00:00,185.0,4.85,0.0,0.0,0.0,0.0,491.0,0,0.062509375,False,REGULAR,USD,Put,NVDA,199.57000732421875,0.3384348006616123,0.0002004309191361,2026-06-05,35,0.0958904109589041,0.9269930010046624,0.0,4.85,0.0,0.0730069989953375,0.035850000381469724,0.062509375,market_iv,put,ITM,0.0,4.85,True,NVIDIA Corp.,Technology,2026-05-01
NVDA260605P00215000,2026-04-30 19:52:46+00:00,215.0,19.25,0.0,0.0,0.0,0.0,72.0,0,1.0000000000000004e-05,True,REGULAR,USD,Put,NVDA,199.57000732421875,0.3384348006616123,0.0002004309191361,2026-06-05,35,0.0958904109589041,1.0773161903567698,0.0,19.25,0.0,0.0773161903567698,0.035850000381469724,0.3384348006616123,hist_vol_fallback,put,OTM,15.42999267578125,3.82000732421875,True,NVIDIA Corp.,Technology,2026-05-01
NVDA260605P00180000,2026-04-30 19:59:15+00:00,180.0,3.64,0.0,0.0,0.0,0.0,490.0,0,0.062509375,False,REGULAR,USD,Put,NVDA,199.57000732421875,0.3384348006616123,0.0002004309191361,2026-06-05,35,0.0958904109589041,0.9019391361126444,0.0,3.64,0.0,0.0980608638873554,0.035850000381469724,0.062509375,market_iv,put,ITM,0.0,3.64,True,NVIDIA Corp.,Technology,2026-05-01
NVDA260605P00220000,2026-04-30 17:18:31+00:00,220.0,23.15,0.0,0.0,0.0,0.0,44.0,0,1.0000000000000004e-05,True,REGULAR,USD,Put,NVDA,199.57000732421875,0.3384348006616123,0.0002004309191361,2026-06-05,35,0.0958904109589041,1.1023700552487878,0.0,23.15,0.0,0.1023700552487878,0.035850000381469724,0.3384348006616123,hist_vol_fallback,put,OTM,20.42999267578125,2.7200073242187486,True,NVIDIA Corp.,Technology,2026-05-01
NVDA260605P00175000,2026-04-30 19:59:46+00:00,175.0,2.76,0.0,0.0,0.0,0.0,426.0,0,0.12500875,False,REGULAR,USD,Put,NVDA,199.57000732421875,0.3384348006616123,0.0002004309191361,2026-06-05,35,0.0958904109589041,0.8768852712206266,0.0,2.76,0.0,0.1231147287793733,0.035850000381469724,0.12500875,market_iv,put,ITM,0.0,2.76,True,NVIDIA Corp.,Technology,2026-05-01
NVDA260605P00225000,2026-04-30 19:17:44+00:00,225.0,26.4,0.0,0.0,0.0,0.0,13.0,0,1.0000000000000004e-05,True,REGULAR,USD,Put,NVDA,199.57000732421875,0.3384348006616123,0.0002004309191361,2026-06-05,35,0.0958904109589041,1.1274239201408056,0.0,26.4,0.0,0.1274239201408056,0.035850000381469724,0.3384348006616123,hist_vol_fallback,put,OTM,25.42999267578125,0.9700073242187486,True,NVIDIA Corp.,Technology,2026-05-01
NVDA260605P00170000,2026-04-30 19:59:12+00:00,170.0,2.0,0.0,0.0,0.0,0.0,732.0,0,0.12500875,False,REGULAR,USD,Put,NVDA,199.57000732421875,0.3384348006616123,0.0002004309191361,2026-06-05,35,0.0958904109589041,0.8518314063286088,0.0,2.0,0.0,0.1481685936713912,0.035850000381469724,0.12500875,market_iv,put,ITM,0.0,2.0,True,NVIDIA Corp.,Technology,2026-05-01
TSLA260522C00380000,2026-04-30 19:54:49+00:00,380.0,16.4,0.0,0.0,0.0,0.0,999.0,0,1.0000000000000004e-05,True,REGULAR,USD,Call,TSLA,381.6300048828125,0.4748701831761241,0.0,2026-05-22,21,0.0575342465753424,0.995728834572866,0.0,16.4,0.0,0.0042711654271341,0.035850000381469724,0.4748701831761241,hist_vol_fallback,call,ATM,1.6300048828125,14.769995117187499,False,Tesla Inc.,Consumer Disc.,2026-05-01
TSLA260522C00385000,2026-04-30 19:59:42+00:00,385.0,14.2,0.0,0.0,0.0,0.0,3767.0,0,0.007822421875,False,REGULAR,USD,Call,TSLA,381.6300048828125,0.4748701831761241,0.0,2026-05-22,21,0.0575342465753424,1.008830529764614,0.0,14.2,0.0,0.008830529764614,0.035850000381469724,0.4748701831761241,hist_vol_fallback,call,ATM,0.0,14.2,False,Tesla Inc.,Consumer Disc.,2026-05-01
TSLA260522C00375000,2026-04-30 19:59:20+00:00,375.0,19.27,0.0,0.0,0.0,0.0,356.0,0,1.0000000000000004e-05,True,REGULAR,USD,Call,TSLA,381.6300048828125,0.4748701831761241,0.0,2026-05-22,21,0.0575342465753424,0.9826271393811176,0.0,19.27,0.0,0.0173728606188823,0.035850000381469724,0.4748701831761241,hist_vol_fallback,call,ATM,6.6300048828125,12.6399951171875,False,Tesla Inc.,Consumer Disc.,2026-05-01
TSLA260522C00390000,2026-04-30 19:59:15+00:00,390.0,12.0,0.0,0.0,0.0,0.0,743.0,0,0.01563484375,False,REGULAR,USD,Call,TSLA,381.6300048828125,0.4748701831761241,0.0,2026-05-22,21,0.0575342465753424,1.0219322249563625,0.0,12.0,0.0,0.0219322249563622,0.035850000381469724,0.01563484375,market_iv,call,ATM,0.0,12.0,False,Tesla Inc.,Consumer Disc.,2026-05-01
TSLA260522C00370000,2026-04-30 19:38:03+00:00,370.0,22.0,0.0,0.0,0.0,0.0,170.0,0,1.0000000000000004e-05,True,REGULAR,USD,Call,TSLA,381.6300048828125,0.4748701831761241,0.0,2026-05-22,21,0.0575342465753424,0.9695254441893694,0.0,22.0,0.0,0.0304745558106306,0.035850000381469724,0.4748701831761241,hist_vol_fallback,call,OTM,11.6300048828125,10.3699951171875,False,Tesla Inc.,Consumer Disc.,2026-05-01
TSLA260522C00395000,2026-04-30 19:56:55+00:00,395.0,9.8,0.0,0.0,0.0,0.0,429.0,0,0.0312596875,False,REGULAR,USD,Call,TSLA,381.6300048828125,0.4748701831761241,0.0,2026-05-22,21,0.0575342465753424,1.0350339201481105,0.0,9.8,0.0,0.0350339201481104,0.035850000381469724,0.0312596875,market_iv,call,ITM,0.0,9.8,False,Tesla Inc.,Consumer Disc.,2026-05-01
TSLA260522C00365000,2026-04-30 19:30:57+00:00,365.0,26.7,0.0,0.0,0.0,0.0,49.0,0,1.0000000000000004e-05,True,REGULAR,USD,Call,TSLA,381.6300048828125,0.4748701831761241,0.0,2026-05-22,21,0.0575342465753424,0.9564237489976212,0.0,26.7,0.0,0.0435762510023788,0.035850000381469724,0.4748701831761241,hist_vol_fallback,call,OTM,16.6300048828125,10.0699951171875,False,Tesla Inc.,Consumer Disc.,2026-05-01
TSLA260522C00400000,2026-04-30 19:59:57+00:00,400.0,8.37,0.0,0.0,0.0,0.0,1283.0,0,0.0312596875,False,REGULAR,USD,Call,TSLA,381.6300048828125,0.4748701831761241,0.0,2026-05-22,21,0.0575342465753424,1.0481356153398589,0.0,8.37,0.0,0.0481356153398588,0.035850000381469724,0.0312596875,market_iv,call,ITM,0.0,8.37,False,Tesla Inc.,Consumer Disc.,2026-05-01
TSLA260522C00360000,2026-04-30 19:38:23+00:00,360.0,28.76,0.0,0.0,0.0,0.0,26.0,0,1.0000000000000004e-05,True,REGULAR,USD,Call,TSLA,381.6300048828125,0.4748701831761241,0.0,2026-05-22,21,0.0575342465753424,0.943322053805873,0.0,28.76,0.0,0.056677946194127,0.035850000381469724,0.4748701831761241,hist_vol_fallback,call,OTM,21.6300048828125,7.129995117187502,False,Tesla Inc.,Consumer Disc.,2026-05-01
TSLA260522C00405000,2026-04-30 19:54:14+00:00,405.0,7.0,0.0,0.0,0.0,0.0,374.0,0,0.062509375,False,REGULAR,USD,Call,TSLA,381.6300048828125,0.4748701831761241,0.0,2026-05-22,21,0.0575342465753424,1.061237310531607,0.0,7.0,0.0,0.061237310531607,0.035850000381469724,0.062509375,market_iv,call,ITM,0.0,7.0,False,Tesla Inc.,Consumer Disc.,2026-05-01
TSLA260522C00355000,2026-04-30 19:06:04+00:00,355.0,34.65,0.0,0.0,0.0,0.0,11.0,0,1.0000000000000004e-05,True,REGULAR,USD,Call,TSLA,381.6300048828125,0.4748701831761241,0.0,2026-05-22,21,0.0575342465753424,0.9302203586141248,0.0,34.65,0.0,0.0697796413858753,0.035850000381469724,0.4748701831761241,hist_vol_fallback,call,OTM,26.6300048828125,8.019995117187499,False,Tesla Inc.,Consumer Disc.,2026-05-01
TSLA260522C00410000,2026-04-30 19:59:31+00:00,410.0,6.0,0.0,0.0,0.0,0.0,383.0,0,0.062509375,False,REGULAR,USD,Call,TSLA,381.6300048828125,0.4748701831761241,0.0,2026-05-22,21,0.0575342465753424,1.0743390057233553,0.0,6.0,0.0,0.0743390057233552,0.035850000381469724,0.062509375,market_iv,call,ITM,0.0,6.0,False,Tesla Inc.,Consumer Disc.,2026-05-01
TSLA260522C00350000,2026-04-30 19:44:13+00:00,350.0,36.72,0.0,0.0,0.0,0.0,66.0,0,1.0000000000000004e-05,True,REGULAR,USD,Call,TSLA,381.6300048828125,0.4748701831761241,0.0,2026-05-22,21,0.0575342465753424,0.9171186634223764,0.0,36.72,0.0,0.0828813365776235,0.035850000381469724,0.4748701831761241,hist_vol_fallback,call,OTM,31.6300048828125,5.089995117187499,False,Tesla Inc.,Consumer Disc.,2026-05-01
TSLA260522C00415000,2026-04-30 19:59:58+00:00,415.0,4.87,0.0,0.0,0.0,0.0,411.0,0,0.062509375,False,REGULAR,USD,Call,TSLA,381.6300048828125,0.4748701831761241,0.0,2026-05-22,21,0.0575342465753424,1.0874407009151037,0.0,4.87,0.0,0.0874407009151034,0.035850000381469724,0.062509375,market_iv,call,ITM,0.0,4.87,False,Tesla Inc.,Consumer Disc.,2026-05-01
TSLA260522C00345000,2026-04-30 19:35:49+00:00,345.0,41.08,0.0,0.0,0.0,0.0,45.0,0,1.0000000000000004e-05,True,REGULAR,USD,Call,TSLA,381.6300048828125,0.4748701831761241,0.0,2026-05-22,21,0.0575342465753424,0.9040169682306284,0.0,41.08,0.0,0.0959830317693717,0.035850000381469724,0.4748701831761241,hist_vol_fallback,call,OTM,36.6300048828125,4.449995117187498,False,Tesla Inc.,Consumer Disc.,2026-05-01
TSLA260522C00420000,2026-04-30 19:59:39+00:00,420.0,4.19,0.0,0.0,0.0,0.0,541.0,0,0.062509375,False,REGULAR,USD,Call,TSLA,381.6300048828125,0.4748701831761241,0.0,2026-05-22,21,0.0575342465753424,1.1005423961068517,0.0,4.19,0.0,0.1005423961068516,0.035850000381469724,0.062509375,market_iv,call,ITM,0.0,4.19,False,Tesla Inc.,Consumer Disc.,2026-05-01
TSLA260522C00340000,2026-04-30 15:30:15+00:00,340.0,42.37,0.0,0.0,0.0,0.0,12.0,0,1.0000000000000004e-05,True,REGULAR,USD,Call,TSLA,381.6300048828125,0.4748701831761241,0.0,2026-05-22,21,0.0575342465753424,0.89091527303888,0.0,42.37,0.0,0.10908472696112,0.035850000381469724,0.4748701831761241,hist_vol_fallback,call,OTM,41.6300048828125,0.7399951171874974,False,Tesla Inc.,Consumer Disc.,2026-05-01
TSLA260522C00425000,2026-04-30 19:59:54+00:00,425.0,3.45,0.0,0.0,0.0,0.0,267.0,0,0.12500875,False,REGULAR,USD,Call,TSLA,381.6300048828125,0.4748701831761241,0.0,2026-05-22,21,0.0575342465753424,1.1136440912986,0.0,3.45,0.0,0.1136440912985998,0.035850000381469724,0.12500875,market_iv,call,ITM,0.0,3.45,False,Tesla Inc.,Consumer Disc.,2026-05-01
TSLA260522C00335000,2026-04-30 19:39:13+00:00,335.0,49.59,0.0,0.0,0.0,0.0,23.0,0,1.0000000000000004e-05,True,REGULAR,USD,Call,TSLA,381.6300048828125,0.4748701831761241,0.0,2026-05-22,21,0.0575342465753424,0.8778135778471318,0.0,49.59,0.0,0.1221864221528682,0.035850000381469724,0.4748701831761241,hist_vol_fallback,call,OTM,46.6300048828125,2.9599951171875034,False,Tesla Inc.,Consumer Disc.,2026-05-01
TSLA260522C00430000,2026-04-30 19:59:15+00:00,430.0,2.91,0.0,0.0,0.0,0.0,331.0,0,0.12500875,False,REGULAR,USD,Call,TSLA,381.6300048828125,0.4748701831761241,0.0,2026-05-22,21,0.0575342465753424,1.1267457864903485,0.0,2.91,0.0,0.1267457864903483,0.035850000381469724,0.12500875,market_iv,call,ITM,0.0,2.91,False,Tesla Inc.,Consumer Disc.,2026-05-01
TSLA260522P00380000,2026-04-30 19:59:56+00:00,380.0,13.7,0.0,0.0,0.0,0.0,1094.0,0,0.0039162109375,False,REGULAR,USD,Put,TSLA,381.6300048828125,0.4748701831761241,0.0,2026-05-22,21,0.0575342465753424,0.995728834572866,0.0,13.7,0.0,0.0042711654271341,0.035850000381469724,0.4748701831761241,hist_vol_fallback,put,ATM,0.0,13.7,False,Tesla Inc.,Consumer Disc.,2026-05-01
TSLA260522P00385000,2026-04-30 19:33:41+00:00,385.0,15.8,0.0,0.0,0.0,0.0,53.0,0,1.0000000000000004e-05,True,REGULAR,USD,Put,TSLA,381.6300048828125,0.4748701831761241,0.0,2026-05-22,21,0.0575342465753424,1.008830529764614,0.0,15.8,0.0,0.008830529764614,0.035850000381469724,0.4748701831761241,hist_vol_fallback,put,ATM,3.3699951171875,12.4300048828125,False,Tesla Inc.,Consumer Disc.,2026-05-01
TSLA260522P00375000,2026-04-30 19:57:47+00:00,375.0,11.4,0.0,0.0,0.0,0.0,406.0,0,0.01563484375,False,REGULAR,USD,Put,TSLA,381.6300048828125,0.4748701831761241,0.0,2026-05-22,21,0.0575342465753424,0.9826271393811176,0.0,11.4,0.0,0.0173728606188823,0.035850000381469724,0.01563484375,market_iv,put,ATM,0.0,11.4,False,Tesla Inc.,Consumer Disc.,2026-05-01
TSLA260522P00390000,2026-04-30 19:37:53+00:00,390.0,19.09,0.0,0.0,0.0,0.0,36.0,0,1.0000000000000004e-05,True,REGULAR,USD,Put,TSLA,381.6300048828125,0.4748701831761241,0.0,2026-05-22,21,0.0575342465753424,1.0219322249563625,0.0,19.09,0.0,0.0219322249563622,0.035850000381469724,0.4748701831761241,hist_vol_fallback,put,ATM,8.3699951171875,10.7200048828125,False,Tesla Inc.,Consumer Disc.,2026-05-01
TSLA260522P00370000,2026-04-30 19:57:54+00:00,370.0,9.39,0.0,0.0,0.0,0.0,496.0,0,0.0312596875,False,REGULAR,USD,Put,TSLA,381.6300048828125,0.4748701831761241,0.0,2026-05-22,21,0.0575342465753424,0.9695254441893694,0.0,9.39,0.0,0.0304745558106306,0.035850000381469724,0.0312596875,market_iv,put,ITM,0.0,9.39,False,Tesla Inc.,Consumer Disc.,2026-05-01
TSLA260522P00395000,2026-04-30 19:48:13+00:00,395.0,22.8,0.0,0.0,0.0,0.0,32.0,0,1.0000000000000004e-05,True,REGULAR,USD,Put,TSLA,381.6300048828125,0.4748701831761241,0.0,2026-05-22,21,0.0575342465753424,1.0350339201481105,0.0,22.8,0.0,0.0350339201481104,0.035850000381469724,0.4748701831761241,hist_vol_fallback,put,OTM,13.3699951171875,9.4300048828125,False,Tesla Inc.,Consumer Disc.,2026-05-01
TSLA260522P00365000,2026-04-30 19:39:13+00:00,365.0,7.63,0.0,0.0,0.0,0.0,257.0,0,0.0312596875,False,REGULAR,USD,Put,TSLA,381.6300048828125,0.4748701831761241,0.0,2026-05-22,21,0.0575342465753424,0.9564237489976212,0.0,7.63,0.0,0.0435762510023788,0.035850000381469724,0.0312596875,market_iv,put,ITM,0.0,7.63,False,Tesla Inc.,Consumer Disc.,2026-05-01
TSLA260522P00400000,2026-04-30 19:18:36+00:00,400.0,24.7,0.0,0.0,0.0,0.0,51.0,0,1.0000000000000004e-05,True,REGULAR,USD,Put,TSLA,381.6300048828125,0.4748701831761241,0.0,2026-05-22,21,0.0575342465753424,1.0481356153398589,0.0,24.7,0.0,0.0481356153398588,0.035850000381469724,0.4748701831761241,hist_vol_fallback,put,OTM,18.3699951171875,6.330004882812499,False,Tesla Inc.,Consumer Disc.,2026-05-01
TSLA260522P00360000,2026-04-30 19:53:01+00:00,360.0,6.28,0.0,0.0,0.0,0.0,266.0,0,0.062509375,False,REGULAR,USD,Put,TSLA,381.6300048828125,0.4748701831761241,0.0,2026-05-22,21,0.0575342465753424,0.943322053805873,0.0,6.28,0.0,0.056677946194127,0.035850000381469724,0.062509375,market_iv,put,ITM,0.0,6.28,False,Tesla Inc.,Consumer Disc.,2026-05-01
TSLA260522P00405000,2026-04-30 19:04:31+00:00,405.0,27.99,0.0,0.0,0.0,0.0,14.0,0,1.0000000000000004e-05,True,REGULAR,USD,Put,TSLA,381.6300048828125,0.4748701831761241,0.0,2026-05-22,21,0.0575342465753424,1.061237310531607,0.0,27.99,0.0,0.061237310531607,0.035850000381469724,0.4748701831761241,hist_vol_fallback,put,OTM,23.3699951171875,4.620004882812498,False,Tesla Inc.,Consumer Disc.,2026-05-01
TSLA260522P00355000,2026-04-30 19:58:34+00:00,355.0,4.9,0.0,0.0,0.0,0.0,227.0,0,0.062509375,False,REGULAR,USD,Put,TSLA,381.6300048828125,0.4748701831761241,0.0,2026-05-22,21,0.0575342465753424,0.9302203586141248,0.0,4.9,0.0,0.0697796413858753,0.035850000381469724,0.062509375,market_iv,put,ITM,0.0,4.9,False,Tesla Inc.,Consumer Disc.,2026-05-01
TSLA260522P00410000,2026-04-30 18:29:02+00:00,410.0,33.75,0.0,0.0,0.0,0.0,1.0,0,1.0000000000000004e-05,True,REGULAR,USD,Put,TSLA,381.6300048828125,0.4748701831761241,0.0,2026-05-22,21,0.0575342465753424,1.0743390057233553,0.0,33.75,0.0,0.0743390057233552,0.035850000381469724,0.4748701831761241,hist_vol_fallback,put,OTM,28.3699951171875,5.3800048828125,False,Tesla Inc.,Consumer Disc.,2026-05-01
TSLA260522P00350000,2026-04-30 19:53:01+00:00,350.0,4.0,0.0,0.0,0.0,0.0,372.0,0,0.062509375,False,REGULAR,USD,Put,TSLA,381.6300048828125,0.4748701831761241,0.0,2026-05-22,21,0.0575342465753424,0.9171186634223764,0.0,4.0,0.0,0.0828813365776235,0.035850000381469724,0.062509375,market_iv,put,ITM,0.0,4.0,False,Tesla Inc.,Consumer Disc.,2026-05-01
TSLA260522P00415000,2026-04-29 19:39:56+00:00,415.0,44.74,0.0,0.0,0.0,0.0,4.0,0,1.0000000000000004e-05,True,REGULAR,USD,Put,TSLA,381.6300048828125,0.4748701831761241,0.0,2026-05-22,21,0.0575342465753424,1.0874407009151037,0.0,44.74,0.0,0.0874407009151034,0.035850000381469724,0.4748701831761241,hist_vol_fallback,put,OTM,33.3699951171875,11.370004882812502,False,Tesla Inc.,Consumer Disc.,2026-05-01
TSLA260522P00345000,2026-04-30 19:50:33+00:00,345.0,3.22,0.0,0.0,0.0,0.0,238.0,0,0.062509375,False,REGULAR,USD,Put,TSLA,381.6300048828125,0.4748701831761241,0.0,2026-05-22,21,0.0575342465753424,0.9040169682306284,0.0,3.22,0.0,0.0959830317693717,0.035850000381469724,0.062509375,market_iv,put,ITM,0.0,3.22,False,Tesla Inc.,Consumer Disc.,2026-05-01
TSLA260522P00420000,2026-04-30 16:14:42+00:00,420.0,42.82,0.0,0.0,0.0,0.0,3.0,0,1.0000000000000004e-05,True,REGULAR,USD,Put,TSLA,381.6300048828125,0.4748701831761241,0.0,2026-05-22,21,0.0575342465753424,1.1005423961068517,0.0,42.82,0.0,0.1005423961068516,0.035850000381469724,0.4748701831761241,hist_vol_fallback,put,OTM,38.3699951171875,4.4500048828125,False,Tesla Inc.,Consumer Disc.,2026-05-01
TSLA260522P00340000,2026-04-30 19:57:19+00:00,340.0,2.49,0.0,0.0,0.0,0.0,388.0,0,0.12500875,False,REGULAR,USD,Put,TSLA,381.6300048828125,0.4748701831761241,0.0,2026-05-22,21,0.0575342465753424,0.89091527303888,0.0,2.49,0.0,0.10908472696112,0.035850000381469724,0.12500875,market_iv,put,ITM,0.0,2.49,False,Tesla Inc.,Consumer Disc.,2026-05-01
TSLA260522P00425000,2026-04-30 19:25:47+00:00,425.0,43.7,0.0,0.0,0.0,0.0,2.0,0,1.0000000000000004e-05,True,REGULAR,USD,Put,TSLA,381.6300048828125,0.4748701831761241,0.0,2026-05-22,21,0.0575342465753424,1.1136440912986,0.0,43.7,0.0,0.1136440912985998,0.035850000381469724,0.4748701831761241,hist_vol_fallback,put,OTM,43.3699951171875,0.33000488281250284,False,Tesla Inc.,Consumer Disc.,2026-05-01
TSLA260522P00335000,2026-04-30 19:59:04+00:00,335.0,1.91,0.0,0.0,0.0,0.0,179.0,0,0.12500875,False,REGULAR,USD,Put,TSLA,381.6300048828125,0.4748701831761241,0.0,2026-05-22,21,0.0575342465753424,0.8778135778471318,0.0,1.91,0.0,0.1221864221528682,0.035850000381469724,0.12500875,market_iv,put,ITM,0.0,1.91,False,Tesla Inc.,Consumer Disc.,2026-05-01
TSLA260522P00430000,2026-04-28 14:08:45+00:00,430.0,51.42,0.0,0.0,0.0,0.0,1.0,0,1.0000000000000004e-05,True,REGULAR,USD,Put,TSLA,381.6300048828125,0.4748701831761241,0.0,2026-05-22,21,0.0575342465753424,1.1267457864903485,0.0,51.42,0.0,0.1267457864903483,0.035850000381469724,0.4748701831761241,hist_vol_fallback,put,OTM,48.3699951171875,3.0500048828125017,False,Tesla Inc.,Consumer Disc.,2026-05-01
TSLA260529C00380000,2026-04-30 19:59:57+00:00,380.0,18.4,0.0,0.0,0.0,0.0,752.0,0,1.0000000000000004e-05,True,REGULAR,USD,Call,TSLA,381.6300048828125,0.4748701831761241,0.0,2026-05-29,28,0.0767123287671232,0.995728834572866,0.0,18.4,0.0,0.0042711654271341,0.035850000381469724,0.4748701831761241,hist_vol_fallback,call,ATM,1.6300048828125,16.7699951171875,False,Tesla Inc.,Consumer Disc.,2026-05-01
TSLA260529C00385000,2026-04-30 19:59:48+00:00,385.0,16.0,0.0,0.0,0.0,0.0,1020.0,0,0.007822421875,False,REGULAR,USD,Call,TSLA,381.6300048828125,0.4748701831761241,0.0,2026-05-29,28,0.0767123287671232,1.008830529764614,0.0,16.0,0.0,0.008830529764614,0.035850000381469724,0.4748701831761241,hist_vol_fallback,call,ATM,0.0,16.0,False,Tesla Inc.,Consumer Disc.,2026-05-01
TSLA260529C00375000,2026-04-30 19:59:27+00:00,375.0,21.3,0.0,0.0,0.0,0.0,1631.0,0,1.0000000000000004e-05,True,REGULAR,USD,Call,TSLA,381.6300048828125,0.4748701831761241,0.0,2026-05-29,28,0.0767123287671232,0.9826271393811176,0.0,21.3,0.0,0.0173728606188823,0.035850000381469724,0.4748701831761241,hist_vol_fallback,call,ATM,6.6300048828125,14.6699951171875,False,Tesla Inc.,Consumer Disc.,2026-05-01
TSLA260529C00390000,2026-04-30 19:59:56+00:00,390.0,13.83,0.0,0.0,0.0,0.0,339.0,0,0.01563484375,False,REGULAR,USD,Call,TSLA,381.6300048828125,0.4748701831761241,0.0,2026-05-29,28,0.0767123287671232,1.0219322249563625,0.0,13.83,0.0,0.0219322249563622,0.035850000381469724,0.01563484375,market_iv,call,ATM,0.0,13.83,False,Tesla Inc.,Consumer Disc.,2026-05-01
TSLA260529C00370000,2026-04-30 19:57:47+00:00,370.0,23.95,0.0,0.0,0.0,0.0,667.0,0,1.0000000000000004e-05,True,REGULAR,USD,Call,TSLA,381.6300048828125,0.4748701831761241,0.0,2026-05-29,28,0.0767123287671232,0.9695254441893694,0.0,23.95,0.0,0.0304745558106306,0.035850000381469724,0.4748701831761241,hist_vol_fallback,call,OTM,11.6300048828125,12.3199951171875,False,Tesla Inc.,Consumer Disc.,2026-05-01
TSLA260529C00395000,2026-04-30 19:55:56+00:00,395.0,11.79,0.0,0.0,0.0,0.0,304.0,0,0.0312596875,False,REGULAR,USD,Call,TSLA,381.6300048828125,0.4748701831761241,0.0,2026-05-29,28,0.0767123287671232,1.0350339201481105,0.0,11.79,0.0,0.0350339201481104,0.035850000381469724,0.0312596875,market_iv,call,ITM,0.0,11.79,False,Tesla Inc.,Consumer Disc.,2026-05-01
TSLA260529C00365000,2026-04-30 19:07:02+00:00,365.0,29.4,0.0,0.0,0.0,0.0,204.0,0,1.0000000000000004e-05,True,REGULAR,USD,Call,TSLA,381.6300048828125,0.4748701831761241,0.0,2026-05-29,28,0.0767123287671232,0.9564237489976212,0.0,29.4,0.0,0.0435762510023788,0.035850000381469724,0.4748701831761241,hist_vol_fallback,call,OTM,16.6300048828125,12.769995117187499,False,Tesla Inc.,Consumer Disc.,2026-05-01
TSLA260529C00400000,2026-04-30 19:59:23+00:00,400.0,10.33,0.0,0.0,0.0,0.0,3243.0,0,0.0312596875,False,REGULAR,USD,Call,TSLA,381.6300048828125,0.4748701831761241,0.0,2026-05-29,28,0.0767123287671232,1.0481356153398589,0.0,10.33,0.0,0.0481356153398588,0.035850000381469724,0.0312596875,market_iv,call,ITM,0.0,10.33,False,Tesla Inc.,Consumer Disc.,2026-05-01
TSLA260529C00360000,2026-04-30 19:21:57+00:00,360.0,32.1,0.0,0.0,0.0,0.0,44.0,0,1.0000000000000004e-05,True,REGULAR,USD,Call,TSLA,381.6300048828125,0.4748701831761241,0.0,2026-05-29,28,0.0767123287671232,0.943322053805873,0.0,32.1,0.0,0.056677946194127,0.035850000381469724,0.4748701831761241,hist_vol_fallback,call,OTM,21.6300048828125,10.469995117187501,False,Tesla Inc.,Consumer Disc.,2026-05-01
TSLA260529C00405000,2026-04-30 19:48:29+00:00,405.0,8.38,0.0,0.0,0.0,0.0,465.0,0,0.062509375,False,REGULAR,USD,Call,TSLA,381.6300048828125,0.4748701831761241,0.0,2026-05-29,28,0.0767123287671232,1.061237310531607,0.0,8.38,0.0,0.061237310531607,0.035850000381469724,0.062509375,market_iv,call,ITM,0.0,8.38,False,Tesla Inc.,Consumer Disc.,2026-05-01
TSLA260529C00355000,2026-04-30 19:35:05+00:00,355.0,34.67,0.0,0.0,0.0,0.0,23.0,0,1.0000000000000004e-05,True,REGULAR,USD,Call,TSLA,381.6300048828125,0.4748701831761241,0.0,2026-05-29,28,0.0767123287671232,0.9302203586141248,0.0,34.67,0.0,0.0697796413858753,0.035850000381469724,0.4748701831761241,hist_vol_fallback,call,OTM,26.6300048828125,8.039995117187502,False,Tesla Inc.,Consumer Disc.,2026-05-01
TSLA260529C00410000,2026-04-30 19:58:17+00:00,410.0,7.43,0.0,0.0,0.0,0.0,538.0,0,0.062509375,False,REGULAR,USD,Call,TSLA,381.6300048828125,0.4748701831761241,0.0,2026-05-29,28,0.0767123287671232,1.0743390057233553,0.0,7.43,0.0,0.0743390057233552,0.035850000381469724,0.062509375,market_iv,call,ITM,0.0,7.43,False,Tesla Inc.,Consumer Disc.,2026-05-01
TSLA260529C00350000,2026-04-30 19:09:32+00:00,350.0,39.78,0.0,0.0,0.0,0.0,60.0,0,1.0000000000000004e-05,True,REGULAR,USD,Call,TSLA,381.6300048828125,0.4748701831761241,0.0,2026-05-29,28,0.0767123287671232,0.9171186634223764,0.0,39.78,0.0,0.0828813365776235,0.035850000381469724,0.4748701831761241,hist_vol_fallback,call,OTM,31.6300048828125,8.149995117187501,False,Tesla Inc.,Consumer Disc.,2026-05-01
TSLA260529C00415000,2026-04-30 19:58:34+00:00,415.0,6.35,0.0,0.0,0.0,0.0,480.0,0,0.062509375,False,REGULAR,USD,Call,TSLA,381.6300048828125,0.4748701831761241,0.0,2026-05-29,28,0.0767123287671232,1.0874407009151037,0.0,6.35,0.0,0.0874407009151034,0.035850000381469724,0.062509375,market_iv,call,ITM,0.0,6.35,False,Tesla Inc.,Consumer Disc.,2026-05-01
TSLA260529C00345000,2026-04-30 16:11:49+00:00,345.0,40.13,0.0,0.0,0.0,0.0,40.0,0,1.0000000000000004e-05,True,REGULAR,USD,Call,TSLA,381.6300048828125,0.4748701831761241,0.0,2026-05-29,28,0.0767123287671232,0.9040169682306284,0.0,40.13,0.0,0.0959830317693717,0.035850000381469724,0.4748701831761241,hist_vol_fallback,call,OTM,36.6300048828125,3.4999951171875026,False,Tesla Inc.,Consumer Disc.,2026-05-01
TSLA260529C00420000,2026-04-30 19:59:56+00:00,420.0,5.4,0.0,0.0,0.0,0.0,1356.0,0,0.062509375,False,REGULAR,USD,Call,TSLA,381.6300048828125,0.4748701831761241,0.0,2026-05-29,28,0.0767123287671232,1.1005423961068517,0.0,5.4,0.0,0.1005423961068516,0.035850000381469724,0.062509375,market_iv,call,ITM,0.0,5.4,False,Tesla Inc.,Consumer Disc.,2026-05-01
TSLA260529C00340000,2026-04-30 19:09:46+00:00,340.0,47.97,0.0,0.0,0.0,0.0,5.0,0,1.0000000000000004e-05,True,REGULAR,USD,Call,TSLA,381.6300048828125,0.4748701831761241,0.0,2026-05-29,28,0.0767123287671232,0.89091527303888,0.0,47.97,0.0,0.10908472696112,0.035850000381469724,0.4748701831761241,hist_vol_fallback,call,OTM,41.6300048828125,6.339995117187499,False,Tesla Inc.,Consumer Disc.,2026-05-01
TSLA260529C00425000,2026-04-30 19:59:18+00:00,425.0,4.73,0.0,0.0,0.0,0.0,405.0,0,0.062509375,False,REGULAR,USD,Call,TSLA,381.6300048828125,0.4748701831761241,0.0,2026-05-29,28,0.0767123287671232,1.1136440912986,0.0,4.73,0.0,0.1136440912985998,0.035850000381469724,0.062509375,market_iv,call,ITM,0.0,4.73,False,Tesla Inc.,Consumer Disc.,2026-05-01
TSLA260529C00335000,2026-04-30 18:43:51+00:00,335.0,50.63,0.0,0.0,0.0,0.0,1.0,0,1.0000000000000004e-05,True,REGULAR,USD,Call,TSLA,381.6300048828125,0.4748701831761241,0.0,2026-05-29,28,0.0767123287671232,0.8778135778471318,0.0,50.63,0.0,0.1221864221528682,0.035850000381469724,0.4748701831761241,hist_vol_fallback,call,OTM,46.6300048828125,3.9999951171875026,False,Tesla Inc.,Consumer Disc.,2026-05-01
TSLA260529C00430000,2026-04-30 19:59:29+00:00,430.0,4.01,0.0,0.0,0.0,0.0,299.0,0,0.062509375,False,REGULAR,USD,Call,TSLA,381.6300048828125,0.4748701831761241,0.0,2026-05-29,28,0.0767123287671232,1.1267457864903485,0.0,4.01,0.0,0.1267457864903483,0.035850000381469724,0.062509375,market_iv,call,ITM,0.0,4.01,False,Tesla Inc.,Consumer Disc.,2026-05-01
TSLA260529P00380000,2026-04-30 19:57:22+00:00,380.0,15.5,0.0,0.0,0.0,0.0,369.0,0,0.0039162109375,False,REGULAR,USD,Put,TSLA,381.6300048828125,0.4748701831761241,0.0,2026-05-29,28,0.0767123287671232,0.995728834572866,0.0,15.5,0.0,0.0042711654271341,0.035850000381469724,0.4748701831761241,hist_vol_fallback,put,ATM,0.0,15.5,False,Tesla Inc.,Consumer Disc.,2026-05-01
TSLA260529P00385000,2026-04-30 19:52:15+00:00,385.0,18.32,0.0,0.0,0.0,0.0,221.0,0,1.0000000000000004e-05,True,REGULAR,USD,Put,TSLA,381.6300048828125,0.4748701831761241,0.0,2026-05-29,28,0.0767123287671232,1.008830529764614,0.0,18.32,0.0,0.008830529764614,0.035850000381469724,0.4748701831761241,hist_vol_fallback,put,ATM,3.3699951171875,14.9500048828125,False,Tesla Inc.,Consumer Disc.,2026-05-01
TSLA260529P00375000,2026-04-30 19:53:06+00:00,375.0,13.3,0.0,0.0,0.0,0.0,328.0,0,0.01563484375,False,REGULAR,USD,Put,TSLA,381.6300048828125,0.4748701831761241,0.0,2026-05-29,28,0.0767123287671232,0.9826271393811176,0.0,13.3,0.0,0.0173728606188823,0.035850000381469724,0.01563484375,market_iv,put,ATM,0.0,13.3,False,Tesla Inc.,Consumer Disc.,2026-05-01
TSLA260529P00390000,2026-04-30 19:59:49+00:00,390.0,20.69,0.0,0.0,0.0,0.0,138.0,0,1.0000000000000004e-05,True,REGULAR,USD,Put,TSLA,381.6300048828125,0.4748701831761241,0.0,2026-05-29,28,0.0767123287671232,1.0219322249563625,0.0,20.69,0.0,0.0219322249563622,0.035850000381469724,0.4748701831761241,hist_vol_fallback,put,ATM,8.3699951171875,12.320004882812501,False,Tesla Inc.,Consumer Disc.,2026-05-01
TSLA260529P00370000,2026-04-30 19:59:21+00:00,370.0,10.95,0.0,0.0,0.0,0.0,424.0,0,0.0312596875,False,REGULAR,USD,Put,TSLA,381.6300048828125,0.4748701831761241,0.0,2026-05-29,28,0.0767123287671232,0.9695254441893694,0.0,10.95,0.0,0.0304745558106306,0.035850000381469724,0.0312596875,market_iv,put,ITM,0.0,10.95,False,Tesla Inc.,Consumer Disc.,2026-05-01
TSLA260529P00395000,2026-04-30 19:44:01+00:00,395.0,23.95,0.0,0.0,0.0,0.0,21.0,0,1.0000000000000004e-05,True,REGULAR,USD,Put,TSLA,381.6300048828125,0.4748701831761241,0.0,2026-05-29,28,0.0767123287671232,1.0350339201481105,0.0,23.95,0.0,0.0350339201481104,0.035850000381469724,0.4748701831761241,hist_vol_fallback,put,OTM,13.3699951171875,10.5800048828125,False,Tesla Inc.,Consumer Disc.,2026-05-01
TSLA260529P00365000,2026-04-30 19:59:54+00:00,365.0,9.22,0.0,0.0,0.0,0.0,442.0,0,0.0312596875,False,REGULAR,USD,Put,TSLA,381.6300048828125,0.4748701831761241,0.0,2026-05-29,28,0.0767123287671232,0.9564237489976212,0.0,9.22,0.0,0.0435762510023788,0.035850000381469724,0.0312596875,market_iv,put,ITM,0.0,9.22,False,Tesla Inc.,Consumer Disc.,2026-05-01
TSLA260529P00400000,2026-04-30 19:09:58+00:00,400.0,26.25,0.0,0.0,0.0,0.0,37.0,0,1.0000000000000004e-05,True,REGULAR,USD,Put,TSLA,381.6300048828125,0.4748701831761241,0.0,2026-05-29,28,0.0767123287671232,1.0481356153398589,0.0,26.25,0.0,0.0481356153398588,0.035850000381469724,0.4748701831761241,hist_vol_fallback,put,OTM,18.3699951171875,7.8800048828125,False,Tesla Inc.,Consumer Disc.,2026-05-01
TSLA260529P00360000,2026-04-30 19:56:35+00:00,360.0,7.71,0.0,0.0,0.0,0.0,415.0,0,0.062509375,False,REGULAR,USD,Put,TSLA,381.6300048828125,0.4748701831761241,0.0,2026-05-29,28,0.0767123287671232,0.943322053805873,0.0,7.71,0.0,0.056677946194127,0.035850000381469724,0.062509375,market_iv,put,ITM,0.0,7.71,False,Tesla Inc.,Consumer Disc.,2026-05-01
TSLA260529P00405000,2026-04-30 19:13:12+00:00,405.0,29.25,0.0,0.0,0.0,0.0,40.0,0,1.0000000000000004e-05,True,REGULAR,USD,Put,TSLA,381.6300048828125,0.4748701831761241,0.0,2026-05-29,28,0.0767123287671232,1.061237310531607,0.0,29.25,0.0,0.061237310531607,0.035850000381469724,0.4748701831761241,hist_vol_fallback,put,OTM,23.3699951171875,5.8800048828125,False,Tesla Inc.,Consumer Disc.,2026-05-01
TSLA260529P00355000,2026-04-30 19:55:36+00:00,355.0,6.35,0.0,0.0,0.0,0.0,536.0,0,0.062509375,False,REGULAR,USD,Put,TSLA,381.6300048828125,0.4748701831761241,0.0,2026-05-29,28,0.0767123287671232,0.9302203586141248,0.0,6.35,0.0,0.0697796413858753,0.035850000381469724,0.062509375,market_iv,put,ITM,0.0,6.35,False,Tesla Inc.,Consumer Disc.,2026-05-01
TSLA260529P00410000,2026-04-30 16:05:13+00:00,410.0,36.75,0.0,0.0,0.0,0.0,7.0,0,1.0000000000000004e-05,True,REGULAR,USD,Put,TSLA,381.6300048828125,0.4748701831761241,0.0,2026-05-29,28,0.0767123287671232,1.0743390057233553,0.0,36.75,0.0,0.0743390057233552,0.035850000381469724,0.4748701831761241,hist_vol_fallback,put,OTM,28.3699951171875,8.3800048828125,False,Tesla Inc.,Consumer Disc.,2026-05-01
TSLA260529P00350000,2026-04-30 19:59:36+00:00,350.0,5.11,0.0,0.0,0.0,0.0,509.0,0,0.062509375,False,REGULAR,USD,Put,TSLA,381.6300048828125,0.4748701831761241,0.0,2026-05-29,28,0.0767123287671232,0.9171186634223764,0.0,5.11,0.0,0.0828813365776235,0.035850000381469724,0.062509375,market_iv,put,ITM,0.0,5.11,False,Tesla Inc.,Consumer Disc.,2026-05-01
TSLA260529P00415000,2026-04-30 14:54:03+00:00,415.0,43.4,0.0,0.0,0.0,0.0,2.0,0,1.0000000000000004e-05,True,REGULAR,USD,Put,TSLA,381.6300048828125,0.4748701831761241,0.0,2026-05-29,28,0.0767123287671232,1.0874407009151037,0.0,43.4,0.0,0.0874407009151034,0.035850000381469724,0.4748701831761241,hist_vol_fallback,put,OTM,33.3699951171875,10.030004882812499,False,Tesla Inc.,Consumer Disc.,2026-05-01
TSLA260529P00345000,2026-04-30 19:54:40+00:00,345.0,4.25,0.0,0.0,0.0,0.0,175.0,0,0.062509375,False,REGULAR,USD,Put,TSLA,381.6300048828125,0.4748701831761241,0.0,2026-05-29,28,0.0767123287671232,0.9040169682306284,0.0,4.25,0.0,0.0959830317693717,0.035850000381469724,0.062509375,market_iv,put,ITM,0.0,4.25,False,Tesla Inc.,Consumer Disc.,2026-05-01
TSLA260529P00420000,2026-04-30 15:00:42+00:00,420.0,46.6,0.0,0.0,0.0,0.0,3.0,0,1.0000000000000004e-05,True,REGULAR,USD,Put,TSLA,381.6300048828125,0.4748701831761241,0.0,2026-05-29,28,0.0767123287671232,1.1005423961068517,0.0,46.6,0.0,0.1005423961068516,0.035850000381469724,0.4748701831761241,hist_vol_fallback,put,OTM,38.3699951171875,8.230004882812501,False,Tesla Inc.,Consumer Disc.,2026-05-01
TSLA260529P00340000,2026-04-30 19:58:30+00:00,340.0,3.45,0.0,0.0,0.0,0.0,358.0,0,0.062509375,False,REGULAR,USD,Put,TSLA,381.6300048828125,0.4748701831761241,0.0,2026-05-29,28,0.0767123287671232,0.89091527303888,0.0,3.45,0.0,0.10908472696112,0.035850000381469724,0.062509375,market_iv,put,ITM,0.0,3.45,False,Tesla Inc.,Consumer Disc.,2026-05-01
TSLA260529P00425000,2026-04-30 14:09:42+00:00,425.0,58.15,0.0,0.0,0.0,0.0,2.0,0,1.0000000000000004e-05,True,REGULAR,USD,Put,TSLA,381.6300048828125,0.4748701831761241,0.0,2026-05-29,28,0.0767123287671232,1.1136440912986,0.0,58.15,0.0,0.1136440912985998,0.035850000381469724,0.4748701831761241,hist_vol_fallback,put,OTM,43.3699951171875,14.780004882812499,False,Tesla Inc.,Consumer Disc.,2026-05-01
TSLA260529P00335000,2026-04-30 19:31:55+00:00,335.0,2.63,0.0,0.0,0.0,0.0,250.0,0,0.12500875,False,REGULAR,USD,Put,TSLA,381.6300048828125,0.4748701831761241,0.0,2026-05-29,28,0.0767123287671232,0.8778135778471318,0.0,2.63,0.0,0.1221864221528682,0.035850000381469724,0.12500875,market_iv,put,ITM,0.0,2.63,False,Tesla Inc.,Consumer Disc.,2026-05-01
TSLA260529P00430000,2026-04-30 19:51:38+00:00,430.0,51.5,0.0,0.0,0.0,0.0,2.0,0,1.0000000000000004e-05,True,REGULAR,USD,Put,TSLA,381.6300048828125,0.4748701831761241,0.0,2026-05-29,28,0.0767123287671232,1.1267457864903485,0.0,51.5,0.0,0.1267457864903483,0.035850000381469724,0.4748701831761241,hist_vol_fallback,put,OTM,48.3699951171875,3.1300048828125,False,Tesla Inc.,Consumer Disc.,2026-05-01
TSLA260605C00380000,2026-04-30 19:59:37+00:00,380.0,21.0,0.0,0.0,0.0,0.0,1854.0,0,1.0000000000000004e-05,True,REGULAR,USD,Call,TSLA,381.6300048828125,0.4748701831761241,0.0,2026-06-05,35,0.0958904109589041,0.995728834572866,0.0,21.0,0.0,0.0042711654271341,0.035850000381469724,0.4748701831761241,hist_vol_fallback,call,ATM,1.6300048828125,19.3699951171875,False,Tesla Inc.,Consumer Disc.,2026-05-01
TSLA260605C00385000,2026-04-30 19:58:44+00:00,385.0,18.43,0.0,0.0,0.0,0.0,362.0,0,0.007822421875,False,REGULAR,USD,Call,TSLA,381.6300048828125,0.4748701831761241,0.0,2026-06-05,35,0.0958904109589041,1.008830529764614,0.0,18.43,0.0,0.008830529764614,0.035850000381469724,0.4748701831761241,hist_vol_fallback,call,ATM,0.0,18.43,False,Tesla Inc.,Consumer Disc.,2026-05-01
TSLA260605C00375000,2026-04-30 19:48:28+00:00,375.0,22.79,0.0,0.0,0.0,0.0,2801.0,0,1.0000000000000004e-05,True,REGULAR,USD,Call,TSLA,381.6300048828125,0.4748701831761241,0.0,2026-06-05,35,0.0958904109589041,0.9826271393811176,0.0,22.79,0.0,0.0173728606188823,0.035850000381469724,0.4748701831761241,hist_vol_fallback,call,ATM,6.6300048828125,16.1599951171875,False,Tesla Inc.,Consumer Disc.,2026-05-01
TSLA260605C00390000,2026-04-30 19:59:35+00:00,390.0,16.35,0.0,0.0,0.0,0.0,92.0,0,0.01563484375,False,REGULAR,USD,Call,TSLA,381.6300048828125,0.4748701831761241,0.0,2026-06-05,35,0.0958904109589041,1.0219322249563625,0.0,16.35,0.0,0.0219322249563622,0.035850000381469724,0.01563484375,market_iv,call,ATM,0.0,16.35,False,Tesla Inc.,Consumer Disc.,2026-05-01
TSLA260605C00370000,2026-04-30 19:58:52+00:00,370.0,26.36,0.0,0.0,0.0,0.0,146.0,0,1.0000000000000004e-05,True,REGULAR,USD,Call,TSLA,381.6300048828125,0.4748701831761241,0.0,2026-06-05,35,0.0958904109589041,0.9695254441893694,0.0,26.36,0.0,0.0304745558106306,0.035850000381469724,0.4748701831761241,hist_vol_fallback,call,OTM,11.6300048828125,14.7299951171875,False,Tesla Inc.,Consumer Disc.,2026-05-01
TSLA260605C00395000,2026-04-30 19:58:25+00:00,395.0,14.09,0.0,0.0,0.0,0.0,314.0,0,0.0312596875,False,REGULAR,USD,Call,TSLA,381.6300048828125,0.4748701831761241,0.0,2026-06-05,35,0.0958904109589041,1.0350339201481105,0.0,14.09,0.0,0.0350339201481104,0.035850000381469724,0.0312596875,market_iv,call,ITM,0.0,14.09,False,Tesla Inc.,Consumer Disc.,2026-05-01
TSLA260605C00365000,2026-04-30 18:06:10+00:00,365.0,28.42,0.0,0.0,0.0,0.0,22.0,0,1.0000000000000004e-05,True,REGULAR,USD,Call,TSLA,381.6300048828125,0.4748701831761241,0.0,2026-06-05,35,0.0958904109589041,0.9564237489976212,0.0,28.42,0.0,0.0435762510023788,0.035850000381469724,0.4748701831761241,hist_vol_fallback,call,OTM,16.6300048828125,11.789995117187502,False,Tesla Inc.,Consumer Disc.,2026-05-01
TSLA260605C00400000,2026-04-30 19:59:10+00:00,400.0,12.49,0.0,0.0,0.0,0.0,847.0,0,0.0312596875,False,REGULAR,USD,Call,TSLA,381.6300048828125,0.4748701831761241,0.0,2026-06-05,35,0.0958904109589041,1.0481356153398589,0.0,12.49,0.0,0.0481356153398588,0.035850000381469724,0.0312596875,market_iv,call,ITM,0.0,12.49,False,Tesla Inc.,Consumer Disc.,2026-05-01
TSLA260605C00360000,2026-04-30 19:59:53+00:00,360.0,32.63,0.0,0.0,0.0,0.0,27.0,0,1.0000000000000004e-05,True,REGULAR,USD,Call,TSLA,381.6300048828125,0.4748701831761241,0.0,2026-06-05,35,0.0958904109589041,0.943322053805873,0.0,32.63,0.0,0.056677946194127,0.035850000381469724,0.4748701831761241,hist_vol_fallback,call,OTM,21.6300048828125,10.999995117187503,False,Tesla Inc.,Consumer Disc.,2026-05-01
TSLA260605C00405000,2026-04-30 19:59:59+00:00,405.0,10.75,0.0,0.0,0.0,0.0,201.0,0,0.0312596875,False,REGULAR,USD,Call,TSLA,381.6300048828125,0.4748701831761241,0.0,2026-06-05,35,0.0958904109589041,1.061237310531607,0.0,10.75,0.0,0.061237310531607,0.035850000381469724,0.0312596875,market_iv,call,ITM,0.0,10.75,False,Tesla Inc.,Consumer Disc.,2026-05-01
TSLA260605C00355000,2026-04-30 18:11:02+00:00,355.0,35.03,0.0,0.0,0.0,0.0,1.0,0,1.0000000000000004e-05,True,REGULAR,USD,Call,TSLA,381.6300048828125,0.4748701831761241,0.0,2026-06-05,35,0.0958904109589041,0.9302203586141248,0.0,35.03,0.0,0.0697796413858753,0.035850000381469724,0.4748701831761241,hist_vol_fallback,call,OTM,26.6300048828125,8.399995117187501,False,Tesla Inc.,Consumer Disc.,2026-05-01
TSLA260605C00410000,2026-04-30 19:52:18+00:00,410.0,9.2,0.0,0.0,0.0,0.0,354.0,0,0.062509375,False,REGULAR,USD,Call,TSLA,381.6300048828125,0.4748701831761241,0.0,2026-06-05,35,0.0958904109589041,1.0743390057233553,0.0,9.2,0.0,0.0743390057233552,0.035850000381469724,0.062509375,market_iv,call,ITM,0.0,9.2,False,Tesla Inc.,Consumer Disc.,2026-05-01
TSLA260605C00350000,2026-04-30 19:22:58+00:00,350.0,41.8,0.0,0.0,0.0,0.0,2.0,0,1.0000000000000004e-05,True,REGULAR,USD,Call,TSLA,381.6300048828125,0.4748701831761241,0.0,2026-06-05,35,0.0958904109589041,0.9171186634223764,0.0,41.8,0.0,0.0828813365776235,0.035850000381469724,0.4748701831761241,hist_vol_fallback,call,OTM,31.6300048828125,10.169995117187497,False,Tesla Inc.,Consumer Disc.,2026-05-01
TSLA260605C00415000,2026-04-30 19:55:02+00:00,415.0,8.15,0.0,0.0,0.0,0.0,262.0,0,0.062509375,False,REGULAR,USD,Call,TSLA,381.6300048828125,0.4748701831761241,0.0,2026-06-05,35,0.0958904109589041,1.0874407009151037,0.0,8.15,0.0,0.0874407009151034,0.035850000381469724,0.062509375,market_iv,call,ITM,0.0,8.15,False,Tesla Inc.,Consumer Disc.,2026-05-01
TSLA260605C00345000,2026-04-29 18:43:19+00:00,345.0,36.0,0.0,0.0,0.0,0.0,1.0,0,1.0000000000000004e-05,True,REGULAR,USD,Call,TSLA,381.6300048828125,0.4748701831761241,0.0,2026-06-05,35,0.0958904109589041,0.9040169682306284,0.0,36.0,0.0,0.0959830317693717,0.035850000381469724,0.4748701831761241,hist_vol_fallback,call,OTM,36.6300048828125,0.0,False,Tesla Inc.,Consumer Disc.,2026-05-01
TSLA260605C00420000,2026-04-30 19:50:00+00:00,420.0,7.0,0.0,0.0,0.0,0.0,261.0,0,0.062509375,False,REGULAR,USD,Call,TSLA,381.6300048828125,0.4748701831761241,0.0,2026-06-05,35,0.0958904109589041,1.1005423961068517,0.0,7.0,0.0,0.1005423961068516,0.035850000381469724,0.062509375,market_iv,call,ITM,0.0,7.0,False,Tesla Inc.,Consumer Disc.,2026-05-01
TSLA260605C00340000,2026-04-30 18:30:09+00:00,340.0,47.27,0.0,0.0,0.0,0.0,3.0,0,1.0000000000000004e-05,True,REGULAR,USD,Call,TSLA,381.6300048828125,0.4748701831761241,0.0,2026-06-05,35,0.0958904109589041,0.89091527303888,0.0,47.27,0.0,0.10908472696112,0.035850000381469724,0.4748701831761241,hist_vol_fallback,call,OTM,41.6300048828125,5.639995117187503,False,Tesla Inc.,Consumer Disc.,2026-05-01
TSLA260605C00425000,2026-04-30 19:56:55+00:00,425.0,6.1,0.0,0.0,0.0,0.0,1215.0,0,0.062509375,False,REGULAR,USD,Call,TSLA,381.6300048828125,0.4748701831761241,0.0,2026-06-05,35,0.0958904109589041,1.1136440912986,0.0,6.1,0.0,0.1136440912985998,0.035850000381469724,0.062509375,market_iv,call,ITM,0.0,6.1,False,Tesla Inc.,Consumer Disc.,2026-05-01
TSLA260605C00335000,2026-04-30 19:58:49+00:00,335.0,51.91,0.0,0.0,0.0,0.0,3.0,0,1.0000000000000004e-05,True,REGULAR,USD,Call,TSLA,381.6300048828125,0.4748701831761241,0.0,2026-06-05,35,0.0958904109589041,0.8778135778471318,0.0,51.91,0.0,0.1221864221528682,0.035850000381469724,0.4748701831761241,hist_vol_fallback,call,OTM,46.6300048828125,5.279995117187497,False,Tesla Inc.,Consumer Disc.,2026-05-01
TSLA260605C00430000,2026-04-30 19:59:09+00:00,430.0,5.45,0.0,0.0,0.0,0.0,299.0,0,0.062509375,False,REGULAR,USD,Call,TSLA,381.6300048828125,0.4748701831761241,0.0,2026-06-05,35,0.0958904109589041,1.1267457864903485,0.0,5.45,0.0,0.1267457864903483,0.035850000381469724,0.062509375,market_iv,call,ITM,0.0,5.45,False,Tesla Inc.,Consumer Disc.,2026-05-01
TSLA260605P00380000,2026-04-30 19:59:16+00:00,380.0,17.25,0.0,0.0,0.0,0.0,154.0,0,0.0039162109375,False,REGULAR,USD,Put,TSLA,381.6300048828125,0.4748701831761241,0.0,2026-06-05,35,0.0958904109589041,0.995728834572866,0.0,17.25,0.0,0.0042711654271341,0.035850000381469724,0.4748701831761241,hist_vol_fallback,put,ATM,0.0,17.25,False,Tesla Inc.,Consumer Disc.,2026-05-01
TSLA260605P00385000,2026-04-30 19:16:17+00:00,385.0,19.35,0.0,0.0,0.0,0.0,14.0,0,1.0000000000000004e-05,True,REGULAR,USD,Put,TSLA,381.6300048828125,0.4748701831761241,0.0,2026-06-05,35,0.0958904109589041,1.008830529764614,0.0,19.35,0.0,0.008830529764614,0.035850000381469724,0.4748701831761241,hist_vol_fallback,put,ATM,3.3699951171875,15.980004882812501,False,Tesla Inc.,Consumer Disc.,2026-05-01
TSLA260605P00375000,2026-04-30 19:55:25+00:00,375.0,15.2,0.0,0.0,0.0,0.0,516.0,0,0.01563484375,False,REGULAR,USD,Put,TSLA,381.6300048828125,0.4748701831761241,0.0,2026-06-05,35,0.0958904109589041,0.9826271393811176,0.0,15.2,0.0,0.0173728606188823,0.035850000381469724,0.01563484375,market_iv,put,ATM,0.0,15.2,False,Tesla Inc.,Consumer Disc.,2026-05-01
TSLA260605P00390000,2026-04-30 19:36:33+00:00,390.0,22.73,0.0,0.0,0.0,0.0,29.0,0,1.0000000000000004e-05,True,REGULAR,USD,Put,TSLA,381.6300048828125,0.4748701831761241,0.0,2026-06-05,35,0.0958904109589041,1.0219322249563625,0.0,22.73,0.0,0.0219322249563622,0.035850000381469724,0.4748701831761241,hist_vol_fallback,put,ATM,8.3699951171875,14.3600048828125,False,Tesla Inc.,Consumer Disc.,2026-05-01
TSLA260605P00370000,2026-04-30 19:54:54+00:00,370.0,13.05,0.0,0.0,0.0,0.0,146.0,0,0.0312596875,False,REGULAR,USD,Put,TSLA,381.6300048828125,0.4748701831761241,0.0,2026-06-05,35,0.0958904109589041,0.9695254441893694,0.0,13.05,0.0,0.0304745558106306,0.035850000381469724,0.0312596875,market_iv,put,ITM,0.0,13.05,False,Tesla Inc.,Consumer Disc.,2026-05-01
TSLA260605P00395000,2026-04-30 19:44:01+00:00,395.0,25.95,0.0,0.0,0.0,0.0,12.0,0,1.0000000000000004e-05,True,REGULAR,USD,Put,TSLA,381.6300048828125,0.4748701831761241,0.0,2026-06-05,35,0.0958904109589041,1.0350339201481105,0.0,25.95,0.0,0.0350339201481104,0.035850000381469724,0.4748701831761241,hist_vol_fallback,put,OTM,13.3699951171875,12.5800048828125,False,Tesla Inc.,Consumer Disc.,2026-05-01
TSLA260605P00365000,2026-04-30 19:28:44+00:00,365.0,10.43,0.0,0.0,0.0,0.0,119.0,0,0.0312596875,False,REGULAR,USD,Put,TSLA,381.6300048828125,0.4748701831761241,0.0,2026-06-05,35,0.0958904109589041,0.9564237489976212,0.0,10.43,0.0,0.0435762510023788,0.035850000381469724,0.0312596875,market_iv,put,ITM,0.0,10.43,False,Tesla Inc.,Consumer Disc.,2026-05-01
TSLA260605P00400000,2026-04-30 19:44:30+00:00,400.0,28.91,0.0,0.0,0.0,0.0,64.0,0,1.0000000000000004e-05,True,REGULAR,USD,Put,TSLA,381.6300048828125,0.4748701831761241,0.0,2026-06-05,35,0.0958904109589041,1.0481356153398589,0.0,28.91,0.0,0.0481356153398588,0.035850000381469724,0.4748701831761241,hist_vol_fallback,put,OTM,18.3699951171875,10.5400048828125,False,Tesla Inc.,Consumer Disc.,2026-05-01
TSLA260605P00360000,2026-04-30 19:59:16+00:00,360.0,9.34,0.0,0.0,0.0,0.0,2494.0,0,0.0312596875,False,REGULAR,USD,Put,TSLA,381.6300048828125,0.4748701831761241,0.0,2026-06-05,35,0.0958904109589041,0.943322053805873,0.0,9.34,0.0,0.056677946194127,0.035850000381469724,0.0312596875,market_iv,put,ITM,0.0,9.34,False,Tesla Inc.,Consumer Disc.,2026-05-01
TSLA260605P00405000,2026-04-30 18:39:49+00:00,405.0,32.25,0.0,0.0,0.0,0.0,17.0,0,1.0000000000000004e-05,True,REGULAR,USD,Put,TSLA,381.6300048828125,0.4748701831761241,0.0,2026-06-05,35,0.0958904109589041,1.061237310531607,0.0,32.25,0.0,0.061237310531607,0.035850000381469724,0.4748701831761241,hist_vol_fallback,put,OTM,23.3699951171875,8.8800048828125,False,Tesla Inc.,Consumer Disc.,2026-05-01
TSLA260605P00355000,2026-04-30 19:58:14+00:00,355.0,7.99,0.0,0.0,0.0,0.0,77.0,0,0.062509375,False,REGULAR,USD,Put,TSLA,381.6300048828125,0.4748701831761241,0.0,2026-06-05,35,0.0958904109589041,0.9302203586141248,0.0,7.99,0.0,0.0697796413858753,0.035850000381469724,0.062509375,market_iv,put,ITM,0.0,7.99,False,Tesla Inc.,Consumer Disc.,2026-05-01
TSLA260605P00410000,2026-04-30 15:43:09+00:00,410.0,39.05,0.0,0.0,0.0,0.0,2.0,0,1.0000000000000004e-05,True,REGULAR,USD,Put,TSLA,381.6300048828125,0.4748701831761241,0.0,2026-06-05,35,0.0958904109589041,1.0743390057233553,0.0,39.05,0.0,0.0743390057233552,0.035850000381469724,0.4748701831761241,hist_vol_fallback,put,OTM,28.3699951171875,10.680004882812497,False,Tesla Inc.,Consumer Disc.,2026-05-01
TSLA260605P00350000,2026-04-30 19:56:21+00:00,350.0,6.83,0.0,0.0,0.0,0.0,316.0,0,0.062509375,False,REGULAR,USD,Put,TSLA,381.6300048828125,0.4748701831761241,0.0,2026-06-05,35,0.0958904109589041,0.9171186634223764,0.0,6.83,0.0,0.0828813365776235,0.035850000381469724,0.062509375,market_iv,put,ITM,0.0,6.83,False,Tesla Inc.,Consumer Disc.,2026-05-01
TSLA260605P00415000,2026-04-30 14:21:01+00:00,415.0,48.67,0.0,0.0,0.0,0.0,1.0,0,1.0000000000000004e-05,True,REGULAR,USD,Put,TSLA,381.6300048828125,0.4748701831761241,0.0,2026-06-05,35,0.0958904109589041,1.0874407009151037,0.0,48.67,0.0,0.0874407009151034,0.035850000381469724,0.4748701831761241,hist_vol_fallback,put,OTM,33.3699951171875,15.300004882812502,False,Tesla Inc.,Consumer Disc.,2026-05-01
TSLA260605P00345000,2026-04-30 19:49:54+00:00,345.0,5.75,0.0,0.0,0.0,0.0,76.0,0,0.062509375,False,REGULAR,USD,Put,TSLA,381.6300048828125,0.4748701831761241,0.0,2026-06-05,35,0.0958904109589041,0.9040169682306284,0.0,5.75,0.0,0.0959830317693717,0.035850000381469724,0.062509375,market_iv,put,ITM,0.0,5.75,False,Tesla Inc.,Consumer Disc.,2026-05-01
TSLA260605P00420000,2026-04-30 19:57:07+00:00,420.0,44.24,0.0,0.0,0.0,0.0,4.0,0,1.0000000000000004e-05,True,REGULAR,USD,Put,TSLA,381.6300048828125,0.4748701831761241,0.0,2026-06-05,35,0.0958904109589041,1.1005423961068517,0.0,44.24,0.0,0.1005423961068516,0.035850000381469724,0.4748701831761241,hist_vol_fallback,put,OTM,38.3699951171875,5.870004882812502,False,Tesla Inc.,Consumer Disc.,2026-05-01
TSLA260605P00340000,2026-04-30 19:47:27+00:00,340.0,4.85,0.0,0.0,0.0,0.0,196.0,0,0.062509375,False,REGULAR,USD,Put,TSLA,381.6300048828125,0.4748701831761241,0.0,2026-06-05,35,0.0958904109589041,0.89091527303888,0.0,4.85,0.0,0.10908472696112,0.035850000381469724,0.062509375,market_iv,put,ITM,0.0,4.85,False,Tesla Inc.,Consumer Disc.,2026-05-01
TSLA260605P00425000,2026-04-30 13:54:17+00:00,425.0,57.54,0.0,0.0,0.0,0.0,4.0,0,1.0000000000000004e-05,True,REGULAR,USD,Put,TSLA,381.6300048828125,0.4748701831761241,0.0,2026-06-05,35,0.0958904109589041,1.1136440912986,0.0,57.54,0.0,0.1136440912985998,0.035850000381469724,0.4748701831761241,hist_vol_fallback,put,OTM,43.3699951171875,14.1700048828125,False,Tesla Inc.,Consumer Disc.,2026-05-01
TSLA260605P00335000,2026-04-30 19:43:39+00:00,335.0,3.89,0.0,0.0,0.0,0.0,154.0,0,0.062509375,False,REGULAR,USD,Put,TSLA,381.6300048828125,0.4748701831761241,0.0,2026-06-05,35,0.0958904109589041,0.8778135778471318,0.0,3.89,0.0,0.1221864221528682,0.035850000381469724,0.062509375,market_iv,put,ITM,0.0,3.89,False,Tesla Inc.,Consumer Disc.,2026-05-01
TSLA260605P00430000,2026-04-30 13:54:17+00:00,430.0,61.98,0.0,0.0,0.0,0.0,2.0,0,1.0000000000000004e-05,True,REGULAR,USD,Put,TSLA,381.6300048828125,0.4748701831761241,0.0,2026-06-05,35,0.0958904109589041,1.1267457864903485,0.0,61.98,0.0,0.1267457864903483,0.035850000381469724,0.4748701831761241,hist_vol_fallback,put,OTM,48.3699951171875,13.610004882812497,False,Tesla Inc.,Consumer Disc.,2026-05-01
JPM260522C00315000,2026-04-30 19:36:06+00:00,315.0,6.99,0.0,0.0,0.0,0.0,64.0,0,0.007822421875,False,REGULAR,USD,Call,JPM,313.2300109863281,0.2118136859424178,0.0188359984454284,2026-05-22,21,0.0575342465753424,1.0056507644593131,0.0,6.99,0.0,0.0056507644593133,0.035850000381469724,0.2118136859424178,hist_vol_fallback,call,ATM,0.0,6.99,False,JPMorgan Chase & Co.,Financials,2026-05-01
JPM260522C00310000,2026-04-30 14:38:17+00:00,310.0,9.8,0.0,0.0,0.0,0.0,4.0,0,1.0000000000000004e-05,True,REGULAR,USD,Call,JPM,313.2300109863281,0.2118136859424178,0.0188359984454284,2026-05-22,21,0.0575342465753424,0.9896880539123402,0.0,9.8,0.0,0.0103119460876598,0.035850000381469724,0.2118136859424178,hist_vol_fallback,call,ATM,3.230010986328125,6.569989013671876,False,JPMorgan Chase & Co.,Financials,2026-05-01
JPM260522C00320000,2026-04-30 16:58:51+00:00,320.0,4.38,0.0,0.0,0.0,0.0,18.0,0,0.01563484375,False,REGULAR,USD,Call,JPM,313.2300109863281,0.2118136859424178,0.0188359984454284,2026-05-22,21,0.0575342465753424,1.0216134750062866,0.0,4.38,0.0,0.0216134750062866,0.035850000381469724,0.01563484375,market_iv,call,ATM,0.0,4.38,False,JPMorgan Chase & Co.,Financials,2026-05-01
JPM260522C00305000,2026-04-30 14:55:48+00:00,305.0,12.98,0.0,0.0,0.0,0.0,1.0,0,1.0000000000000004e-05,True,REGULAR,USD,Call,JPM,313.2300109863281,0.2118136859424178,0.0188359984454284,2026-05-22,21,0.0575342465753424,0.9737253433653668,0.0,12.98,0.0,0.0262746566346331,0.035850000381469724,0.2118136859424178,hist_vol_fallback,call,ATM,8.230010986328125,4.749989013671875,False,JPMorgan Chase & Co.,Financials,2026-05-01
JPM260522C00325000,2026-04-30 19:36:55+00:00,325.0,2.76,0.0,0.0,0.0,0.0,75.0,0,0.0312596875,False,REGULAR,USD,Call,JPM,313.2300109863281,0.2118136859424178,0.0188359984454284,2026-05-22,21,0.0575342465753424,1.03757618555326,0.0,2.76,0.0,0.0375761855532599,0.035850000381469724,0.0312596875,market_iv,call,ITM,0.0,2.76,True,JPMorgan Chase & Co.,Financials,2026-05-01
JPM260522C00300000,2026-04-30 18:35:19+00:00,300.0,16.98,0.0,0.0,0.0,0.0,3.0,0,1.0000000000000004e-05,True,REGULAR,USD,Call,JPM,313.2300109863281,0.2118136859424178,0.0188359984454284,2026-05-22,21,0.0575342465753424,0.9577626328183936,0.0,16.98,0.0,0.0422373671816063,0.035850000381469724,0.2118136859424178,hist_vol_fallback,call,OTM,13.230010986328125,3.7499890136718754,False,JPMorgan Chase & Co.,Financials,2026-05-01
JPM260522C00330000,2026-04-30 19:57:27+00:00,330.0,1.57,0.0,0.0,0.0,0.0,5.0,0,0.062509375,False,REGULAR,USD,Call,JPM,313.2300109863281,0.2118136859424178,0.0188359984454284,2026-05-22,21,0.0575342465753424,1.053538896100233,0.0,1.57,0.0,0.0535388961002329,0.035850000381469724,0.062509375,market_iv,call,ITM,0.0,1.57,True,JPMorgan Chase & Co.,Financials,2026-05-01
JPM260522C00295000,2026-04-29 14:43:36+00:00,295.0,18.55,0.0,0.0,0.0,0.0,45.0,0,1.0000000000000004e-05,True,REGULAR,USD,Call,JPM,313.2300109863281,0.2118136859424178,0.0188359984454284,2026-05-22,21,0.0575342465753424,0.9417999222714204,0.0,18.55,0.0,0.0582000777285796,0.035850000381469724,0.2118136859424178,hist_vol_fallback,call,OTM,18.230010986328125,0.3199890136718757,False,JPMorgan Chase & Co.,Financials,2026-05-01
JPM260522C00335000,2026-04-30 19:27:10+00:00,335.0,0.83,0.0,0.0,0.0,0.0,34.0,0,0.062509375,False,REGULAR,USD,Call,JPM,313.2300109863281,0.2118136859424178,0.0188359984454284,2026-05-22,21,0.0575342465753424,1.0695016066472065,0.0,0.83,0.0,0.0695016066472062,0.035850000381469724,0.062509375,market_iv,call,ITM,0.0,0.83,True,JPMorgan Chase & Co.,Financials,2026-05-01
JPM260522C00290000,2026-04-30 15:02:36+00:00,290.0,25.05,0.0,0.0,0.0,0.0,1.0,0,1.0000000000000004e-05,True,REGULAR,USD,Call,JPM,313.2300109863281,0.2118136859424178,0.0188359984454284,2026-05-22,21,0.0575342465753424,0.9258372117244472,0.0,25.05,0.0,0.0741627882755527,0.035850000381469724,0.2118136859424178,hist_vol_fallback,call,OTM,23.230010986328125,1.8199890136718757,False,JPMorgan Chase & Co.,Financials,2026-05-01
JPM260522C00340000,2026-04-29 14:34:28+00:00,340.0,0.36,0.0,0.0,0.0,0.0,6.0,0,0.062509375,False,REGULAR,USD,Call,JPM,313.2300109863281,0.2118136859424178,0.0188359984454284,2026-05-22,21,0.0575342465753424,1.0854643171941796,0.0,0.36,0.0,0.0854643171941795,0.035850000381469724,0.062509375,market_iv,call,ITM,0.0,0.36,True,JPMorgan Chase & Co.,Financials,2026-05-01
JPM260522C00285000,2026-04-16 19:20:30+00:00,285.0,26.95,0.0,0.0,0.0,0.0,3.0,0,1.0000000000000004e-05,True,REGULAR,USD,Call,JPM,313.2300109863281,0.2118136859424178,0.0188359984454284,2026-05-22,21,0.0575342465753424,0.909874501177474,0.0,26.95,0.0,0.0901254988225259,0.035850000381469724,0.2118136859424178,hist_vol_fallback,call,OTM,28.230010986328125,0.0,False,JPMorgan Chase & Co.,Financials,2026-05-01
JPM260522C00345000,2026-04-29 18:02:21+00:00,345.0,0.29,0.0,0.0,0.0,0.0,1.0,0,0.062509375,False,REGULAR,USD,Call,JPM,313.2300109863281,0.2118136859424178,0.0188359984454284,2026-05-22,21,0.0575342465753424,1.1014270277411526,0.0,0.29,0.0,0.1014270277411526,0.035850000381469724,0.062509375,market_iv,call,ITM,0.0,0.29,True,JPMorgan Chase & Co.,Financials,2026-05-01
JPM260522C00280000,2026-04-27 15:47:15+00:00,280.0,32.55,0.0,0.0,0.0,0.0,10.0,0,1.0000000000000004e-05,True,REGULAR,USD,Call,JPM,313.2300109863281,0.2118136859424178,0.0188359984454284,2026-05-22,21,0.0575342465753424,0.8939117906305007,0.0,32.55,0.0,0.1060882093694992,0.035850000381469724,0.2118136859424178,hist_vol_fallback,call,OTM,33.230010986328125,0.0,False,JPMorgan Chase & Co.,Financials,2026-05-01
JPM260522C00350000,2026-04-28 13:54:08+00:00,350.0,0.15,0.0,0.0,0.0,0.0,4.0,0,0.12500875,False,REGULAR,USD,Call,JPM,313.2300109863281,0.2118136859424178,0.0188359984454284,2026-05-22,21,0.0575342465753424,1.117389738288126,0.0,0.15,0.0,0.1173897382881259,0.035850000381469724,0.12500875,market_iv,call,ITM,0.0,0.15,True,JPMorgan Chase & Co.,Financials,2026-05-01
JPM260522C00275000,2026-04-27 15:03:23+00:00,275.0,37.15,0.0,0.0,0.0,0.0,1.0,0,1.0000000000000004e-05,True,REGULAR,USD,Call,JPM,313.2300109863281,0.2118136859424178,0.0188359984454284,2026-05-22,21,0.0575342465753424,0.8779490800835276,0.0,37.15,0.0,0.1220509199164724,0.035850000381469724,0.2118136859424178,hist_vol_fallback,call,OTM,38.230010986328125,0.0,False,JPMorgan Chase & Co.,Financials,2026-05-01
JPM260522C00270000,2026-04-22 16:07:54+00:00,270.0,44.62,0.0,0.0,0.0,0.0,1.0,0,1.0000000000000004e-05,True,REGULAR,USD,Call,JPM,313.2300109863281,0.2118136859424178,0.0188359984454284,2026-05-22,21,0.0575342465753424,0.8619863695365543,0.0,44.62,0.0,0.1380136304634457,0.035850000381469724,0.2118136859424178,hist_vol_fallback,call,OTM,43.230010986328125,1.3899890136718724,False,JPMorgan Chase & Co.,Financials,2026-05-01
JPM260522P00315000,2026-04-29 19:07:12+00:00,315.0,10.26,0.0,0.0,0.0,0.0,9.0,0,1.0000000000000004e-05,True,REGULAR,USD,Put,JPM,313.2300109863281,0.2118136859424178,0.0188359984454284,2026-05-22,21,0.0575342465753424,1.0056507644593131,0.0,10.26,0.0,0.0056507644593133,0.035850000381469724,0.2118136859424178,hist_vol_fallback,put,ATM,1.769989013671875,8.490010986328125,True,JPMorgan Chase & Co.,Financials,2026-05-01
JPM260522P00310000,2026-04-30 19:36:06+00:00,310.0,5.4,0.0,0.0,0.0,0.0,4.0,0,0.007822421875,False,REGULAR,USD,Put,JPM,313.2300109863281,0.2118136859424178,0.0188359984454284,2026-05-22,21,0.0575342465753424,0.9896880539123402,0.0,5.4,0.0,0.0103119460876598,0.035850000381469724,0.2118136859424178,hist_vol_fallback,put,ATM,0.0,5.4,True,JPMorgan Chase & Co.,Financials,2026-05-01
JPM260522P00320000,2026-04-30 18:29:50+00:00,320.0,10.05,0.0,0.0,0.0,0.0,11.0,0,1.0000000000000004e-05,True,REGULAR,USD,Put,JPM,313.2300109863281,0.2118136859424178,0.0188359984454284,2026-05-22,21,0.0575342465753424,1.0216134750062866,0.0,10.05,0.0,0.0216134750062866,0.035850000381469724,0.2118136859424178,hist_vol_fallback,put,ATM,6.769989013671875,3.2800109863281257,True,JPMorgan Chase & Co.,Financials,2026-05-01
JPM260522P00305000,2026-04-30 19:56:40+00:00,305.0,3.68,0.0,0.0,0.0,0.0,33.0,0,0.0312596875,False,REGULAR,USD,Put,JPM,313.2300109863281,0.2118136859424178,0.0188359984454284,2026-05-22,21,0.0575342465753424,0.9737253433653668,0.0,3.68,0.0,0.0262746566346331,0.035850000381469724,0.0312596875,market_iv,put,ATM,0.0,3.68,True,JPMorgan Chase & Co.,Financials,2026-05-01
JPM260522P00325000,2026-04-23 19:23:14+00:00,325.0,15.97,0.0,0.0,0.0,0.0,1.0,0,1.0000000000000004e-05,True,REGULAR,USD,Put,JPM,313.2300109863281,0.2118136859424178,0.0188359984454284,2026-05-22,21,0.0575342465753424,1.03757618555326,0.0,15.97,0.0,0.0375761855532599,0.035850000381469724,0.2118136859424178,hist_vol_fallback,put,OTM,11.769989013671875,4.200010986328126,True,JPMorgan Chase & Co.,Financials,2026-05-01
JPM260522P00300000,2026-04-30 19:56:40+00:00,300.0,2.49,0.0,0.0,0.0,0.0,70.0,0,0.0312596875,False,REGULAR,USD,Put,JPM,313.2300109863281,0.2118136859424178,0.0188359984454284,2026-05-22,21,0.0575342465753424,0.9577626328183936,0.0,2.49,0.0,0.0422373671816063,0.035850000381469724,0.0312596875,market_iv,put,ITM,0.0,2.49,True,JPMorgan Chase & Co.,Financials,2026-05-01
JPM260522P00330000,2026-04-13 17:12:24+00:00,330.0,20.85,0.0,0.0,0.0,0.0,10.0,0,1.0000000000000004e-05,True,REGULAR,USD,Put,JPM,313.2300109863281,0.2118136859424178,0.0188359984454284,2026-05-22,21,0.0575342465753424,1.053538896100233,0.0,20.85,0.0,0.0535388961002329,0.035850000381469724,0.2118136859424178,hist_vol_fallback,put,OTM,16.769989013671875,4.080010986328126,True,JPMorgan Chase & Co.,Financials,2026-05-01
JPM260522P00295000,2026-04-30 19:57:12+00:00,295.0,1.74,0.0,0.0,0.0,0.0,35.0,0,0.062509375,False,REGULAR,USD,Put,JPM,313.2300109863281,0.2118136859424178,0.0188359984454284,2026-05-22,21,0.0575342465753424,0.9417999222714204,0.0,1.74,0.0,0.0582000777285796,0.035850000381469724,0.062509375,market_iv,put,ITM,0.0,1.74,True,JPMorgan Chase & Co.,Financials,2026-05-01
JPM260522P00335000,2026-04-08 18:59:43+00:00,335.0,29.08,0.0,0.0,0.0,0.0,0.0,0,1.0000000000000004e-05,True,REGULAR,USD,Put,JPM,313.2300109863281,0.2118136859424178,0.0188359984454284,2026-05-22,21,0.0575342465753424,1.0695016066472065,0.0,29.08,0.0,0.0695016066472062,0.035850000381469724,0.2118136859424178,hist_vol_fallback,put,OTM,21.769989013671875,7.310010986328123,True,JPMorgan Chase & Co.,Financials,2026-05-01
JPM260522P00290000,2026-04-30 19:52:07+00:00,290.0,1.17,0.0,0.0,0.0,0.0,40.0,0,0.062509375,False,REGULAR,USD,Put,JPM,313.2300109863281,0.2118136859424178,0.0188359984454284,2026-05-22,21,0.0575342465753424,0.9258372117244472,0.0,1.17,0.0,0.0741627882755527,0.035850000381469724,0.062509375,market_iv,put,ITM,0.0,1.17,True,JPMorgan Chase & Co.,Financials,2026-05-01
JPM260522P00285000,2026-04-30 19:41:59+00:00,285.0,0.85,0.0,0.0,0.0,0.0,37.0,0,0.062509375,False,REGULAR,USD,Put,JPM,313.2300109863281,0.2118136859424178,0.0188359984454284,2026-05-22,21,0.0575342465753424,0.909874501177474,0.0,0.85,0.0,0.0901254988225259,0.035850000381469724,0.062509375,market_iv,put,ITM,0.0,0.85,True,JPMorgan Chase & Co.,Financials,2026-05-01
JPM260522P00280000,2026-04-30 19:01:08+00:00,280.0,0.58,0.0,0.0,0.0,0.0,8.0,0,0.12500875,False,REGULAR,USD,Put,JPM,313.2300109863281,0.2118136859424178,0.0188359984454284,2026-05-22,21,0.0575342465753424,0.8939117906305007,0.0,0.58,0.0,0.1060882093694992,0.035850000381469724,0.12500875,market_iv,put,ITM,0.0,0.58,True,JPMorgan Chase & Co.,Financials,2026-05-01
JPM260522P00350000,2026-04-13 19:05:15+00:00,350.0,38.75,0.0,0.0,0.0,0.0,0.0,0,1.0000000000000004e-05,True,REGULAR,USD,Put,JPM,313.2300109863281,0.2118136859424178,0.0188359984454284,2026-05-22,21,0.0575342465753424,1.117389738288126,0.0,38.75,0.0,0.1173897382881259,0.035850000381469724,0.2118136859424178,hist_vol_fallback,put,OTM,36.769989013671875,1.980010986328125,True,JPMorgan Chase & Co.,Financials,2026-05-01
JPM260522P00275000,2026-04-30 19:33:30+00:00,275.0,0.4,0.0,0.0,0.0,0.0,8.0,0,0.12500875,False,REGULAR,USD,Put,JPM,313.2300109863281,0.2118136859424178,0.0188359984454284,2026-05-22,21,0.0575342465753424,0.8779490800835276,0.0,0.4,0.0,0.1220509199164724,0.035850000381469724,0.12500875,market_iv,put,ITM,0.0,0.4,True,JPMorgan Chase & Co.,Financials,2026-05-01
JPM260522P00270000,2026-04-28 19:35:17+00:00,270.0,0.44,0.0,0.0,0.0,0.0,5.0,0,0.12500875,False,REGULAR,USD,Put,JPM,313.2300109863281,0.2118136859424178,0.0188359984454284,2026-05-22,21,0.0575342465753424,0.8619863695365543,0.0,0.44,0.0,0.1380136304634457,0.035850000381469724,0.12500875,market_iv,put,ITM,0.0,0.44,True,JPMorgan Chase & Co.,Financials,2026-05-01
JPM260522P00360000,2026-04-08 19:00:50+00:00,360.0,52.97,0.0,0.0,0.0,0.0,0.0,0,1.0000000000000004e-05,True,REGULAR,USD,Put,JPM,313.2300109863281,0.2118136859424178,0.0188359984454284,2026-05-22,21,0.0575342465753424,1.1493151593820723,0.0,52.97,0.0,0.1493151593820725,0.035850000381469724,0.2118136859424178,hist_vol_fallback,put,OTM,46.769989013671875,6.200010986328124,True,JPMorgan Chase & Co.,Financials,2026-05-01
JPM260529C00315000,2026-04-30 19:56:43+00:00,315.0,7.9,0.0,0.0,0.0,0.0,61.0,0,0.0039162109375,False,REGULAR,USD,Call,JPM,313.2300109863281,0.2118136859424178,0.0188359984454284,2026-05-29,28,0.0767123287671232,1.0056507644593131,0.0,7.9,0.0,0.0056507644593133,0.035850000381469724,0.2118136859424178,hist_vol_fallback,call,ATM,0.0,7.9,False,JPMorgan Chase & Co.,Financials,2026-05-01
JPM260529C00310000,2026-04-30 19:58:58+00:00,310.0,10.7,0.0,0.0,0.0,0.0,22.0,0,1.0000000000000004e-05,True,REGULAR,USD,Call,JPM,313.2300109863281,0.2118136859424178,0.0188359984454284,2026-05-29,28,0.0767123287671232,0.9896880539123402,0.0,10.7,0.0,0.0103119460876598,0.035850000381469724,0.2118136859424178,hist_vol_fallback,call,ATM,3.230010986328125,7.469989013671874,False,JPMorgan Chase & Co.,Financials,2026-05-01
JPM260529C00320000,2026-04-30 19:55:29+00:00,320.0,5.5,0.0,0.0,0.0,0.0,56.0,0,0.01563484375,False,REGULAR,USD,Call,JPM,313.2300109863281,0.2118136859424178,0.0188359984454284,2026-05-29,28,0.0767123287671232,1.0216134750062866,0.0,5.5,0.0,0.0216134750062866,0.035850000381469724,0.01563484375,market_iv,call,ATM,0.0,5.5,False,JPMorgan Chase & Co.,Financials,2026-05-01
JPM260529C00305000,2026-04-30 19:46:11+00:00,305.0,13.92,0.0,0.0,0.0,0.0,2.0,0,1.0000000000000004e-05,True,REGULAR,USD,Call,JPM,313.2300109863281,0.2118136859424178,0.0188359984454284,2026-05-29,28,0.0767123287671232,0.9737253433653668,0.0,13.92,0.0,0.0262746566346331,0.035850000381469724,0.2118136859424178,hist_vol_fallback,call,ATM,8.230010986328125,5.689989013671875,False,JPMorgan Chase & Co.,Financials,2026-05-01
JPM260529C00325000,2026-04-30 19:29:50+00:00,325.0,3.6,0.0,0.0,0.0,0.0,100.0,0,0.0312596875,False,REGULAR,USD,Call,JPM,313.2300109863281,0.2118136859424178,0.0188359984454284,2026-05-29,28,0.0767123287671232,1.03757618555326,0.0,3.6,0.0,0.0375761855532599,0.035850000381469724,0.0312596875,market_iv,call,ITM,0.0,3.6,True,JPMorgan Chase & Co.,Financials,2026-05-01
JPM260529C00300000,2026-04-30 14:22:08+00:00,300.0,16.98,0.0,0.0,0.0,0.0,23.0,0,1.0000000000000004e-05,True,REGULAR,USD,Call,JPM,313.2300109863281,0.2118136859424178,0.0188359984454284,2026-05-29,28,0.0767123287671232,0.9577626328183936,0.0,16.98,0.0,0.0422373671816063,0.035850000381469724,0.2118136859424178,hist_vol_fallback,call,OTM,13.230010986328125,3.7499890136718754,False,JPMorgan Chase & Co.,Financials,2026-05-01
JPM260529C00330000,2026-04-30 19:22:18+00:00,330.0,2.24,0.0,0.0,0.0,0.0,66.0,0,0.0312596875,False,REGULAR,USD,Call,JPM,313.2300109863281,0.2118136859424178,0.0188359984454284,2026-05-29,28,0.0767123287671232,1.053538896100233,0.0,2.24,0.0,0.0535388961002329,0.035850000381469724,0.0312596875,market_iv,call,ITM,0.0,2.24,True,JPMorgan Chase & Co.,Financials,2026-05-01
JPM260529C00295000,2026-04-29 16:35:11+00:00,295.0,17.93,0.0,0.0,0.0,0.0,42.0,0,1.0000000000000004e-05,True,REGULAR,USD,Call,JPM,313.2300109863281,0.2118136859424178,0.0188359984454284,2026-05-29,28,0.0767123287671232,0.9417999222714204,0.0,17.93,0.0,0.0582000777285796,0.035850000381469724,0.2118136859424178,hist_vol_fallback,call,OTM,18.230010986328125,0.0,False,JPMorgan Chase & Co.,Financials,2026-05-01
JPM260529C00335000,2026-04-30 19:10:07+00:00,335.0,1.07,0.0,0.0,0.0,0.0,27.0,0,0.062509375,False,REGULAR,USD,Call,JPM,313.2300109863281,0.2118136859424178,0.0188359984454284,2026-05-29,28,0.0767123287671232,1.0695016066472065,0.0,1.07,0.0,0.0695016066472062,0.035850000381469724,0.062509375,market_iv,call,ITM,0.0,1.07,True,JPMorgan Chase & Co.,Financials,2026-05-01
JPM260529C00290000,2026-04-13 14:06:32+00:00,290.0,24.02,0.0,0.0,0.0,0.0,0.0,0,1.0000000000000004e-05,True,REGULAR,USD,Call,JPM,313.2300109863281,0.2118136859424178,0.0188359984454284,2026-05-29,28,0.0767123287671232,0.9258372117244472,0.0,24.02,0.0,0.0741627882755527,0.035850000381469724,0.2118136859424178,hist_vol_fallback,call,OTM,23.230010986328125,0.7899890136718746,False,JPMorgan Chase & Co.,Financials,2026-05-01
JPM260529C00340000,2026-04-30 19:59:43+00:00,340.0,0.72,0.0,0.0,0.0,0.0,46.0,0,0.062509375,False,REGULAR,USD,Call,JPM,313.2300109863281,0.2118136859424178,0.0188359984454284,2026-05-29,28,0.0767123287671232,1.0854643171941796,0.0,0.72,0.0,0.0854643171941795,0.035850000381469724,0.062509375,market_iv,call,ITM,0.0,0.72,True,JPMorgan Chase & Co.,Financials,2026-05-01
JPM260529C00285000,2026-04-16 16:07:32+00:00,285.0,27.37,0.0,0.0,0.0,0.0,0.0,0,1.0000000000000004e-05,True,REGULAR,USD,Call,JPM,313.2300109863281,0.2118136859424178,0.0188359984454284,2026-05-29,28,0.0767123287671232,0.909874501177474,0.0,27.37,0.0,0.0901254988225259,0.035850000381469724,0.2118136859424178,hist_vol_fallback,call,OTM,28.230010986328125,0.0,False,JPMorgan Chase & Co.,Financials,2026-05-01
JPM260529C00345000,2026-04-30 18:38:04+00:00,345.0,0.42,0.0,0.0,0.0,0.0,13.0,0,0.062509375,False,REGULAR,USD,Call,JPM,313.2300109863281,0.2118136859424178,0.0188359984454284,2026-05-29,28,0.0767123287671232,1.1014270277411526,0.0,0.42,0.0,0.1014270277411526,0.035850000381469724,0.062509375,market_iv,call,ITM,0.0,0.42,True,JPMorgan Chase & Co.,Financials,2026-05-01
JPM260529C00350000,2026-04-30 14:11:19+00:00,350.0,0.19,0.0,0.0,0.0,0.0,5.0,0,0.062509375,False,REGULAR,USD,Call,JPM,313.2300109863281,0.2118136859424178,0.0188359984454284,2026-05-29,28,0.0767123287671232,1.117389738288126,0.0,0.19,0.0,0.1173897382881259,0.035850000381469724,0.062509375,market_iv,call,ITM,0.0,0.19,True,JPMorgan Chase & Co.,Financials,2026-05-01
JPM260529C00275000,2026-04-30 19:14:48+00:00,275.0,39.75,0.0,0.0,0.0,0.0,1.0,0,1.0000000000000004e-05,True,REGULAR,USD,Call,JPM,313.2300109863281,0.2118136859424178,0.0188359984454284,2026-05-29,28,0.0767123287671232,0.8779490800835276,0.0,39.75,0.0,0.1220509199164724,0.035850000381469724,0.2118136859424178,hist_vol_fallback,call,OTM,38.230010986328125,1.519989013671875,False,JPMorgan Chase & Co.,Financials,2026-05-01
JPM260529C00270000,2026-04-22 16:07:54+00:00,270.0,45.05,0.0,0.0,0.0,0.0,1.0,0,1.0000000000000004e-05,True,REGULAR,USD,Call,JPM,313.2300109863281,0.2118136859424178,0.0188359984454284,2026-05-29,28,0.0767123287671232,0.8619863695365543,0.0,45.05,0.0,0.1380136304634457,0.035850000381469724,0.2118136859424178,hist_vol_fallback,call,OTM,43.230010986328125,1.8199890136718722,False,JPMorgan Chase & Co.,Financials,2026-05-01
JPM260529C00360000,2026-04-16 19:48:30+00:00,360.0,0.74,0.0,0.0,0.0,0.0,1.0,0,0.12500875,False,REGULAR,USD,Call,JPM,313.2300109863281,0.2118136859424178,0.0188359984454284,2026-05-29,28,0.0767123287671232,1.1493151593820723,0.0,0.74,0.0,0.1493151593820725,0.035850000381469724,0.12500875,market_iv,call,ITM,0.0,0.74,True,JPMorgan Chase & Co.,Financials,2026-05-01
JPM260529P00315000,2026-04-29 18:23:25+00:00,315.0,10.55,0.0,0.0,0.0,0.0,5.0,0,1.0000000000000004e-05,True,REGULAR,USD,Put,JPM,313.2300109863281,0.2118136859424178,0.0188359984454284,2026-05-29,28,0.0767123287671232,1.0056507644593131,0.0,10.55,0.0,0.0056507644593133,0.035850000381469724,0.2118136859424178,hist_vol_fallback,put,ATM,1.769989013671875,8.780010986328126,True,JPMorgan Chase & Co.,Financials,2026-05-01
JPM260529P00310000,2026-04-30 19:14:45+00:00,310.0,6.07,0.0,0.0,0.0,0.0,39.0,0,0.007822421875,False,REGULAR,USD,Put,JPM,313.2300109863281,0.2118136859424178,0.0188359984454284,2026-05-29,28,0.0767123287671232,0.9896880539123402,0.0,6.07,0.0,0.0103119460876598,0.035850000381469724,0.2118136859424178,hist_vol_fallback,put,ATM,0.0,6.07,True,JPMorgan Chase & Co.,Financials,2026-05-01
JPM260529P00320000,2026-04-30 18:21:21+00:00,320.0,10.88,0.0,0.0,0.0,0.0,2.0,0,1.0000000000000004e-05,True,REGULAR,USD,Put,JPM,313.2300109863281,0.2118136859424178,0.0188359984454284,2026-05-29,28,0.0767123287671232,1.0216134750062866,0.0,10.88,0.0,0.0216134750062866,0.035850000381469724,0.2118136859424178,hist_vol_fallback,put,ATM,6.769989013671875,4.110010986328126,True,JPMorgan Chase & Co.,Financials,2026-05-01
JPM260529P00305000,2026-04-30 19:14:45+00:00,305.0,4.43,0.0,0.0,0.0,0.0,2.0,0,0.0312596875,False,REGULAR,USD,Put,JPM,313.2300109863281,0.2118136859424178,0.0188359984454284,2026-05-29,28,0.0767123287671232,0.9737253433653668,0.0,4.43,0.0,0.0262746566346331,0.035850000381469724,0.0312596875,market_iv,put,ATM,0.0,4.43,True,JPMorgan Chase & Co.,Financials,2026-05-01
JPM260529P00325000,2026-04-29 17:36:08+00:00,325.0,18.0,0.0,0.0,0.0,0.0,5.0,0,1.0000000000000004e-05,True,REGULAR,USD,Put,JPM,313.2300109863281,0.2118136859424178,0.0188359984454284,2026-05-29,28,0.0767123287671232,1.03757618555326,0.0,18.0,0.0,0.0375761855532599,0.035850000381469724,0.2118136859424178,hist_vol_fallback,put,OTM,11.769989013671875,6.230010986328125,True,JPMorgan Chase & Co.,Financials,2026-05-01
JPM260529P00300000,2026-04-30 19:57:31+00:00,300.0,3.25,0.0,0.0,0.0,0.0,12.0,0,0.0312596875,False,REGULAR,USD,Put,JPM,313.2300109863281,0.2118136859424178,0.0188359984454284,2026-05-29,28,0.0767123287671232,0.9577626328183936,0.0,3.25,0.0,0.0422373671816063,0.035850000381469724,0.0312596875,market_iv,put,ITM,0.0,3.25,True,JPMorgan Chase & Co.,Financials,2026-05-01
JPM260529P00295000,2026-04-30 19:44:13+00:00,295.0,2.36,0.0,0.0,0.0,0.0,24.0,0,0.062509375,False,REGULAR,USD,Put,JPM,313.2300109863281,0.2118136859424178,0.0188359984454284,2026-05-29,28,0.0767123287671232,0.9417999222714204,0.0,2.36,0.0,0.0582000777285796,0.035850000381469724,0.062509375,market_iv,put,ITM,0.0,2.36,True,JPMorgan Chase & Co.,Financials,2026-05-01
JPM260529P00290000,2026-04-30 19:02:14+00:00,290.0,1.7,0.0,0.0,0.0,0.0,25.0,0,0.062509375,False,REGULAR,USD,Put,JPM,313.2300109863281,0.2118136859424178,0.0188359984454284,2026-05-29,28,0.0767123287671232,0.9258372117244472,0.0,1.7,0.0,0.0741627882755527,0.035850000381469724,0.062509375,market_iv,put,ITM,0.0,1.7,True,JPMorgan Chase & Co.,Financials,2026-05-01
JPM260529P00340000,2026-04-14 19:42:29+00:00,340.0,28.1,0.0,0.0,0.0,0.0,0.0,0,1.0000000000000004e-05,True,REGULAR,USD,Put,JPM,313.2300109863281,0.2118136859424178,0.0188359984454284,2026-05-29,28,0.0767123287671232,1.0854643171941796,0.0,28.1,0.0,0.0854643171941795,0.035850000381469724,0.2118136859424178,hist_vol_fallback,put,OTM,26.769989013671875,1.3300109863281264,True,JPMorgan Chase & Co.,Financials,2026-05-01
JPM260529P00285000,2026-04-30 19:30:13+00:00,285.0,1.19,0.0,0.0,0.0,0.0,62.0,0,0.062509375,False,REGULAR,USD,Put,JPM,313.2300109863281,0.2118136859424178,0.0188359984454284,2026-05-29,28,0.0767123287671232,0.909874501177474,0.0,1.19,0.0,0.0901254988225259,0.035850000381469724,0.062509375,market_iv,put,ITM,0.0,1.19,True,JPMorgan Chase & Co.,Financials,2026-05-01
JPM260529P00280000,2026-04-30 19:30:13+00:00,280.0,0.88,0.0,0.0,0.0,0.0,51.0,0,0.062509375,False,REGULAR,USD,Put,JPM,313.2300109863281,0.2118136859424178,0.0188359984454284,2026-05-29,28,0.0767123287671232,0.8939117906305007,0.0,0.88,0.0,0.1060882093694992,0.035850000381469724,0.062509375,market_iv,put,ITM,0.0,0.88,True,JPMorgan Chase & Co.,Financials,2026-05-01
JPM260529P00275000,2026-04-30 14:12:02+00:00,275.0,0.75,0.0,0.0,0.0,0.0,1.0,0,0.12500875,False,REGULAR,USD,Put,JPM,313.2300109863281,0.2118136859424178,0.0188359984454284,2026-05-29,28,0.0767123287671232,0.8779490800835276,0.0,0.75,0.0,0.1220509199164724,0.035850000381469724,0.12500875,market_iv,put,ITM,0.0,0.75,True,JPMorgan Chase & Co.,Financials,2026-05-01
JPM260529P00270000,2026-04-28 18:19:04+00:00,270.0,0.63,0.0,0.0,0.0,0.0,51.0,0,0.12500875,False,REGULAR,USD,Put,JPM,313.2300109863281,0.2118136859424178,0.0188359984454284,2026-05-29,28,0.0767123287671232,0.8619863695365543,0.0,0.63,0.0,0.1380136304634457,0.035850000381469724,0.12500875,market_iv,put,ITM,0.0,0.63,True,JPMorgan Chase & Co.,Financials,2026-05-01
JPM260605C00315000,2026-04-30 17:43:48+00:00,315.0,8.74,0.0,0.0,0.0,0.0,3.0,0,0.0039162109375,False,REGULAR,USD,Call,JPM,313.2300109863281,0.2118136859424178,0.0188359984454284,2026-06-05,35,0.0958904109589041,1.0056507644593131,0.0,8.74,0.0,0.0056507644593133,0.035850000381469724,0.2118136859424178,hist_vol_fallback,call,ATM,0.0,8.74,False,JPMorgan Chase & Co.,Financials,2026-05-01
JPM260605C00310000,2026-04-30 19:54:44+00:00,310.0,11.87,0.0,0.0,0.0,0.0,3.0,0,1.0000000000000004e-05,True,REGULAR,USD,Call,JPM,313.2300109863281,0.2118136859424178,0.0188359984454284,2026-06-05,35,0.0958904109589041,0.9896880539123402,0.0,11.87,0.0,0.0103119460876598,0.035850000381469724,0.2118136859424178,hist_vol_fallback,call,ATM,3.230010986328125,8.639989013671874,False,JPMorgan Chase & Co.,Financials,2026-05-01
JPM260605C00320000,2026-04-30 18:40:25+00:00,320.0,6.7,0.0,0.0,0.0,0.0,3.0,0,0.01563484375,False,REGULAR,USD,Call,JPM,313.2300109863281,0.2118136859424178,0.0188359984454284,2026-06-05,35,0.0958904109589041,1.0216134750062866,0.0,6.7,0.0,0.0216134750062866,0.035850000381469724,0.01563484375,market_iv,call,ATM,0.0,6.7,False,JPMorgan Chase & Co.,Financials,2026-05-01
JPM260605C00305000,2026-04-30 19:54:44+00:00,305.0,15.07,0.0,0.0,0.0,0.0,2.0,0,1.0000000000000004e-05,True,REGULAR,USD,Call,JPM,313.2300109863281,0.2118136859424178,0.0188359984454284,2026-06-05,35,0.0958904109589041,0.9737253433653668,0.0,15.07,0.0,0.0262746566346331,0.035850000381469724,0.2118136859424178,hist_vol_fallback,call,ATM,8.230010986328125,6.839989013671875,False,JPMorgan Chase & Co.,Financials,2026-05-01
JPM260605C00325000,2026-04-30 19:09:20+00:00,325.0,4.44,0.0,0.0,0.0,0.0,5.0,0,0.0312596875,False,REGULAR,USD,Call,JPM,313.2300109863281,0.2118136859424178,0.0188359984454284,2026-06-05,35,0.0958904109589041,1.03757618555326,0.0,4.44,0.0,0.0375761855532599,0.035850000381469724,0.0312596875,market_iv,call,ITM,0.0,4.44,True,JPMorgan Chase & Co.,Financials,2026-05-01
JPM260605C00330000,2026-04-30 18:50:31+00:00,330.0,3.2,0.0,0.0,0.0,0.0,27.0,0,0.0312596875,False,REGULAR,USD,Call,JPM,313.2300109863281,0.2118136859424178,0.0188359984454284,2026-06-05,35,0.0958904109589041,1.053538896100233,0.0,3.2,0.0,0.0535388961002329,0.035850000381469724,0.0312596875,market_iv,call,ITM,0.0,3.2,True,JPMorgan Chase & Co.,Financials,2026-05-01
JPM260605C00295000,2026-04-24 19:58:00+00:00,295.0,19.55,0.0,0.0,0.0,0.0,1.0,0,1.0000000000000004e-05,True,REGULAR,USD,Call,JPM,313.2300109863281,0.2118136859424178,0.0188359984454284,2026-06-05,35,0.0958904109589041,0.9417999222714204,0.0,19.55,0.0,0.0582000777285796,0.035850000381469724,0.2118136859424178,hist_vol_fallback,call,OTM,18.230010986328125,1.3199890136718757,False,JPMorgan Chase & Co.,Financials,2026-05-01
JPM260605C00335000,2026-04-30 19:18:34+00:00,335.0,2.0,0.0,0.0,0.0,0.0,289.0,0,0.062509375,False,REGULAR,USD,Call,JPM,313.2300109863281,0.2118136859424178,0.0188359984454284,2026-06-05,35,0.0958904109589041,1.0695016066472065,0.0,2.0,0.0,0.0695016066472062,0.035850000381469724,0.062509375,market_iv,call,ITM,0.0,2.0,True,JPMorgan Chase & Co.,Financials,2026-05-01
JPM260605C00340000,2026-04-30 17:22:36+00:00,340.0,1.15,0.0,0.0,0.0,0.0,3.0,0,0.062509375,False,REGULAR,USD,Call,JPM,313.2300109863281,0.2118136859424178,0.0188359984454284,2026-06-05,35,0.0958904109589041,1.0854643171941796,0.0,1.15,0.0,0.0854643171941795,0.035850000381469724,0.062509375,market_iv,call,ITM,0.0,1.15,True,JPMorgan Chase & Co.,Financials,2026-05-01
JPM260605P00310000,2026-04-30 19:37:52+00:00,310.0,7.14,0.0,0.0,0.0,0.0,1.0,0,0.007822421875,False,REGULAR,USD,Put,JPM,313.2300109863281,0.2118136859424178,0.0188359984454284,2026-06-05,35,0.0958904109589041,0.9896880539123402,0.0,7.14,0.0,0.0103119460876598,0.035850000381469724,0.2118136859424178,hist_vol_fallback,put,ATM,0.0,7.14,True,JPMorgan Chase & Co.,Financials,2026-05-01
JPM260605P00305000,2026-04-29 19:07:12+00:00,305.0,7.36,0.0,0.0,0.0,0.0,11.0,0,0.01563484375,False,REGULAR,USD,Put,JPM,313.2300109863281,0.2118136859424178,0.0188359984454284,2026-06-05,35,0.0958904109589041,0.9737253433653668,0.0,7.36,0.0,0.0262746566346331,0.035850000381469724,0.01563484375,market_iv,put,ATM,0.0,7.36,True,JPMorgan Chase & Co.,Financials,2026-05-01
JPM260605P00325000,2026-04-29 16:26:16+00:00,325.0,19.2,0.0,0.0,0.0,0.0,1.0,0,1.0000000000000004e-05,True,REGULAR,USD,Put,JPM,313.2300109863281,0.2118136859424178,0.0188359984454284,2026-06-05,35,0.0958904109589041,1.03757618555326,0.0,19.2,0.0,0.0375761855532599,0.035850000381469724,0.2118136859424178,hist_vol_fallback,put,OTM,11.769989013671875,7.430010986328124,True,JPMorgan Chase & Co.,Financials,2026-05-01
JPM260605P00295000,2026-04-30 19:52:52+00:00,295.0,3.0,0.0,0.0,0.0,0.0,9.0,0,0.0312596875,False,REGULAR,USD,Put,JPM,313.2300109863281,0.2118136859424178,0.0188359984454284,2026-06-05,35,0.0958904109589041,0.9417999222714204,0.0,3.0,0.0,0.0582000777285796,0.035850000381469724,0.0312596875,market_iv,put,ITM,0.0,3.0,True,JPMorgan Chase & Co.,Financials,2026-05-01
JPM260605P00290000,2026-04-30 15:50:27+00:00,290.0,2.47,0.0,0.0,0.0,0.0,44.0,0,0.062509375,False,REGULAR,USD,Put,JPM,313.2300109863281,0.2118136859424178,0.0188359984454284,2026-06-05,35,0.0958904109589041,0.9258372117244472,0.0,2.47,0.0,0.0741627882755527,0.035850000381469724,0.062509375,market_iv,put,ITM,0.0,2.47,True,JPMorgan Chase & Co.,Financials,2026-05-01
JPM260605P00285000,2026-04-30 19:20:07+00:00,285.0,1.83,0.0,0.0,0.0,0.0,55.0,0,0.062509375,False,REGULAR,USD,Put,JPM,313.2300109863281,0.2118136859424178,0.0188359984454284,2026-06-05,35,0.0958904109589041,0.909874501177474,0.0,1.83,0.0,0.0901254988225259,0.035850000381469724,0.062509375,market_iv,put,ITM,0.0,1.83,True,JPMorgan Chase & Co.,Financials,2026-05-01
