ticker,time,days,boundary_put,boundary_call,boundary_put_norm,spot_price,atm_strike
AAPL,0.0,0.0,,,,271.3500061035156,270.0
AAPL,0.00032,0.08,,,,271.3500061035156,270.0
AAPL,0.000639,0.16,,,,271.3500061035156,270.0
AAPL,0.000959,0.24,,,,271.3500061035156,270.0
AAPL,0.001279,0.32,,,,271.3500061035156,270.0
AAPL,0.001598,0.4,,,,271.3500061035156,270.0
AAPL,0.001918,0.48,,,,271.3500061035156,270.0
AAPL,0.002237,0.56,,,,271.3500061035156,270.0
AAPL,0.002557,0.64,,,,271.3500061035156,270.0
AAPL,0.002877,0.72,,,,271.3500061035156,270.0
AAPL,0.003196,0.81,,,,271.3500061035156,270.0
AAPL,0.003516,0.89,,,,271.3500061035156,270.0
AAPL,0.003836,0.97,,,,271.3500061035156,270.0
AAPL,0.004155,1.05,,,,271.3500061035156,270.0
AAPL,0.004475,1.13,,,,271.3500061035156,270.0
AAPL,0.004795,1.21,,,,271.3500061035156,270.0
AAPL,0.005114,1.29,,,,271.3500061035156,270.0
AAPL,0.005434,1.37,,,,271.3500061035156,270.0
AAPL,0.005753,1.45,,,,271.3500061035156,270.0
AAPL,0.006073,1.53,,,,271.3500061035156,270.0
AAPL,0.006393,1.61,,,,271.3500061035156,270.0
AAPL,0.006712,1.69,,,,271.3500061035156,270.0
AAPL,0.007032,1.77,,,,271.3500061035156,270.0
AAPL,0.007352,1.85,,,,271.3500061035156,270.0
AAPL,0.007671,1.93,,,,271.3500061035156,270.0
AAPL,0.007991,2.01,,,,271.3500061035156,270.0
AAPL,0.008311,2.09,,,,271.3500061035156,270.0
AAPL,0.00863,2.17,,,,271.3500061035156,270.0
AAPL,0.00895,2.26,,,,271.3500061035156,270.0
AAPL,0.009269,2.34,,,,271.3500061035156,270.0
AAPL,0.009589,2.42,,,,271.3500061035156,270.0
AAPL,0.009909,2.5,,,,271.3500061035156,270.0
AAPL,0.010228,2.58,,,,271.3500061035156,270.0
AAPL,0.010548,2.66,236.36699401187366,,0.8754333111550876,271.3500061035156,270.0
AAPL,0.010868,2.74,235.38044385362235,,0.8717794216800828,271.3500061035156,270.0
AAPL,0.011187,2.82,236.3669940118737,,0.8754333111550877,271.3500061035156,270.0
AAPL,0.011507,2.9,235.38044385362238,,0.8717794216800829,271.3500061035156,270.0
AAPL,0.011826,2.98,236.3669940118737,,0.8754333111550877,271.3500061035156,270.0
AAPL,0.012146,3.06,235.38044385362238,,0.8717794216800829,271.3500061035156,270.0
AAPL,0.012466,3.14,236.3669940118737,,0.8754333111550877,271.3500061035156,270.0
AAPL,0.012785,3.22,235.38044385362238,,0.8717794216800829,271.3500061035156,270.0
AAPL,0.013105,3.3,236.36699401187366,,0.8754333111550876,271.3500061035156,270.0
AAPL,0.013425,3.38,237.35767909823883,,0.8791025151786623,271.3500061035156,270.0
AAPL,0.013744,3.46,236.3669940118737,,0.8754333111550877,271.3500061035156,270.0
AAPL,0.014064,3.54,237.35767909823886,,0.8791025151786624,271.3500061035156,270.0
AAPL,0.014384,3.62,236.36699401187366,,0.8754333111550876,271.3500061035156,270.0
AAPL,0.014703,3.71,237.35767909823883,,0.8791025151786623,271.3500061035156,270.0
AAPL,0.015023,3.79,236.3669940118737,,0.8754333111550877,271.3500061035156,270.0
AAPL,0.015342,3.87,237.35767909823886,,0.8791025151786624,271.3500061035156,270.0
AAPL,0.015662,3.95,236.36699401187371,,0.8754333111550878,271.3500061035156,270.0
AAPL,0.015982,4.03,237.3576790982389,,0.8791025151786626,271.3500061035156,270.0
AAPL,0.016301,4.11,236.3669940118737,,0.8754333111550877,271.3500061035156,270.0
AAPL,0.016621,4.19,237.35767909823886,,0.8791025151786624,271.3500061035156,270.0
AAPL,0.016941,4.27,236.36699401187371,,0.8754333111550878,271.3500061035156,270.0
AAPL,0.01726,4.35,237.35767909823883,,0.8791025151786623,271.3500061035156,270.0
AAPL,0.01758,4.43,236.36699401187366,,0.8754333111550876,271.3500061035156,270.0
AAPL,0.0179,4.51,237.3576790982389,,0.8791025151786626,271.3500061035156,270.0
AAPL,0.018219,4.59,236.36699401187371,,0.8754333111550878,271.3500061035156,270.0
AAPL,0.018539,4.67,237.35767909823883,,0.8791025151786623,271.3500061035156,270.0
AAPL,0.018858,4.75,236.3669940118737,,0.8754333111550877,271.3500061035156,270.0
AAPL,0.019178,4.83,237.35767909823883,,0.8791025151786623,271.3500061035156,270.0
AAPL,0.019498,4.91,236.36699401187366,,0.8754333111550876,271.3500061035156,270.0
AAPL,0.019817,4.99,237.3576790982389,,0.8791025151786626,271.3500061035156,270.0
AAPL,0.020137,5.07,238.35251644344396,,0.8827870979386814,271.3500061035156,270.0
AAPL,0.020457,5.16,237.3576790982389,,0.8791025151786626,271.3500061035156,270.0
AAPL,0.020776,5.24,238.35251644344393,,0.8827870979386813,271.3500061035156,270.0
AAPL,0.021096,5.32,237.35767909823883,,0.8791025151786623,271.3500061035156,270.0
AAPL,0.021416,5.4,238.35251644344393,,0.8827870979386813,271.3500061035156,270.0
AAPL,0.021735,5.48,237.35767909823886,,0.8791025151786624,271.3500061035156,270.0
AAPL,0.022055,5.56,238.35251644344396,,0.8827870979386814,271.3500061035156,270.0
AAPL,0.022374,5.64,237.35767909823886,,0.8791025151786624,271.3500061035156,270.0
AAPL,0.022694,5.72,238.35251644344393,,0.8827870979386813,271.3500061035156,270.0
AAPL,0.023014,5.8,237.35767909823886,,0.8791025151786624,271.3500061035156,270.0
AAPL,0.023333,5.88,238.35251644344393,,0.8827870979386813,271.3500061035156,270.0
AAPL,0.023653,5.96,237.3576790982389,,0.8791025151786626,271.3500061035156,270.0
AAPL,0.023973,6.04,238.35251644344393,,0.8827870979386813,271.3500061035156,270.0
AAPL,0.024292,6.12,237.35767909823886,,0.8791025151786624,271.3500061035156,270.0
AAPL,0.024612,6.2,238.35251644344396,,0.8827870979386814,271.3500061035156,270.0
AAPL,0.024932,6.28,237.35767909823886,,0.8791025151786624,271.3500061035156,270.0
AAPL,0.025251,6.36,238.35251644344393,,0.8827870979386813,271.3500061035156,270.0
AAPL,0.025571,6.44,237.3576790982389,,0.8791025151786626,271.3500061035156,270.0
AAPL,0.02589,6.52,238.35251644344396,,0.8827870979386814,271.3500061035156,270.0
AAPL,0.02621,6.6,237.3576790982389,,0.8791025151786626,271.3500061035156,270.0
AAPL,0.02653,6.69,238.352516443444,,0.8827870979386815,271.3500061035156,270.0
AAPL,0.026849,6.77,239.35152345085325,,0.8864871238920491,271.3500061035156,270.0
AAPL,0.027169,6.85,238.35251644344396,,0.8827870979386814,271.3500061035156,270.0
AAPL,0.027489,6.93,239.35152345085325,,0.8864871238920491,271.3500061035156,270.0
AAPL,0.027808,7.01,238.35251644344396,,0.8827870979386814,271.3500061035156,270.0
AAPL,0.028128,7.09,239.35152345085328,,0.8864871238920492,271.3500061035156,270.0
AAPL,0.028447,7.17,238.352516443444,,0.8827870979386815,271.3500061035156,270.0
AAPL,0.028767,7.25,239.35152345085322,,0.886487123892049,271.3500061035156,270.0
AAPL,0.029087,7.33,238.35251644344396,,0.8827870979386814,271.3500061035156,270.0
AAPL,0.029406,7.41,239.35152345085328,,0.8864871238920492,271.3500061035156,270.0
AAPL,0.029726,7.49,238.35251644344396,,0.8827870979386814,271.3500061035156,270.0
AAPL,0.030046,7.57,239.35152345085325,,0.8864871238920491,271.3500061035156,270.0
AAPL,0.030365,7.65,238.35251644344396,,0.8827870979386814,271.3500061035156,270.0
AAPL,0.030685,7.73,239.35152345085322,,0.886487123892049,271.3500061035156,270.0
AAPL,0.031005,7.81,238.35251644344396,,0.8827870979386814,271.3500061035156,270.0
AAPL,0.031324,7.89,239.35152345085325,,0.8864871238920491,271.3500061035156,270.0
AAPL,0.031644,7.97,238.35251644344396,,0.8827870979386814,271.3500061035156,270.0
AAPL,0.031963,8.05,239.35152345085325,,0.8864871238920491,271.3500061035156,270.0
AAPL,0.032283,8.14,240.3547175967738,,0.890202657765829,271.3500061035156,270.0
AAPL,0.032603,8.22,239.3515234508533,,0.8864871238920493,271.3500061035156,270.0
AAPL,0.032922,8.3,240.35471759677378,,0.8902026577658289,271.3500061035156,270.0
AAPL,0.033242,8.38,239.35152345085328,,0.8864871238920492,271.3500061035156,270.0
AAPL,0.033562,8.46,240.35471759677378,,0.8902026577658289,271.3500061035156,270.0
AAPL,0.033881,8.54,239.35152345085325,,0.8864871238920491,271.3500061035156,270.0
AAPL,0.034201,8.62,240.35471759677378,,0.8902026577658289,271.3500061035156,270.0
AAPL,0.034521,8.7,239.35152345085328,,0.8864871238920492,271.3500061035156,270.0
AAPL,0.03484,8.78,240.3547175967738,,0.890202657765829,271.3500061035156,270.0
AAPL,0.03516,8.86,239.35152345085328,,0.8864871238920492,271.3500061035156,270.0
AAPL,0.035479,8.94,240.35471759677378,,0.8902026577658289,271.3500061035156,270.0
AAPL,0.035799,9.02,239.35152345085325,,0.8864871238920491,271.3500061035156,270.0
AAPL,0.036119,9.1,240.35471759677384,,0.8902026577658291,271.3500061035156,270.0
AAPL,0.036438,9.18,239.3515234508533,,0.8864871238920493,271.3500061035156,270.0
AAPL,0.036758,9.26,240.3547175967738,,0.890202657765829,271.3500061035156,270.0
AAPL,0.037078,9.34,239.35152345085328,,0.8864871238920492,271.3500061035156,270.0
AAPL,0.037397,9.42,240.35471759677378,,0.8902026577658289,271.3500061035156,270.0
AAPL,0.037717,9.5,239.35152345085325,,0.8864871238920491,271.3500061035156,270.0
AAPL,0.038037,9.59,240.3547175967738,,0.890202657765829,271.3500061035156,270.0
AAPL,0.038356,9.67,241.36211643076106,,0.8939337645583743,271.3500061035156,270.0
AAPL,0.038676,9.75,240.35471759677384,,0.8902026577658291,271.3500061035156,270.0
AAPL,0.038995,9.83,241.3621164307611,,0.8939337645583744,271.3500061035156,270.0
AAPL,0.039315,9.91,240.3547175967738,,0.890202657765829,271.3500061035156,270.0
AAPL,0.039635,9.99,241.36211643076103,,0.8939337645583743,271.3500061035156,270.0
AAPL,0.039954,10.07,240.3547175967738,,0.890202657765829,271.3500061035156,270.0
AAPL,0.040274,10.15,241.3621164307611,,0.8939337645583744,271.3500061035156,270.0
AAPL,0.040594,10.23,240.35471759677384,,0.8902026577658291,271.3500061035156,270.0
AAPL,0.040913,10.31,241.36211643076112,,0.8939337645583745,271.3500061035156,270.0
AAPL,0.041233,10.39,240.35471759677384,,0.8902026577658291,271.3500061035156,270.0
AAPL,0.041553,10.47,241.3621164307611,,0.8939337645583744,271.3500061035156,270.0
AAPL,0.041872,10.55,240.3547175967738,,0.890202657765829,271.3500061035156,270.0
AAPL,0.042192,10.63,241.3621164307611,,0.8939337645583744,271.3500061035156,270.0
AAPL,0.042511,10.71,240.3547175967738,,0.890202657765829,271.3500061035156,270.0
AAPL,0.042831,10.79,241.36211643076106,,0.8939337645583743,271.3500061035156,270.0
AAPL,0.043151,10.87,242.37373757592604,,0.8976805095404669,271.3500061035156,270.0
AAPL,0.04347,10.95,241.3621164307611,,0.8939337645583744,271.3500061035156,270.0
AAPL,0.04379,11.04,242.37373757592604,,0.8976805095404669,271.3500061035156,270.0
AAPL,0.04411,11.12,241.36211643076106,,0.8939337645583743,271.3500061035156,270.0
AAPL,0.044429,11.2,242.373737575926,,0.8976805095404666,271.3500061035156,270.0
AAPL,0.044749,11.28,241.36211643076103,,0.8939337645583743,271.3500061035156,270.0
AAPL,0.045068,11.36,242.37373757592604,,0.8976805095404669,271.3500061035156,270.0
AAPL,0.045388,11.44,241.3621164307611,,0.8939337645583744,271.3500061035156,270.0
AAPL,0.045708,11.52,242.37373757592601,,0.8976805095404667,271.3500061035156,270.0
AAPL,0.046027,11.6,241.3621164307611,,0.8939337645583744,271.3500061035156,270.0
AAPL,0.046347,11.68,242.37373757592601,,0.8976805095404667,271.3500061035156,270.0
AAPL,0.046667,11.76,241.3621164307611,,0.8939337645583744,271.3500061035156,270.0
AAPL,0.046986,11.84,242.37373757592604,,0.8976805095404669,271.3500061035156,270.0
AAPL,0.047306,11.92,241.36211643076106,,0.8939337645583743,271.3500061035156,270.0
AAPL,0.047626,12.0,242.37373757592604,,0.8976805095404669,271.3500061035156,270.0
AAPL,0.047945,12.08,241.3621164307611,,0.8939337645583744,271.3500061035156,270.0
AAPL,0.048265,12.16,242.37373757592607,,0.897680509540467,271.3500061035156,270.0
AAPL,0.048584,12.24,243.3895987292434,,0.901442958256457,271.3500061035156,270.0
AAPL,0.048904,12.32,242.37373757592604,,0.8976805095404669,271.3500061035156,270.0
AAPL,0.049224,12.4,243.38959872924337,,0.9014429582564569,271.3500061035156,270.0
AAPL,0.049543,12.48,242.37373757592607,,0.897680509540467,271.3500061035156,270.0
AAPL,0.049863,12.57,243.3895987292434,,0.901442958256457,271.3500061035156,270.0
AAPL,0.050183,12.65,242.37373757592604,,0.8976805095404669,271.3500061035156,270.0
AAPL,0.050502,12.73,243.3895987292434,,0.901442958256457,271.3500061035156,270.0
AAPL,0.050822,12.81,242.37373757592607,,0.897680509540467,271.3500061035156,270.0
AAPL,0.051142,12.89,243.38959872924343,,0.9014429582564571,271.3500061035156,270.0
AAPL,0.051461,12.97,242.37373757592604,,0.8976805095404669,271.3500061035156,270.0
AAPL,0.051781,13.05,243.38959872924337,,0.9014429582564569,271.3500061035156,270.0
AAPL,0.0521,13.13,242.37373757592604,,0.8976805095404669,271.3500061035156,270.0
AAPL,0.05242,13.21,243.38959872924337,,0.9014429582564569,271.3500061035156,270.0
AAPL,0.05274,13.29,244.40971766186118,,0.9052211765254118,271.3500061035156,270.0
AAPL,0.053059,13.37,243.3895987292434,,0.901442958256457,271.3500061035156,270.0
AAPL,0.053379,13.45,244.4097176618612,,0.9052211765254119,271.3500061035156,270.0
AAPL,0.053699,13.53,243.38959872924343,,0.9014429582564571,271.3500061035156,270.0
AAPL,0.054018,13.61,244.40971766186115,,0.9052211765254117,271.3500061035156,270.0
AAPL,0.054338,13.69,243.38959872924343,,0.9014429582564571,271.3500061035156,270.0
AAPL,0.054658,13.77,244.40971766186124,,0.905221176525412,271.3500061035156,270.0
AAPL,0.054977,13.85,243.38959872924343,,0.9014429582564571,271.3500061035156,270.0
AAPL,0.055297,13.93,244.40971766186118,,0.9052211765254118,271.3500061035156,270.0
AAPL,0.055616,14.02,243.3895987292434,,0.901442958256457,271.3500061035156,270.0
AAPL,0.055936,14.1,244.4097176618612,,0.9052211765254119,271.3500061035156,270.0
AAPL,0.056256,14.18,243.38959872924343,,0.9014429582564571,271.3500061035156,270.0
AAPL,0.056575,14.26,244.4097176618612,,0.9052211765254119,271.3500061035156,270.0
AAPL,0.056895,14.34,243.3895987292434,,0.901442958256457,271.3500061035156,270.0
AAPL,0.057215,14.42,244.40971766186115,,0.9052211765254117,271.3500061035156,270.0
AAPL,0.057534,14.5,245.43411221941167,,0.9090152304422655,271.3500061035156,270.0
AAPL,0.057854,14.58,244.4097176618612,,0.9052211765254119,271.3500061035156,270.0
AAPL,0.058174,14.66,245.43411221941165,,0.9090152304422654,271.3500061035156,270.0
AAPL,0.058493,14.74,244.40971766186118,,0.9052211765254118,271.3500061035156,270.0
AAPL,0.058813,14.82,245.4341122194117,,0.9090152304422655,271.3500061035156,270.0
AAPL,0.059132,14.9,244.40971766186124,,0.905221176525412,271.3500061035156,270.0
AAPL,0.059452,14.98,245.4341122194117,,0.9090152304422655,271.3500061035156,270.0
AAPL,0.059772,15.06,244.40971766186124,,0.905221176525412,271.3500061035156,270.0
AAPL,0.060091,15.14,245.43411221941167,,0.9090152304422655,271.3500061035156,270.0
AAPL,0.060411,15.22,244.4097176618612,,0.9052211765254119,271.3500061035156,270.0
AAPL,0.060731,15.3,245.4341122194117,,0.9090152304422655,271.3500061035156,270.0
AAPL,0.06105,15.38,244.4097176618612,,0.9052211765254119,271.3500061035156,270.0
AAPL,0.06137,15.47,245.4341122194117,,0.9090152304422655,271.3500061035156,270.0
AAPL,0.061689,15.55,246.46280032232355,,0.9128251863789761,271.3500061035156,270.0
AAPL,0.062009,15.63,245.4341122194117,,0.9090152304422655,271.3500061035156,270.0
AAPL,0.062329,15.71,246.46280032232352,,0.912825186378976,271.3500061035156,270.0
AAPL,0.062648,15.79,245.4341122194117,,0.9090152304422655,271.3500061035156,270.0
AAPL,0.062968,15.87,246.46280032232352,,0.912825186378976,271.3500061035156,270.0
AAPL,0.063288,15.95,245.43411221941167,,0.9090152304422655,271.3500061035156,270.0
AAPL,0.063607,16.03,246.46280032232352,,0.912825186378976,271.3500061035156,270.0
AAPL,0.063927,16.11,245.43411221941167,,0.9090152304422655,271.3500061035156,270.0
AAPL,0.064247,16.19,246.46280032232352,,0.912825186378976,271.3500061035156,270.0
AAPL,0.064566,16.27,245.43411221941167,,0.9090152304422655,271.3500061035156,270.0
AAPL,0.064886,16.35,246.46280032232352,,0.912825186378976,271.3500061035156,270.0
AAPL,0.065205,16.43,247.4957999661353,,0.9166511109856863,271.3500061035156,270.0
AAPL,0.065525,16.51,246.4628003223236,,0.9128251863789762,271.3500061035156,270.0
AAPL,0.065845,16.59,247.49579996613534,,0.9166511109856864,271.3500061035156,270.0
AAPL,0.066164,16.67,246.46280032232352,,0.912825186378976,271.3500061035156,270.0
AAPL,0.066484,16.75,247.49579996613528,,0.9166511109856862,271.3500061035156,270.0
AAPL,0.066804,16.83,246.46280032232355,,0.9128251863789761,271.3500061035156,270.0
AAPL,0.067123,16.92,247.4957999661353,,0.9166511109856863,271.3500061035156,270.0
AAPL,0.067443,17.0,246.46280032232355,,0.9128251863789761,271.3500061035156,270.0
AAPL,0.067763,17.08,247.4957999661353,,0.9166511109856863,271.3500061035156,270.0
AAPL,0.068082,17.16,246.46280032232357,,0.9128251863789762,271.3500061035156,270.0
AAPL,0.068402,17.24,247.4957999661353,,0.9166511109856863,271.3500061035156,270.0
AAPL,0.068721,17.32,248.5331292218103,,0.9204930711918899,271.3500061035156,270.0
AAPL,0.069041,17.4,247.49579996613534,,0.9166511109856864,271.3500061035156,270.0
AAPL,0.069361,17.48,248.53312922181033,,0.92049307119189,271.3500061035156,270.0
AAPL,0.06968,17.56,247.4957999661353,,0.9166511109856863,271.3500061035156,270.0
AAPL,0.07,17.64,248.5331292218103,,0.9204930711918899,271.3500061035156,270.0
AAPL,0.07032,17.72,247.49579996613534,,0.9166511109856864,271.3500061035156,270.0
AAPL,0.070639,17.8,248.53312922181027,,0.9204930711918899,271.3500061035156,270.0
AAPL,0.070959,17.88,247.4957999661353,,0.9166511109856863,271.3500061035156,270.0
AAPL,0.071279,17.96,248.5331292218103,,0.9204930711918899,271.3500061035156,270.0
AAPL,0.071598,18.04,249.5748062360526,,0.9243511342076023,271.3500061035156,270.0
AAPL,0.071918,18.12,248.5331292218103,,0.9204930711918899,271.3500061035156,270.0
AAPL,0.072237,18.2,249.57480623605258,,0.9243511342076022,271.3500061035156,270.0
AAPL,0.072557,18.28,248.53312922181033,,0.92049307119189,271.3500061035156,270.0
AAPL,0.072877,18.36,249.57480623605264,,0.9243511342076024,271.3500061035156,270.0
AAPL,0.073196,18.45,248.53312922181033,,0.92049307119189,271.3500061035156,270.0
AAPL,0.073516,18.53,249.5748062360526,,0.9243511342076023,271.3500061035156,270.0
AAPL,0.073836,18.61,248.5331292218103,,0.9204930711918899,271.3500061035156,270.0
AAPL,0.074155,18.69,249.57480623605258,,0.9243511342076022,271.3500061035156,270.0
AAPL,0.074475,18.77,248.5331292218103,,0.9204930711918899,271.3500061035156,270.0
AAPL,0.074795,18.85,249.5748062360526,,0.9243511342076023,271.3500061035156,270.0
AAPL,0.075114,18.93,250.62084923162462,,0.9282253675245357,271.3500061035156,270.0
AAPL,0.075434,19.01,249.57480623605264,,0.9243511342076024,271.3500061035156,270.0
AAPL,0.075753,19.09,250.62084923162467,,0.9282253675245359,271.3500061035156,270.0
AAPL,0.076073,19.17,249.5748062360526,,0.9243511342076023,271.3500061035156,270.0
AAPL,0.076393,19.25,250.62084923162462,,0.9282253675245357,271.3500061035156,270.0
AAPL,0.076712,19.33,249.57480623605258,,0.9243511342076022,271.3500061035156,270.0
AAPL,0.077032,19.41,250.62084923162465,,0.9282253675245358,271.3500061035156,270.0
AAPL,0.077352,19.49,251.67127650766588,,0.932115838917281,271.3500061035156,270.0
AAPL,0.077671,19.57,250.62084923162467,,0.9282253675245359,271.3500061035156,270.0
AAPL,0.077991,19.65,251.67127650766585,,0.9321158389172809,271.3500061035156,270.0
AAPL,0.078311,19.73,250.62084923162465,,0.9282253675245358,271.3500061035156,270.0
AAPL,0.07863,19.81,251.67127650766588,,0.932115838917281,271.3500061035156,270.0
AAPL,0.07895,19.9,250.62084923162465,,0.9282253675245358,271.3500061035156,270.0
AAPL,0.079269,19.98,251.67127650766588,,0.932115838917281,271.3500061035156,270.0
AAPL,0.079589,20.06,250.62084923162467,,0.9282253675245359,271.3500061035156,270.0
AAPL,0.079909,20.14,251.67127650766588,,0.932115838917281,271.3500061035156,270.0
AAPL,0.080228,20.22,252.72610644001298,,0.9360226164444926,271.3500061035156,270.0
AAPL,0.080548,20.3,251.67127650766588,,0.932115838917281,271.3500061035156,270.0
AAPL,0.080868,20.38,252.72610644001296,,0.9360226164444925,271.3500061035156,270.0
AAPL,0.081187,20.46,251.67127650766585,,0.9321158389172809,271.3500061035156,270.0
AAPL,0.081507,20.54,252.72610644001296,,0.9360226164444925,271.3500061035156,270.0
AAPL,0.081826,20.62,251.67127650766588,,0.932115838917281,271.3500061035156,270.0
AAPL,0.082146,20.7,252.72610644001298,,0.9360226164444926,271.3500061035156,270.0
AAPL,0.082466,20.78,253.78535748152123,,0.9399457684500786,271.3500061035156,270.0
AAPL,0.082785,20.86,252.72610644001293,,0.9360226164444924,271.3500061035156,270.0
AAPL,0.083105,20.94,253.7853574815213,,0.9399457684500788,271.3500061035156,270.0
AAPL,0.083425,21.02,252.726106440013,,0.9360226164444926,271.3500061035156,270.0
AAPL,0.083744,21.1,253.78535748152126,,0.9399457684500787,271.3500061035156,270.0
AAPL,0.084064,21.18,252.72610644001298,,0.9360226164444926,271.3500061035156,270.0
AAPL,0.084384,21.26,253.7853574815213,,0.9399457684500788,271.3500061035156,270.0
AAPL,0.084703,21.35,254.8490481623875,,0.9438853635643981,271.3500061035156,270.0
AAPL,0.085023,21.43,253.78535748152126,,0.9399457684500787,271.3500061035156,270.0
AAPL,0.085342,21.51,254.84904816238748,,0.943885363564398,271.3500061035156,270.0
AAPL,0.085662,21.59,253.78535748152126,,0.9399457684500787,271.3500061035156,270.0
AAPL,0.085982,21.67,254.8490481623875,,0.9438853635643981,271.3500061035156,270.0
AAPL,0.086301,21.75,255.9171970904741,,0.9478414707054597,271.3500061035156,270.0
AAPL,0.086621,21.83,254.8490481623875,,0.9438853635643981,271.3500061035156,270.0
AAPL,0.086941,21.91,255.91719709047413,,0.9478414707054598,271.3500061035156,270.0
AAPL,0.08726,21.99,254.84904816238753,,0.9438853635643982,271.3500061035156,270.0
AAPL,0.08758,22.07,255.9171970904741,,0.9478414707054597,271.3500061035156,270.0
AAPL,0.0879,22.15,256.98982295163466,,0.9518141590801283,271.3500061035156,270.0
AAPL,0.088219,22.23,255.91719709047413,,0.9478414707054598,271.3500061035156,270.0
AAPL,0.088539,22.31,256.98982295163466,,0.9518141590801283,271.3500061035156,270.0
AAPL,0.088858,22.39,255.91719709047413,,0.9478414707054598,271.3500061035156,270.0
AAPL,0.089178,22.47,256.98982295163466,,0.9518141590801283,271.3500061035156,270.0
AAPL,0.089498,22.55,258.0669445100406,,0.9558034981853356,271.3500061035156,270.0
AAPL,0.089817,22.63,256.9898229516346,,0.9518141590801282,271.3500061035156,270.0
AAPL,0.090137,22.71,258.0669445100406,,0.9558034981853356,271.3500061035156,270.0
AAPL,0.090457,22.8,259.14858060851,,0.9598095578092962,271.3500061035156,270.0
AAPL,0.090776,22.88,258.0669445100407,,0.9558034981853358,271.3500061035156,270.0
AAPL,0.091096,22.96,259.14858060851,,0.9598095578092962,271.3500061035156,270.0
AAPL,0.091416,23.04,258.0669445100406,,0.9558034981853356,271.3500061035156,270.0
AAPL,0.091735,23.12,259.14858060851,,0.9598095578092962,271.3500061035156,270.0
AAPL,0.092055,23.2,260.23475016883634,,0.9638324080327272,271.3500061035156,270.0
AAPL,0.092374,23.28,259.14858060851,,0.9598095578092962,271.3500061035156,270.0
AAPL,0.092694,23.36,260.2347501688364,,0.9638324080327274,271.3500061035156,270.0
AAPL,0.093014,23.44,261.32547219212057,,0.9678721192300762,271.3500061035156,270.0
AAPL,0.093333,23.52,262.42076575910255,,0.9719287620707502,271.3500061035156,270.0
AAPL,0.093653,23.6,261.3254721921206,,0.9678721192300764,271.3500061035156,270.0
AAPL,0.093973,23.68,262.42076575910255,,0.9719287620707502,271.3500061035156,270.0
AAPL,0.094292,23.76,263.52065003049546,,0.9760024075203536,271.3500061035156,270.0
AAPL,0.094612,23.84,264.62514424732063,,0.9800931268419283,271.3500061035156,270.0
AAPL,0.094932,23.92,265.7342677312445,,0.9842009915972018,271.3500061035156,270.0
AAPL,0.095251,24.0,266.8480398849162,,0.9883260736478378,271.3500061035156,270.0
AAPL,0.095571,24.08,267.9664801923073,,0.9924684451566937,271.3500061035156,270.0
AAPL,0.09589,24.16,269.0896082190527,271.3500061035159,0.9966281785890841,271.3500061035156,270.0
JPM,0.0,0.0,,,,313.2300109863281,315.0
JPM,0.00032,0.08,,,,313.2300109863281,315.0
JPM,0.000639,0.16,,,,313.2300109863281,315.0
JPM,0.000959,0.24,,,,313.2300109863281,315.0
JPM,0.001279,0.32,,,,313.2300109863281,315.0
JPM,0.001598,0.4,,,,313.2300109863281,315.0
JPM,0.001918,0.48,,,,313.2300109863281,315.0
JPM,0.002237,0.56,,,,313.2300109863281,315.0
JPM,0.002557,0.64,,,,313.2300109863281,315.0
JPM,0.002877,0.72,,,,313.2300109863281,315.0
JPM,0.003196,0.81,,,,313.2300109863281,315.0
JPM,0.003516,0.89,,,,313.2300109863281,315.0
JPM,0.003836,0.97,,,,313.2300109863281,315.0
JPM,0.004155,1.05,,,,313.2300109863281,315.0
JPM,0.004475,1.13,,,,313.2300109863281,315.0
JPM,0.004795,1.21,,,,313.2300109863281,315.0
JPM,0.005114,1.29,,,,313.2300109863281,315.0
JPM,0.005434,1.37,,,,313.2300109863281,315.0
JPM,0.005753,1.45,,,,313.2300109863281,315.0
JPM,0.006073,1.53,,,,313.2300109863281,315.0
JPM,0.006393,1.61,,,,313.2300109863281,315.0
JPM,0.006712,1.69,,,,313.2300109863281,315.0
JPM,0.007032,1.77,,,,313.2300109863281,315.0
JPM,0.007352,1.85,,,,313.2300109863281,315.0
JPM,0.007671,1.93,,,,313.2300109863281,315.0
JPM,0.007991,2.01,,,,313.2300109863281,315.0
JPM,0.008311,2.09,,,,313.2300109863281,315.0
JPM,0.00863,2.17,,,,313.2300109863281,315.0
JPM,0.00895,2.26,,,,313.2300109863281,315.0
JPM,0.009269,2.34,,,,313.2300109863281,315.0
JPM,0.009589,2.42,,,,313.2300109863281,315.0
JPM,0.009909,2.5,,,,313.2300109863281,315.0
JPM,0.010228,2.58,,,,313.2300109863281,315.0
JPM,0.010548,2.66,276.4336703669259,,0.8775672075140506,313.2300109863281,315.0
JPM,0.010868,2.74,275.38883017430936,,0.874250254521617,313.2300109863281,315.0
JPM,0.011187,2.82,276.43367036692587,,0.8775672075140504,313.2300109863281,315.0
JPM,0.011507,2.9,275.3888301743093,,0.8742502545216169,313.2300109863281,315.0
JPM,0.011826,2.98,276.4336703669259,,0.8775672075140506,313.2300109863281,315.0
JPM,0.012146,3.06,275.3888301743094,,0.8742502545216172,313.2300109863281,315.0
JPM,0.012466,3.14,276.43367036692587,,0.8775672075140504,313.2300109863281,315.0
JPM,0.012785,3.22,275.38883017430936,,0.874250254521617,313.2300109863281,315.0
JPM,0.013105,3.3,276.43367036692587,,0.8775672075140504,313.2300109863281,315.0
JPM,0.013425,3.38,275.38883017430936,,0.874250254521617,313.2300109863281,315.0
JPM,0.013744,3.46,276.4336703669259,,0.8775672075140506,313.2300109863281,315.0
JPM,0.014064,3.54,275.38883017430936,,0.874250254521617,313.2300109863281,315.0
JPM,0.014384,3.62,276.4336703669259,,0.8775672075140506,313.2300109863281,315.0
JPM,0.014703,3.71,275.38883017430936,,0.874250254521617,313.2300109863281,315.0
JPM,0.015023,3.79,276.43367036692587,,0.8775672075140504,313.2300109863281,315.0
JPM,0.015342,3.87,277.48247474003375,,0.8808967452064563,313.2300109863281,315.0
JPM,0.015662,3.95,276.4336703669259,,0.8775672075140506,313.2300109863281,315.0
JPM,0.015982,4.03,277.4824747400337,,0.8808967452064562,313.2300109863281,315.0
JPM,0.016301,4.11,276.43367036692587,,0.8775672075140504,313.2300109863281,315.0
JPM,0.016621,4.19,277.48247474003375,,0.8808967452064563,313.2300109863281,315.0
JPM,0.016941,4.27,276.43367036692587,,0.8775672075140504,313.2300109863281,315.0
JPM,0.01726,4.35,277.48247474003375,,0.8808967452064563,313.2300109863281,315.0
JPM,0.01758,4.43,276.43367036692587,,0.8775672075140504,313.2300109863281,315.0
JPM,0.0179,4.51,277.4824747400337,,0.8808967452064562,313.2300109863281,315.0
JPM,0.018219,4.59,276.43367036692587,,0.8775672075140504,313.2300109863281,315.0
JPM,0.018539,4.67,277.48247474003375,,0.8808967452064563,313.2300109863281,315.0
JPM,0.018858,4.75,276.43367036692587,,0.8775672075140504,313.2300109863281,315.0
JPM,0.019178,4.83,277.4824747400337,,0.8808967452064562,313.2300109863281,315.0
JPM,0.019498,4.91,276.4336703669258,,0.8775672075140502,313.2300109863281,315.0
JPM,0.019817,4.99,277.4824747400337,,0.8808967452064562,313.2300109863281,315.0
JPM,0.020137,5.07,276.4336703669258,,0.8775672075140502,313.2300109863281,315.0
JPM,0.020457,5.16,277.4824747400337,,0.8808967452064562,313.2300109863281,315.0
JPM,0.020776,5.24,276.4336703669258,,0.8775672075140502,313.2300109863281,315.0
JPM,0.021096,5.32,277.4824747400337,,0.8808967452064562,313.2300109863281,315.0
JPM,0.021416,5.4,278.5352583339492,,0.8842389153458704,313.2300109863281,315.0
JPM,0.021735,5.48,277.4824747400337,,0.8808967452064562,313.2300109863281,315.0
JPM,0.022055,5.56,278.5352583339492,,0.8842389153458704,313.2300109863281,315.0
JPM,0.022374,5.64,277.4824747400337,,0.8808967452064562,313.2300109863281,315.0
JPM,0.022694,5.72,278.5352583339491,,0.8842389153458702,313.2300109863281,315.0
JPM,0.023014,5.8,277.4824747400337,,0.8808967452064562,313.2300109863281,315.0
JPM,0.023333,5.88,278.5352583339491,,0.8842389153458702,313.2300109863281,315.0
JPM,0.023653,5.96,277.48247474003364,,0.880896745206456,313.2300109863281,315.0
JPM,0.023973,6.04,278.5352583339491,,0.8842389153458702,313.2300109863281,315.0
JPM,0.024292,6.12,277.48247474003364,,0.880896745206456,313.2300109863281,315.0
JPM,0.024612,6.2,278.5352583339492,,0.8842389153458704,313.2300109863281,315.0
JPM,0.024932,6.28,277.4824747400337,,0.8808967452064562,313.2300109863281,315.0
JPM,0.025251,6.36,278.5352583339491,,0.8842389153458702,313.2300109863281,315.0
JPM,0.025571,6.44,277.48247474003364,,0.880896745206456,313.2300109863281,315.0
JPM,0.02589,6.52,278.5352583339491,,0.8842389153458702,313.2300109863281,315.0
JPM,0.02621,6.6,277.48247474003364,,0.880896745206456,313.2300109863281,315.0
JPM,0.02653,6.69,278.5352583339491,,0.8842389153458702,313.2300109863281,315.0
JPM,0.026849,6.77,279.5920362460523,,0.8875937658604836,313.2300109863281,315.0
JPM,0.027169,6.85,278.5352583339491,,0.8842389153458702,313.2300109863281,315.0
JPM,0.027489,6.93,279.59203624605226,,0.8875937658604833,313.2300109863281,315.0
JPM,0.027808,7.01,278.5352583339491,,0.8842389153458702,313.2300109863281,315.0
JPM,0.028128,7.09,279.59203624605226,,0.8875937658604833,313.2300109863281,315.0
JPM,0.028447,7.17,278.5352583339491,,0.8842389153458702,313.2300109863281,315.0
JPM,0.028767,7.25,279.5920362460522,,0.8875937658604832,313.2300109863281,315.0
JPM,0.029087,7.33,278.53525833394906,,0.8842389153458701,313.2300109863281,315.0
JPM,0.029406,7.41,279.59203624605226,,0.8875937658604833,313.2300109863281,315.0
JPM,0.029726,7.49,278.5352583339492,,0.8842389153458704,313.2300109863281,315.0
JPM,0.030046,7.57,279.59203624605226,,0.8875937658604833,313.2300109863281,315.0
JPM,0.030365,7.65,278.53525833394906,,0.8842389153458701,313.2300109863281,315.0
JPM,0.030685,7.73,279.5920362460522,,0.8875937658604832,313.2300109863281,315.0
JPM,0.031005,7.81,278.53525833394906,,0.8842389153458701,313.2300109863281,315.0
JPM,0.031324,7.89,279.59203624605226,,0.8875937658604833,313.2300109863281,315.0
JPM,0.031644,7.97,278.53525833394906,,0.8842389153458701,313.2300109863281,315.0
JPM,0.031963,8.05,279.5920362460522,,0.8875937658604832,313.2300109863281,315.0
JPM,0.032283,8.14,280.6528236310034,,0.8909613448603283,313.2300109863281,315.0
JPM,0.032603,8.22,279.59203624605226,,0.8875937658604833,313.2300109863281,315.0
JPM,0.032922,8.3,280.6528236310034,,0.8909613448603283,313.2300109863281,315.0
JPM,0.033242,8.38,279.5920362460522,,0.8875937658604832,313.2300109863281,315.0
JPM,0.033562,8.46,280.6528236310034,,0.8909613448603283,313.2300109863281,315.0
JPM,0.033881,8.54,279.5920362460522,,0.8875937658604832,313.2300109863281,315.0
JPM,0.034201,8.62,280.6528236310034,,0.8909613448603283,313.2300109863281,315.0
JPM,0.034521,8.7,279.59203624605226,,0.8875937658604833,313.2300109863281,315.0
JPM,0.03484,8.78,280.6528236310034,,0.8909613448603283,313.2300109863281,315.0
JPM,0.03516,8.86,279.5920362460522,,0.8875937658604832,313.2300109863281,315.0
JPM,0.035479,8.94,280.6528236310034,,0.8909613448603283,313.2300109863281,315.0
JPM,0.035799,9.02,279.59203624605226,,0.8875937658604833,313.2300109863281,315.0
JPM,0.036119,9.1,280.6528236310034,,0.8909613448603283,313.2300109863281,315.0
JPM,0.036438,9.18,279.5920362460522,,0.8875937658604832,313.2300109863281,315.0
JPM,0.036758,9.26,280.6528236310034,,0.8909613448603283,313.2300109863281,315.0
JPM,0.037078,9.34,281.71763570096056,,0.89434170063797,313.2300109863281,315.0
JPM,0.037397,9.42,280.6528236310034,,0.8909613448603283,313.2300109863281,315.0
JPM,0.037717,9.5,281.71763570096056,,0.89434170063797,313.2300109863281,315.0
JPM,0.038037,9.59,280.6528236310034,,0.8909613448603283,313.2300109863281,315.0
JPM,0.038356,9.67,281.7176357009606,,0.8943417006379702,313.2300109863281,315.0
JPM,0.038676,9.75,280.6528236310034,,0.8909613448603283,313.2300109863281,315.0
JPM,0.038995,9.83,281.7176357009606,,0.8943417006379702,313.2300109863281,315.0
JPM,0.039315,9.91,280.6528236310034,,0.8909613448603283,313.2300109863281,315.0
JPM,0.039635,9.99,281.7176357009605,,0.8943417006379698,313.2300109863281,315.0
JPM,0.039954,10.07,280.65282363100334,,0.8909613448603281,313.2300109863281,315.0
JPM,0.040274,10.15,281.71763570096056,,0.89434170063797,313.2300109863281,315.0
JPM,0.040594,10.23,280.6528236310034,,0.8909613448603283,313.2300109863281,315.0
JPM,0.040913,10.31,281.71763570096056,,0.89434170063797,313.2300109863281,315.0
JPM,0.041233,10.39,280.6528236310034,,0.8909613448603283,313.2300109863281,315.0
JPM,0.041553,10.47,281.71763570096056,,0.89434170063797,313.2300109863281,315.0
JPM,0.041872,10.55,282.78648772579743,,0.8977348816691982,313.2300109863281,315.0
JPM,0.042192,10.63,281.71763570096056,,0.89434170063797,313.2300109863281,315.0
JPM,0.042511,10.71,282.7864877257974,,0.897734881669198,313.2300109863281,315.0
JPM,0.042831,10.79,281.7176357009605,,0.8943417006379698,313.2300109863281,315.0
JPM,0.043151,10.87,282.7864877257974,,0.897734881669198,313.2300109863281,315.0
JPM,0.04347,10.95,281.71763570096056,,0.89434170063797,313.2300109863281,315.0
JPM,0.04379,11.04,282.7864877257974,,0.897734881669198,313.2300109863281,315.0
JPM,0.04411,11.12,281.7176357009605,,0.8943417006379698,313.2300109863281,315.0
JPM,0.044429,11.2,282.7864877257974,,0.897734881669198,313.2300109863281,315.0
JPM,0.044749,11.28,281.7176357009605,,0.8943417006379698,313.2300109863281,315.0
JPM,0.045068,11.36,282.78648772579743,,0.8977348816691982,313.2300109863281,315.0
JPM,0.045388,11.44,281.71763570096056,,0.89434170063797,313.2300109863281,315.0
JPM,0.045708,11.52,282.78648772579743,,0.8977348816691982,313.2300109863281,315.0
JPM,0.046027,11.6,281.71763570096056,,0.89434170063797,313.2300109863281,315.0
JPM,0.046347,11.68,282.7864877257974,,0.897734881669198,313.2300109863281,315.0
JPM,0.046667,11.76,283.85939503332236,,0.9011409366137217,313.2300109863281,315.0
JPM,0.046986,11.84,282.7864877257974,,0.897734881669198,313.2300109863281,315.0
JPM,0.047306,11.92,283.85939503332236,,0.9011409366137217,313.2300109863281,315.0
JPM,0.047626,12.0,282.7864877257974,,0.897734881669198,313.2300109863281,315.0
JPM,0.047945,12.08,283.8593950333223,,0.9011409366137216,313.2300109863281,315.0
JPM,0.048265,12.16,282.7864877257973,,0.8977348816691978,313.2300109863281,315.0
JPM,0.048584,12.24,283.8593950333223,,0.9011409366137216,313.2300109863281,315.0
JPM,0.048904,12.32,282.7864877257973,,0.8977348816691978,313.2300109863281,315.0
JPM,0.049224,12.4,283.8593950333223,,0.9011409366137216,313.2300109863281,315.0
JPM,0.049543,12.48,282.7864877257973,,0.8977348816691978,313.2300109863281,315.0
JPM,0.049863,12.57,283.8593950333223,,0.9011409366137216,313.2300109863281,315.0
JPM,0.050183,12.65,282.7864877257973,,0.8977348816691978,313.2300109863281,315.0
JPM,0.050502,12.73,283.8593950333223,,0.9011409366137216,313.2300109863281,315.0
JPM,0.050822,12.81,284.93637300949837,,0.9045599143158678,313.2300109863281,315.0
JPM,0.051142,12.89,283.8593950333223,,0.9011409366137216,313.2300109863281,315.0
JPM,0.051461,12.97,284.93637300949837,,0.9045599143158678,313.2300109863281,315.0
JPM,0.051781,13.05,283.8593950333223,,0.9011409366137216,313.2300109863281,315.0
JPM,0.0521,13.13,284.9363730094984,,0.904559914315868,313.2300109863281,315.0
JPM,0.05242,13.21,283.8593950333223,,0.9011409366137216,313.2300109863281,315.0
JPM,0.05274,13.29,284.9363730094984,,0.904559914315868,313.2300109863281,315.0
JPM,0.053059,13.37,283.85939503332236,,0.9011409366137217,313.2300109863281,315.0
JPM,0.053379,13.45,284.93637300949837,,0.9045599143158678,313.2300109863281,315.0
JPM,0.053699,13.53,283.8593950333223,,0.9011409366137216,313.2300109863281,315.0
JPM,0.054018,13.61,284.9363730094984,,0.904559914315868,313.2300109863281,315.0
JPM,0.054338,13.69,283.8593950333223,,0.9011409366137216,313.2300109863281,315.0
JPM,0.054658,13.77,284.93637300949837,,0.9045599143158678,313.2300109863281,315.0
JPM,0.054977,13.85,286.0174370986637,,0.9079918638052816,313.2300109863281,315.0
JPM,0.055297,13.93,284.93637300949837,,0.9045599143158678,313.2300109863281,315.0
JPM,0.055616,14.02,286.0174370986637,,0.9079918638052816,313.2300109863281,315.0
JPM,0.055936,14.1,284.93637300949837,,0.9045599143158678,313.2300109863281,315.0
JPM,0.056256,14.18,286.0174370986637,,0.9079918638052816,313.2300109863281,315.0
JPM,0.056575,14.26,284.93637300949837,,0.9045599143158678,313.2300109863281,315.0
JPM,0.056895,14.34,286.0174370986637,614.6183747952164,0.9079918638052816,313.2300109863281,315.0
JPM,0.057215,14.42,284.93637300949837,616.950270321626,0.9045599143158678,313.2300109863281,315.0
JPM,0.057534,14.5,286.01743709866366,614.6183747952163,0.9079918638052815,313.2300109863281,315.0
JPM,0.057854,14.58,284.9363730094983,616.950270321626,0.9045599143158677,313.2300109863281,315.0
JPM,0.058174,14.66,286.01743709866366,614.6183747952163,0.9079918638052815,313.2300109863281,315.0
JPM,0.058493,14.74,287.1026028037531,616.950270321626,0.9114368342976289,313.2300109863281,315.0
JPM,0.058813,14.82,286.0174370986637,614.6183747952163,0.9079918638052816,313.2300109863281,315.0
JPM,0.059132,14.9,287.1026028037531,616.9502703216259,0.9114368342976289,313.2300109863281,315.0
JPM,0.059452,14.98,286.01743709866366,614.6183747952163,0.9079918638052815,313.2300109863281,315.0
JPM,0.059772,15.06,287.10260280375314,616.950270321626,0.911436834297629,313.2300109863281,315.0
JPM,0.060091,15.14,286.01743709866366,614.6183747952163,0.9079918638052815,313.2300109863281,315.0
JPM,0.060411,15.22,287.1026028037531,616.950270321626,0.9114368342976289,313.2300109863281,315.0
JPM,0.060731,15.3,286.01743709866366,614.6183747952163,0.9079918638052815,313.2300109863281,315.0
JPM,0.06105,15.38,287.1026028037531,616.9502703216259,0.9114368342976289,313.2300109863281,315.0
JPM,0.06137,15.47,286.0174370986637,614.6183747952161,0.9079918638052816,313.2300109863281,315.0
JPM,0.061689,15.55,287.1026028037531,616.9502703216259,0.9114368342976289,313.2300109863281,315.0
JPM,0.062009,15.63,288.1918856865204,614.6183747952161,0.9148948751953028,313.2300109863281,315.0
JPM,0.062329,15.71,287.1026028037531,616.9502703216259,0.9114368342976289,313.2300109863281,315.0
JPM,0.062648,15.79,288.1918856865204,614.6183747952161,0.9148948751953028,313.2300109863281,315.0
JPM,0.062968,15.87,287.1026028037531,616.9502703216259,0.9114368342976289,313.2300109863281,315.0
JPM,0.063288,15.95,288.1918856865204,614.6183747952163,0.9148948751953028,313.2300109863281,315.0
JPM,0.063607,16.03,287.1026028037531,616.9502703216259,0.9114368342976289,313.2300109863281,315.0
JPM,0.063927,16.11,288.1918856865203,614.6183747952161,0.9148948751953027,313.2300109863281,315.0
JPM,0.064247,16.19,287.1026028037531,616.950270321626,0.9114368342976289,313.2300109863281,315.0
JPM,0.064566,16.27,288.1918856865204,614.6183747952163,0.9148948751953028,313.2300109863281,315.0
JPM,0.064886,16.35,287.1026028037531,616.9502703216259,0.9114368342976289,313.2300109863281,315.0
JPM,0.065205,16.43,288.1918856865204,614.6183747952161,0.9148948751953028,313.2300109863281,315.0
JPM,0.065525,16.51,289.28530136776146,616.950270321626,0.9183660360881316,313.2300109863281,315.0
JPM,0.065845,16.59,288.1918856865204,614.6183747952161,0.9148948751953028,313.2300109863281,315.0
JPM,0.066164,16.67,289.28530136776146,616.9502703216259,0.9183660360881316,313.2300109863281,315.0
JPM,0.066484,16.75,288.1918856865204,614.6183747952161,0.9148948751953028,313.2300109863281,315.0
JPM,0.066804,16.83,289.2853013677614,616.950270321626,0.9183660360881315,313.2300109863281,315.0
JPM,0.067123,16.92,288.1918856865203,614.6183747952161,0.9148948751953027,313.2300109863281,315.0
JPM,0.067443,17.0,289.2853013677614,612.2952931667941,0.9183660360881315,313.2300109863281,315.0
JPM,0.067763,17.08,288.1918856865203,614.6183747952161,0.9148948751953027,313.2300109863281,315.0
JPM,0.068082,17.16,289.2853013677614,612.295293166794,0.9183660360881315,313.2300109863281,315.0
JPM,0.068402,17.24,288.1918856865203,614.618374795216,0.9148948751953027,313.2300109863281,315.0
JPM,0.068721,17.32,289.2853013677614,612.295293166794,0.9183660360881315,313.2300109863281,315.0
JPM,0.069041,17.4,290.38286552753834,614.6183747952161,0.9218503667540899,313.2300109863281,315.0
JPM,0.069361,17.48,289.2853013677614,612.2952931667941,0.9183660360881315,313.2300109863281,315.0
JPM,0.06968,17.56,290.3828655275383,614.6183747952161,0.9218503667540898,313.2300109863281,315.0
JPM,0.07,17.64,289.28530136776135,612.295293166794,0.9183660360881313,313.2300109863281,315.0
JPM,0.07032,17.72,290.38286552753834,614.6183747952161,0.9218503667540899,313.2300109863281,315.0
JPM,0.070639,17.8,289.2853013677614,612.295293166794,0.9183660360881315,313.2300109863281,315.0
JPM,0.070959,17.88,290.38286552753834,614.618374795216,0.9218503667540899,313.2300109863281,315.0
JPM,0.071279,17.96,289.2853013677614,612.2952931667941,0.9183660360881315,313.2300109863281,315.0
JPM,0.071598,18.04,290.38286552753834,614.6183747952161,0.9218503667540899,313.2300109863281,315.0
JPM,0.071918,18.12,291.48459390540427,612.295293166794,0.9253479171600135,313.2300109863281,315.0
JPM,0.072237,18.2,290.38286552753834,614.618374795216,0.9218503667540899,313.2300109863281,315.0
JPM,0.072557,18.28,291.4845939054042,612.295293166794,0.9253479171600134,313.2300109863281,315.0
JPM,0.072877,18.36,290.38286552753834,614.618374795216,0.9218503667540899,313.2300109863281,315.0
JPM,0.073196,18.45,291.4845939054042,612.2952931667938,0.9253479171600134,313.2300109863281,315.0
JPM,0.073516,18.53,290.3828655275383,614.618374795216,0.9218503667540898,313.2300109863281,315.0
JPM,0.073836,18.61,291.4845939054042,612.295293166794,0.9253479171600134,313.2300109863281,315.0
JPM,0.074155,18.69,292.59050230062894,614.6183747952159,0.9288587374623141,313.2300109863281,315.0
JPM,0.074475,18.77,291.4845939054042,612.2952931667938,0.9253479171600134,313.2300109863281,315.0
JPM,0.074795,18.85,292.5905023006289,614.618374795216,0.928858737462314,313.2300109863281,315.0
JPM,0.075114,18.93,291.4845939054042,612.295293166794,0.9253479171600134,313.2300109863281,315.0
JPM,0.075434,19.01,292.5905023006289,614.618374795216,0.928858737462314,313.2300109863281,315.0
JPM,0.075753,19.09,291.48459390540415,612.295293166794,0.9253479171600132,313.2300109863281,315.0
JPM,0.076073,19.17,292.5905023006289,609.9809921223466,0.928858737462314,313.2300109863281,315.0
JPM,0.076393,19.25,291.4845939054042,612.2952931667938,0.9253479171600134,313.2300109863281,315.0
JPM,0.076712,19.33,292.5905023006288,609.9809921223465,0.9288587374623137,313.2300109863281,315.0
JPM,0.077032,19.41,293.7006065724254,612.2952931667938,0.9323828780076996,313.2300109863281,315.0
JPM,0.077352,19.49,292.5905023006288,609.9809921223465,0.9288587374623137,313.2300109863281,315.0
JPM,0.077671,19.57,293.70060657242544,612.2952931667938,0.9323828780076998,313.2300109863281,315.0
JPM,0.077991,19.65,292.5905023006289,609.9809921223465,0.928858737462314,313.2300109863281,315.0
JPM,0.078311,19.73,293.70060657242544,612.2952931667938,0.9323828780076998,313.2300109863281,315.0
JPM,0.07863,19.81,292.5905023006289,609.9809921223465,0.928858737462314,313.2300109863281,315.0
JPM,0.07895,19.9,293.70060657242544,612.2952931667937,0.9323828780076998,313.2300109863281,315.0
JPM,0.079269,19.98,294.8149226401777,609.9809921223464,0.9359203893338975,313.2300109863281,315.0
JPM,0.079589,20.06,293.7006065724255,612.2952931667938,0.9323828780077,313.2300109863281,315.0
JPM,0.079909,20.14,294.81492264017766,609.9809921223465,0.9359203893338973,313.2300109863281,315.0
JPM,0.080228,20.22,293.7006065724254,612.2952931667937,0.9323828780076996,313.2300109863281,315.0
JPM,0.080548,20.3,294.81492264017766,609.9809921223464,0.9359203893338973,313.2300109863281,315.0
JPM,0.080868,20.38,293.70060657242544,612.2952931667938,0.9323828780076998,313.2300109863281,315.0
JPM,0.081187,20.46,294.81492264017766,609.9809921223465,0.9359203893338973,313.2300109863281,315.0
JPM,0.081507,20.54,295.93346648366844,612.2952931667938,0.939471322170376,313.2300109863281,315.0
JPM,0.081826,20.62,294.81492264017766,609.9809921223465,0.9359203893338973,313.2300109863281,315.0
JPM,0.082146,20.7,295.9334664836684,612.2952931667938,0.9394713221703758,313.2300109863281,315.0
JPM,0.082466,20.78,294.81492264017766,609.9809921223465,0.9359203893338973,313.2300109863281,315.0
JPM,0.082785,20.86,295.9334664836684,612.2952931667938,0.9394713221703758,313.2300109863281,315.0
JPM,0.083105,20.94,297.0562541433086,609.9809921223465,0.9430357274390749,313.2300109863281,315.0
JPM,0.083425,21.02,295.9334664836683,607.6754384737784,0.9394713221703757,313.2300109863281,315.0
JPM,0.083744,21.1,297.05625414330854,609.9809921223464,0.9430357274390747,313.2300109863281,315.0
JPM,0.084064,21.18,295.9334664836683,607.6754384737783,0.9394713221703757,313.2300109863281,315.0
JPM,0.084384,21.26,297.0562541433086,609.9809921223464,0.9430357274390749,313.2300109863281,315.0
JPM,0.084703,21.35,295.9334664836683,607.6754384737783,0.9394713221703757,313.2300109863281,315.0
JPM,0.085023,21.43,297.0562541433086,609.9809921223464,0.9430357274390749,313.2300109863281,315.0
JPM,0.085342,21.51,298.18330172036747,607.6754384737783,0.9466136562551348,313.2300109863281,315.0
JPM,0.085662,21.59,297.0562541433086,609.9809921223464,0.9430357274390749,313.2300109863281,315.0
JPM,0.085982,21.67,298.18330172036747,607.6754384737783,0.9466136562551348,313.2300109863281,315.0
JPM,0.086301,21.75,297.0562541433086,609.9809921223463,0.9430357274390749,313.2300109863281,315.0
JPM,0.086621,21.83,298.18330172036747,607.6754384737782,0.9466136562551348,313.2300109863281,315.0
JPM,0.086941,21.91,299.3146253772033,609.9809921223464,0.9502051599276296,313.2300109863281,315.0
JPM,0.08726,21.99,298.18330172036747,607.6754384737783,0.9466136562551348,313.2300109863281,315.0
JPM,0.08758,22.07,299.31462537720324,609.9809921223463,0.9502051599276293,313.2300109863281,315.0
JPM,0.0879,22.15,298.18330172036747,607.6754384737782,0.9466136562551348,313.2300109863281,315.0
JPM,0.088219,22.23,299.3146253772033,609.9809921223463,0.9502051599276296,313.2300109863281,315.0
JPM,0.088539,22.31,300.4502413374952,607.6754384737782,0.9538102899603021,313.2300109863281,315.0
JPM,0.088858,22.39,299.3146253772033,605.3785991584355,0.9502051599276296,313.2300109863281,315.0
JPM,0.089178,22.47,300.4502413374952,607.6754384737783,0.9538102899603021,313.2300109863281,315.0
JPM,0.089498,22.55,301.59016588647586,605.3785991584353,0.9574290980523044,313.2300109863281,315.0
JPM,0.089817,22.63,300.4502413374952,607.6754384737782,0.9538102899603021,313.2300109863281,315.0
JPM,0.090137,22.71,301.5901658864758,605.3785991584355,0.9574290980523041,313.2300109863281,315.0
JPM,0.090457,22.8,302.73441537116486,607.6754384737782,0.961061636098936,313.2300109863281,315.0
JPM,0.090776,22.88,301.5901658864758,605.3785991584353,0.9574290980523041,313.2300109863281,315.0
JPM,0.091096,22.96,302.7344153711649,607.6754384737782,0.9610616360989362,313.2300109863281,315.0
JPM,0.091416,23.04,301.59016588647586,605.3785991584353,0.9574290980523044,313.2300109863281,315.0
JPM,0.091735,23.12,302.7344153711649,607.6754384737782,0.9610616360989362,313.2300109863281,315.0
JPM,0.092055,23.2,303.8830062006036,605.3785991584353,0.9647079561923922,313.2300109863281,315.0
JPM,0.092374,23.28,305.03595484608985,607.6754384737783,0.9683681106225075,313.2300109863281,315.0
JPM,0.092694,23.36,303.8830062006035,605.3785991584353,0.9647079561923921,313.2300109863281,315.0
JPM,0.093014,23.44,305.03595484608985,603.0904412386311,0.9683681106225075,313.2300109863281,315.0
JPM,0.093333,23.52,306.1932778414148,605.3785991584352,0.9720421518775072,313.2300109863281,315.0
JPM,0.093653,23.6,305.0359548460899,603.0904412386311,0.9683681106225076,313.2300109863281,315.0
JPM,0.093973,23.68,306.1932778414148,605.3785991584353,0.9720421518775072,313.2300109863281,315.0
JPM,0.094292,23.76,307.3549917830994,603.0904412386311,0.97573013264476,313.2300109863281,315.0
JPM,0.094612,23.84,308.5211133306329,605.3785991584353,0.979432105811533,313.2300109863281,315.0
JPM,0.094932,23.92,309.6916592067115,603.0904412386311,0.9831481244657508,313.2300109863281,315.0
JPM,0.095251,24.0,310.8666461974782,600.810931901174,0.9868782418967561,313.2300109863281,315.0
JPM,0.095571,24.08,312.04609115276355,603.090441238631,0.9906225115960747,313.2300109863281,315.0
JPM,0.09589,24.16,313.23001098632733,315.611343264431,0.994380987258182,313.2300109863281,315.0
MSFT,0.0,0.0,,,,407.7799987792969,410.0
MSFT,0.00032,0.08,,,,407.7799987792969,410.0
MSFT,0.000639,0.16,,,,407.7799987792969,410.0
MSFT,0.000959,0.24,,,,407.7799987792969,410.0
MSFT,0.001279,0.32,,,,407.7799987792969,410.0
MSFT,0.001598,0.4,,,,407.7799987792969,410.0
MSFT,0.001918,0.48,,,,407.7799987792969,410.0
MSFT,0.002237,0.56,,,,407.7799987792969,410.0
MSFT,0.002557,0.64,,,,407.7799987792969,410.0
MSFT,0.002877,0.72,,,,407.7799987792969,410.0
MSFT,0.003196,0.81,,,,407.7799987792969,410.0
MSFT,0.003516,0.89,,,,407.7799987792969,410.0
MSFT,0.003836,0.97,,,,407.7799987792969,410.0
MSFT,0.004155,1.05,,,,407.7799987792969,410.0
MSFT,0.004475,1.13,,,,407.7799987792969,410.0
MSFT,0.004795,1.21,,,,407.7799987792969,410.0
MSFT,0.005114,1.29,,,,407.7799987792969,410.0
MSFT,0.005434,1.37,,,,407.7799987792969,410.0
MSFT,0.005753,1.45,,,,407.7799987792969,410.0
MSFT,0.006073,1.53,,,,407.7799987792969,410.0
MSFT,0.006393,1.61,,,,407.7799987792969,410.0
MSFT,0.006712,1.69,,,,407.7799987792969,410.0
MSFT,0.007032,1.77,,,,407.7799987792969,410.0
MSFT,0.007352,1.85,,,,407.7799987792969,410.0
MSFT,0.007671,1.93,,,,407.7799987792969,410.0
MSFT,0.007991,2.01,,,,407.7799987792969,410.0
MSFT,0.008311,2.09,,,,407.7799987792969,410.0
MSFT,0.00863,2.17,,,,407.7799987792969,410.0
MSFT,0.00895,2.26,,,,407.7799987792969,410.0
MSFT,0.009269,2.34,,,,407.7799987792969,410.0
MSFT,0.009589,2.42,,,,407.7799987792969,410.0
MSFT,0.009909,2.5,,,,407.7799987792969,410.0
MSFT,0.010228,2.58,355.63777606653446,,0.8674092099183768,407.7799987792969,410.0
MSFT,0.010548,2.66,354.12050281557714,,0.8637085434526272,407.7799987792969,410.0
MSFT,0.010868,2.74,355.63777606653446,,0.8674092099183768,407.7799987792969,410.0
MSFT,0.011187,2.82,357.1615502630731,,0.8711257323489587,407.7799987792969,410.0
MSFT,0.011507,2.9,355.63777606653446,,0.8674092099183768,407.7799987792969,410.0
MSFT,0.011826,2.98,357.1615502630732,,0.871125732348959,407.7799987792969,410.0
MSFT,0.012146,3.06,355.6377760665345,,0.8674092099183769,407.7799987792969,410.0
MSFT,0.012466,3.14,357.1615502630732,,0.871125732348959,407.7799987792969,410.0
MSFT,0.012785,3.22,355.6377760665345,,0.8674092099183769,407.7799987792969,410.0
MSFT,0.013105,3.3,357.16155026307325,,0.8711257323489592,407.7799987792969,410.0
MSFT,0.013425,3.38,355.63777606653457,,0.867409209918377,407.7799987792969,410.0
MSFT,0.013744,3.46,357.1615502630732,,0.871125732348959,407.7799987792969,410.0
MSFT,0.014064,3.54,355.6377760665345,,0.8674092099183769,407.7799987792969,410.0
MSFT,0.014384,3.62,357.1615502630732,,0.871125732348959,407.7799987792969,410.0
MSFT,0.014703,3.71,355.63777606653446,,0.8674092099183768,407.7799987792969,410.0
MSFT,0.015023,3.79,357.1615502630733,,0.8711257323489593,407.7799987792969,410.0
MSFT,0.015342,3.87,355.6377760665346,,0.8674092099183771,407.7799987792969,410.0
MSFT,0.015662,3.95,357.16155026307325,,0.8711257323489592,407.7799987792969,410.0
MSFT,0.015982,4.03,355.63777606653457,,0.867409209918377,407.7799987792969,410.0
MSFT,0.016301,4.11,357.16155026307325,,0.8711257323489592,407.7799987792969,410.0
MSFT,0.016621,4.19,355.63777606653457,,0.867409209918377,407.7799987792969,410.0
MSFT,0.016941,4.27,357.16155026307325,,0.8711257323489592,407.7799987792969,410.0
MSFT,0.01726,4.35,355.63777606653457,,0.867409209918377,407.7799987792969,410.0
MSFT,0.01758,4.43,357.1615502630733,,0.8711257323489593,407.7799987792969,410.0
MSFT,0.0179,4.51,358.69185325930175,,0.8748581786812237,407.7799987792969,410.0
MSFT,0.018219,4.59,357.16155026307337,,0.8711257323489594,407.7799987792969,410.0
MSFT,0.018539,4.67,358.6918532593018,,0.874858178681224,407.7799987792969,410.0
MSFT,0.018858,4.75,357.16155026307337,,0.8711257323489594,407.7799987792969,410.0
MSFT,0.019178,4.83,358.69185325930175,,0.8748581786812237,407.7799987792969,410.0
MSFT,0.019498,4.91,357.1615502630733,,0.8711257323489593,407.7799987792969,410.0
MSFT,0.019817,4.99,358.6918532593018,,0.874858178681224,407.7799987792969,410.0
MSFT,0.020137,5.07,357.1615502630734,,0.8711257323489595,407.7799987792969,410.0
MSFT,0.020457,5.16,358.69185325930187,,0.8748581786812241,407.7799987792969,410.0
MSFT,0.020776,5.24,357.1615502630735,,0.8711257323489597,407.7799987792969,410.0
MSFT,0.021096,5.32,358.6918532593018,,0.874858178681224,407.7799987792969,410.0
MSFT,0.021416,5.4,357.16155026307337,,0.8711257323489594,407.7799987792969,410.0
MSFT,0.021735,5.48,358.69185325930187,,0.8748581786812241,407.7799987792969,410.0
MSFT,0.022055,5.56,357.1615502630734,,0.8711257323489595,407.7799987792969,410.0
MSFT,0.022374,5.64,358.6918532593019,,0.8748581786812242,407.7799987792969,410.0
MSFT,0.022694,5.72,357.16155026307354,,0.8711257323489598,407.7799987792969,410.0
MSFT,0.023014,5.8,358.6918532593019,,0.8748581786812242,407.7799987792969,410.0
MSFT,0.023333,5.88,357.1615502630735,,0.8711257323489597,407.7799987792969,410.0
MSFT,0.023653,5.96,358.69185325930187,,0.8748581786812241,407.7799987792969,410.0
MSFT,0.023973,6.04,360.22871302867276,,0.8786066171431043,407.7799987792969,410.0
MSFT,0.024292,6.12,358.6918532593019,,0.8748581786812242,407.7799987792969,410.0
MSFT,0.024612,6.2,360.22871302867276,,0.8786066171431043,407.7799987792969,410.0
MSFT,0.024932,6.28,358.691853259302,,0.8748581786812243,407.7799987792969,410.0
MSFT,0.025251,6.36,360.2287130286728,,0.8786066171431044,407.7799987792969,410.0
MSFT,0.025571,6.44,358.691853259302,,0.8748581786812243,407.7799987792969,410.0
MSFT,0.02589,6.52,360.22871302867287,,0.8786066171431046,407.7799987792969,410.0
MSFT,0.02621,6.6,358.69185325930204,,0.8748581786812245,407.7799987792969,410.0
MSFT,0.02653,6.69,360.22871302867287,,0.8786066171431046,407.7799987792969,410.0
MSFT,0.026849,6.77,358.69185325930204,,0.8748581786812245,407.7799987792969,410.0
MSFT,0.027169,6.85,360.2287130286728,,0.8786066171431044,407.7799987792969,410.0
MSFT,0.027489,6.93,358.69185325930204,,0.8748581786812245,407.7799987792969,410.0
MSFT,0.027808,7.01,360.22871302867287,,0.8786066171431046,407.7799987792969,410.0
MSFT,0.028128,7.09,358.69185325930204,,0.8748581786812245,407.7799987792969,410.0
MSFT,0.028447,7.17,360.2287130286729,,0.8786066171431047,407.7799987792969,410.0
MSFT,0.028767,7.25,358.6918532593021,,0.8748581786812246,407.7799987792969,410.0
MSFT,0.029087,7.33,360.22871302867287,,0.8786066171431046,407.7799987792969,410.0
MSFT,0.029406,7.41,361.77215766449456,,0.8823711162548648,407.7799987792969,410.0
MSFT,0.029726,7.49,360.228713028673,,0.8786066171431048,407.7799987792969,410.0
MSFT,0.030046,7.57,361.77215766449456,,0.8823711162548648,407.7799987792969,410.0
MSFT,0.030365,7.65,360.2287130286729,,0.8786066171431047,407.7799987792969,410.0
MSFT,0.030685,7.73,361.7721576644946,,0.8823711162548649,407.7799987792969,410.0
MSFT,0.031005,7.81,360.228713028673,,0.8786066171431048,407.7799987792969,410.0
MSFT,0.031324,7.89,361.7721576644946,,0.8823711162548649,407.7799987792969,410.0
MSFT,0.031644,7.97,360.228713028673,,0.8786066171431048,407.7799987792969,410.0
MSFT,0.031963,8.05,361.7721576644946,,0.8823711162548649,407.7799987792969,410.0
MSFT,0.032283,8.14,360.228713028673,,0.8786066171431048,407.7799987792969,410.0
MSFT,0.032603,8.22,361.7721576644946,,0.8823711162548649,407.7799987792969,410.0
MSFT,0.032922,8.3,360.228713028673,,0.8786066171431048,407.7799987792969,410.0
MSFT,0.033242,8.38,361.77215766449467,,0.8823711162548651,407.7799987792969,410.0
MSFT,0.033562,8.46,360.228713028673,,0.8786066171431048,407.7799987792969,410.0
MSFT,0.033881,8.54,361.77215766449467,,0.8823711162548651,407.7799987792969,410.0
MSFT,0.034201,8.62,360.228713028673,,0.8786066171431048,407.7799987792969,410.0
MSFT,0.034521,8.7,361.7721576644947,,0.8823711162548652,407.7799987792969,410.0
MSFT,0.03484,8.78,360.22871302867304,,0.878606617143105,407.7799987792969,410.0
MSFT,0.03516,8.86,361.7721576644947,,0.8823711162548652,407.7799987792969,410.0
MSFT,0.035479,8.94,363.3222153804449,,0.8861517448303534,407.7799987792969,410.0
MSFT,0.035799,9.02,361.7721576644948,,0.8823711162548653,407.7799987792969,410.0
MSFT,0.036119,9.1,363.3222153804449,,0.8861517448303534,407.7799987792969,410.0
MSFT,0.036438,9.18,361.7721576644947,,0.8823711162548652,407.7799987792969,410.0
MSFT,0.036758,9.26,363.3222153804449,,0.8861517448303534,407.7799987792969,410.0
MSFT,0.037078,9.34,361.7721576644948,,0.8823711162548653,407.7799987792969,410.0
MSFT,0.037397,9.42,363.32221538044496,,0.8861517448303535,407.7799987792969,410.0
MSFT,0.037717,9.5,361.7721576644948,,0.8823711162548653,407.7799987792969,410.0
MSFT,0.038037,9.59,363.32221538044496,,0.8861517448303535,407.7799987792969,410.0
MSFT,0.038356,9.67,361.77215766449484,,0.8823711162548654,407.7799987792969,410.0
MSFT,0.038676,9.75,363.322215380445,,0.8861517448303537,407.7799987792969,410.0
MSFT,0.038995,9.83,361.77215766449484,,0.8823711162548654,407.7799987792969,410.0
MSFT,0.039315,9.91,363.32221538044496,,0.8861517448303535,407.7799987792969,410.0
MSFT,0.039635,9.99,361.7721576644948,,0.8823711162548653,407.7799987792969,410.0
MSFT,0.039954,10.07,363.322215380445,,0.8861517448303537,407.7799987792969,410.0
MSFT,0.040274,10.15,364.87891451108635,,0.8899485719782594,407.7799987792969,410.0
MSFT,0.040594,10.23,363.322215380445,,0.8861517448303537,407.7799987792969,410.0
MSFT,0.040913,10.31,364.8789145110864,,0.8899485719782595,407.7799987792969,410.0
MSFT,0.041233,10.39,363.3222153804451,,0.8861517448303539,407.7799987792969,410.0
MSFT,0.041553,10.47,364.8789145110864,,0.8899485719782595,407.7799987792969,410.0
MSFT,0.041872,10.55,363.32221538044513,,0.886151744830354,407.7799987792969,410.0
MSFT,0.042192,10.63,364.87891451108646,,0.8899485719782597,407.7799987792969,410.0
MSFT,0.042511,10.71,363.3222153804451,,0.8861517448303539,407.7799987792969,410.0
MSFT,0.042831,10.79,364.87891451108646,,0.8899485719782597,407.7799987792969,410.0
MSFT,0.043151,10.87,363.32221538044513,,0.886151744830354,407.7799987792969,410.0
MSFT,0.04347,10.95,364.8789145110864,,0.8899485719782595,407.7799987792969,410.0
MSFT,0.04379,11.04,363.3222153804451,,0.8861517448303539,407.7799987792969,410.0
MSFT,0.04411,11.12,364.8789145110864,,0.8899485719782595,407.7799987792969,410.0
MSFT,0.044429,11.2,363.3222153804451,,0.8861517448303539,407.7799987792969,410.0
MSFT,0.044749,11.28,364.87891451108646,,0.8899485719782597,407.7799987792969,410.0
MSFT,0.045068,11.36,363.32221538044513,,0.886151744830354,407.7799987792969,410.0
MSFT,0.045388,11.44,364.8789145110865,,0.8899485719782598,407.7799987792969,410.0
MSFT,0.045708,11.52,366.44228351238473,,0.8937616671033773,407.7799987792969,410.0
MSFT,0.046027,11.6,364.8789145110865,,0.8899485719782598,407.7799987792969,410.0
MSFT,0.046347,11.68,366.4422835123847,,0.8937616671033772,407.7799987792969,410.0
MSFT,0.046667,11.76,364.8789145110865,,0.8899485719782598,407.7799987792969,410.0
MSFT,0.046986,11.84,366.44228351238473,,0.8937616671033773,407.7799987792969,410.0
MSFT,0.047306,11.92,364.8789145110866,,0.8899485719782599,407.7799987792969,410.0
MSFT,0.047626,12.0,366.44228351238473,,0.8937616671033773,407.7799987792969,410.0
MSFT,0.047945,12.08,364.8789145110866,,0.8899485719782599,407.7799987792969,410.0
MSFT,0.048265,12.16,366.4422835123848,,0.8937616671033776,407.7799987792969,410.0
MSFT,0.048584,12.24,364.87891451108663,,0.88994857197826,407.7799987792969,410.0
MSFT,0.048904,12.32,366.4422835123848,,0.8937616671033776,407.7799987792969,410.0
MSFT,0.049224,12.4,364.87891451108663,,0.88994857197826,407.7799987792969,410.0
MSFT,0.049543,12.48,366.44228351238485,,0.8937616671033777,407.7799987792969,410.0
MSFT,0.049863,12.57,368.0123509622286,,0.8975910999078747,407.7799987792969,410.0
MSFT,0.050183,12.65,366.44228351238485,,0.8937616671033777,407.7799987792969,410.0
MSFT,0.050502,12.73,368.0123509622286,,0.8975910999078747,407.7799987792969,410.0
MSFT,0.050822,12.81,366.44228351238485,,0.8937616671033777,407.7799987792969,410.0
MSFT,0.051142,12.89,368.0123509622286,,0.8975910999078747,407.7799987792969,410.0
MSFT,0.051461,12.97,366.4422835123848,,0.8937616671033776,407.7799987792969,410.0
MSFT,0.051781,13.05,368.01235096222854,,0.8975910999078744,407.7799987792969,410.0
MSFT,0.0521,13.13,366.4422835123848,,0.8937616671033776,407.7799987792969,410.0
MSFT,0.05242,13.21,368.0123509622286,,0.8975910999078747,407.7799987792969,410.0
MSFT,0.05274,13.29,366.4422835123849,,0.8937616671033778,407.7799987792969,410.0
MSFT,0.053059,13.37,368.01235096222865,,0.8975910999078748,407.7799987792969,410.0
MSFT,0.053379,13.45,366.4422835123849,,0.8937616671033778,407.7799987792969,410.0
MSFT,0.053699,13.53,368.0123509622287,,0.8975910999078749,407.7799987792969,410.0
MSFT,0.054018,13.61,366.4422835123849,,0.8937616671033778,407.7799987792969,410.0
MSFT,0.054338,13.69,368.01235096222865,,0.8975910999078748,407.7799987792969,410.0
MSFT,0.054658,13.77,369.58914556095226,,0.9014369403925665,407.7799987792969,410.0
MSFT,0.054977,13.85,368.01235096222865,,0.8975910999078748,407.7799987792969,410.0
MSFT,0.055297,13.93,369.5891455609523,,0.9014369403925666,407.7799987792969,410.0
MSFT,0.055616,14.02,368.0123509622287,,0.8975910999078749,407.7799987792969,410.0
MSFT,0.055936,14.1,369.5891455609523,,0.9014369403925666,407.7799987792969,410.0
MSFT,0.056256,14.18,368.0123509622287,,0.8975910999078749,407.7799987792969,410.0
MSFT,0.056575,14.26,369.5891455609523,,0.9014369403925666,407.7799987792969,410.0
MSFT,0.056895,14.34,368.01235096222877,,0.897591099907875,407.7799987792969,410.0
MSFT,0.057215,14.42,369.5891455609524,,0.9014369403925667,407.7799987792969,410.0
MSFT,0.057534,14.5,368.01235096222877,,0.897591099907875,407.7799987792969,410.0
MSFT,0.057854,14.58,369.58914556095243,,0.9014369403925669,407.7799987792969,410.0
MSFT,0.058174,14.66,371.1726961318603,,0.9052992588581958,407.7799987792969,410.0
MSFT,0.058493,14.74,369.58914556095243,,0.9014369403925669,407.7799987792969,410.0
MSFT,0.058813,14.82,371.1726961318603,,0.9052992588581958,407.7799987792969,410.0
MSFT,0.059132,14.9,369.5891455609524,,0.9014369403925667,407.7799987792969,410.0
MSFT,0.059452,14.98,371.1726961318603,,0.9052992588581958,407.7799987792969,410.0
MSFT,0.059772,15.06,369.5891455609525,,0.901436940392567,407.7799987792969,410.0
MSFT,0.060091,15.14,371.17269613186033,,0.905299258858196,407.7799987792969,410.0
MSFT,0.060411,15.22,369.58914556095255,,0.9014369403925672,407.7799987792969,410.0
MSFT,0.060731,15.3,371.17269613186033,,0.905299258858196,407.7799987792969,410.0
MSFT,0.06105,15.38,369.58914556095243,,0.9014369403925669,407.7799987792969,410.0
MSFT,0.06137,15.47,371.17269613186033,,0.905299258858196,407.7799987792969,410.0
MSFT,0.061689,15.55,369.58914556095255,,0.9014369403925672,407.7799987792969,410.0
MSFT,0.062009,15.63,371.1726961318604,,0.9052992588581961,407.7799987792969,410.0
MSFT,0.062329,15.71,372.7630316217539,,0.9091781259067169,407.7799987792969,410.0
MSFT,0.062648,15.79,371.1726961318604,,0.9052992588581961,407.7799987792969,410.0
MSFT,0.062968,15.87,372.76303162175395,,0.909178125906717,407.7799987792969,410.0
MSFT,0.063288,15.95,371.1726961318604,,0.9052992588581961,407.7799987792969,410.0
MSFT,0.063607,16.03,372.763031621754,,0.9091781259067171,407.7799987792969,410.0
MSFT,0.063927,16.11,371.17269613186045,,0.9052992588581962,407.7799987792969,410.0
MSFT,0.064247,16.19,372.763031621754,,0.9091781259067171,407.7799987792969,410.0
MSFT,0.064566,16.27,371.1726961318605,,0.9052992588581964,407.7799987792969,410.0
MSFT,0.064886,16.35,372.763031621754,,0.9091781259067171,407.7799987792969,410.0
MSFT,0.065205,16.43,371.17269613186045,,0.9052992588581962,407.7799987792969,410.0
MSFT,0.065525,16.51,372.76303162175407,,0.9091781259067172,407.7799987792969,410.0
MSFT,0.065845,16.59,374.3601811014609,,0.9130736124425876,407.7799987792969,410.0
MSFT,0.066164,16.67,372.76303162175407,,0.9091781259067172,407.7799987792969,410.0
MSFT,0.066484,16.75,374.3601811014609,,0.9130736124425876,407.7799987792969,410.0
MSFT,0.066804,16.83,372.7630316217541,,0.9091781259067174,407.7799987792969,410.0
MSFT,0.067123,16.92,374.3601811014609,,0.9130736124425876,407.7799987792969,410.0
MSFT,0.067443,17.0,372.76303162175407,,0.9091781259067172,407.7799987792969,410.0
MSFT,0.067763,17.08,374.36018110146097,,0.9130736124425878,407.7799987792969,410.0
MSFT,0.068082,17.16,372.7630316217541,,0.9091781259067174,407.7799987792969,410.0
MSFT,0.068402,17.24,374.36018110146097,,0.9130736124425878,407.7799987792969,410.0
MSFT,0.068721,17.32,372.7630316217541,,0.9091781259067174,407.7799987792969,410.0
MSFT,0.069041,17.4,374.360181101461,,0.9130736124425879,407.7799987792969,410.0
MSFT,0.069361,17.48,375.96417376636634,,0.9169857896740643,407.7799987792969,410.0
MSFT,0.06968,17.56,374.360181101461,,0.9130736124425879,407.7799987792969,410.0
MSFT,0.07,17.64,375.96417376636634,,0.9169857896740643,407.7799987792969,410.0
MSFT,0.07032,17.72,374.360181101461,,0.9130736124425879,407.7799987792969,410.0
MSFT,0.070639,17.8,375.9641737663664,,0.9169857896740644,407.7799987792969,410.0
MSFT,0.070959,17.88,374.360181101461,,0.9130736124425879,407.7799987792969,410.0
MSFT,0.071279,17.96,375.9641737663664,,0.9169857896740644,407.7799987792969,410.0
MSFT,0.071598,18.04,374.36018110146114,,0.9130736124425881,407.7799987792969,410.0
MSFT,0.071918,18.12,375.96417376636634,,0.9169857896740643,407.7799987792969,410.0
MSFT,0.072237,18.2,377.5750389369466,,0.9209147291145039,407.7799987792969,410.0
MSFT,0.072557,18.28,375.96417376636634,,0.9169857896740643,407.7799987792969,410.0
MSFT,0.072877,18.36,377.5750389369466,,0.9209147291145039,407.7799987792969,410.0
MSFT,0.073196,18.45,375.9641737663664,,0.9169857896740644,407.7799987792969,410.0
MSFT,0.073516,18.53,377.57503893694656,,0.9209147291145038,407.7799987792969,410.0
MSFT,0.073836,18.61,375.9641737663664,,0.9169857896740644,407.7799987792969,410.0
MSFT,0.074155,18.69,377.5750389369466,,0.9209147291145039,407.7799987792969,410.0
MSFT,0.074475,18.77,375.96417376636646,,0.9169857896740645,407.7799987792969,410.0
MSFT,0.074795,18.85,377.5750389369466,,0.9209147291145039,407.7799987792969,410.0
MSFT,0.075114,18.93,379.1928060593053,,0.9248605025836715,407.7799987792969,410.0
MSFT,0.075434,19.01,377.57503893694667,,0.9209147291145041,407.7799987792969,410.0
MSFT,0.075753,19.09,379.19280605930544,,0.9248605025836718,407.7799987792969,410.0
MSFT,0.076073,19.17,377.57503893694667,,0.9209147291145041,407.7799987792969,410.0
MSFT,0.076393,19.25,379.1928060593054,,0.9248605025836717,407.7799987792969,410.0
MSFT,0.076712,19.33,377.57503893694667,,0.9209147291145041,407.7799987792969,410.0
MSFT,0.077032,19.41,379.19280605930544,,0.9248605025836718,407.7799987792969,410.0
MSFT,0.077352,19.49,377.57503893694667,,0.9209147291145041,407.7799987792969,410.0
MSFT,0.077671,19.57,379.19280605930544,,0.9248605025836718,407.7799987792969,410.0
MSFT,0.077991,19.65,380.8175047057118,,0.9288231822090532,407.7799987792969,410.0
MSFT,0.078311,19.73,379.19280605930544,,0.9248605025836718,407.7799987792969,410.0
MSFT,0.07863,19.81,380.8175047057118,,0.9288231822090532,407.7799987792969,410.0
MSFT,0.07895,19.9,379.1928060593055,,0.9248605025836719,407.7799987792969,410.0
MSFT,0.079269,19.98,380.8175047057119,,0.9288231822090534,407.7799987792969,410.0
MSFT,0.079589,20.06,379.1928060593055,,0.9248605025836719,407.7799987792969,410.0
MSFT,0.079909,20.14,380.8175047057119,,0.9288231822090534,407.7799987792969,410.0
MSFT,0.080228,20.22,382.4491645751412,,0.9328028404271737,407.7799987792969,410.0
MSFT,0.080548,20.3,380.817504705712,,0.9288231822090537,407.7799987792969,410.0
MSFT,0.080868,20.38,382.4491645751412,,0.9328028404271737,407.7799987792969,410.0
MSFT,0.081187,20.46,380.81750470571194,,0.9288231822090535,407.7799987792969,410.0
MSFT,0.081507,20.54,382.44916457514114,,0.9328028404271735,407.7799987792969,410.0
MSFT,0.081826,20.62,380.81750470571194,,0.9288231822090535,407.7799987792969,410.0
MSFT,0.082146,20.7,382.4491645751412,,0.9328028404271737,407.7799987792969,410.0
MSFT,0.082466,20.78,384.0878154938174,,0.9367995499849205,407.7799987792969,410.0
MSFT,0.082785,20.86,382.44916457514125,,0.9328028404271738,407.7799987792969,410.0
MSFT,0.083105,20.94,384.0878154938174,,0.9367995499849205,407.7799987792969,410.0
MSFT,0.083425,21.02,382.4491645751412,,0.9328028404271737,407.7799987792969,410.0
MSFT,0.083744,21.1,384.08781549381735,,0.9367995499849203,407.7799987792969,410.0
MSFT,0.084064,21.18,385.7334874157588,,0.9408133839408752,407.7799987792969,410.0
MSFT,0.084384,21.26,384.0878154938174,,0.9367995499849205,407.7799987792969,410.0
MSFT,0.084703,21.35,385.7334874157589,,0.9408133839408753,407.7799987792969,410.0
MSFT,0.085023,21.43,384.0878154938175,,0.9367995499849208,407.7799987792969,410.0
MSFT,0.085342,21.51,385.73348741575893,,0.9408133839408754,407.7799987792969,410.0
MSFT,0.085662,21.59,384.08781549381746,,0.9367995499849207,407.7799987792969,410.0
MSFT,0.085982,21.67,385.73348741575893,,0.9408133839408754,407.7799987792969,410.0
MSFT,0.086301,21.75,387.3862104233257,,0.944844415666648,407.7799987792969,410.0
MSFT,0.086621,21.83,385.733487415759,,0.9408133839408755,407.7799987792969,410.0
MSFT,0.086941,21.91,387.3862104233257,,0.944844415666648,407.7799987792969,410.0
MSFT,0.08726,21.99,385.73348741575893,,0.9408133839408754,407.7799987792969,410.0
MSFT,0.08758,22.07,387.3862104233257,,0.944844415666648,407.7799987792969,410.0
MSFT,0.0879,22.15,389.04601472776926,,0.9488927188482177,407.7799987792969,410.0
MSFT,0.088219,22.23,387.3862104233257,,0.944844415666648,407.7799987792969,410.0
MSFT,0.088539,22.31,389.04601472776926,,0.9488927188482177,407.7799987792969,410.0
MSFT,0.088858,22.39,387.38621042332574,,0.9448444156666481,407.7799987792969,410.0
MSFT,0.089178,22.47,389.04601472776926,,0.9488927188482177,407.7799987792969,410.0
MSFT,0.089498,22.55,390.71293066978524,,0.952958367487281,407.7799987792969,410.0
MSFT,0.089817,22.63,389.04601472776926,,0.9488927188482177,407.7799987792969,410.0
MSFT,0.090137,22.71,390.7129306697852,,0.9529583674872809,407.7799987792969,410.0
MSFT,0.090457,22.8,392.3869887200674,,0.9570414359026034,407.7799987792969,410.0
MSFT,0.090776,22.88,390.7129306697853,,0.9529583674872812,407.7799987792969,410.0
MSFT,0.091096,22.96,392.38698872006745,,0.9570414359026035,407.7799987792969,410.0
MSFT,0.091416,23.04,394.0682194798653,,0.9611419987313788,407.7799987792969,410.0
MSFT,0.091735,23.12,392.3869887200675,,0.9570414359026037,407.7799987792969,410.0
MSFT,0.092055,23.2,394.0682194798654,,0.961141998731379,407.7799987792969,410.0
MSFT,0.092374,23.28,395.7566536815432,,0.9652601309305932,407.7799987792969,410.0
MSFT,0.092694,23.36,394.0682194798654,,0.961141998731379,407.7799987792969,410.0
MSFT,0.093014,23.44,395.7566536815432,,0.9652601309305932,407.7799987792969,410.0
MSFT,0.093333,23.52,397.4523221891418,,0.9693959077783946,407.7799987792969,410.0
MSFT,0.093653,23.6,395.7566536815432,,0.9652601309305932,407.7799987792969,410.0
MSFT,0.093973,23.68,397.45232218914185,,0.9693959077783948,407.7799987792969,410.0
MSFT,0.094292,23.76,399.15525599894295,,0.9735494048754706,407.7799987792969,410.0
MSFT,0.094612,23.84,400.86548624003586,,0.9777206981464289,407.7799987792969,410.0
MSFT,0.094932,23.92,402.58304417488586,,0.9819098638411851,407.7799987792969,410.0
MSFT,0.095251,24.0,404.3079611999067,,0.9861169785363578,407.7799987792969,410.0
MSFT,0.095571,24.08,406.0402688460335,,0.990342119136667,407.7799987792969,410.0
MSFT,0.09589,24.16,407.7799987792999,411.28185285035187,0.9945853628763411,407.7799987792969,410.0
NVDA,0.0,0.0,,,,199.57000732421875,200.0
NVDA,0.00032,0.08,,,,199.57000732421875,200.0
NVDA,0.000639,0.16,,,,199.57000732421875,200.0
NVDA,0.000959,0.24,,,,199.57000732421875,200.0
NVDA,0.001279,0.32,,,,199.57000732421875,200.0
NVDA,0.001598,0.4,,,,199.57000732421875,200.0
NVDA,0.001918,0.48,,,,199.57000732421875,200.0
NVDA,0.002237,0.56,,,,199.57000732421875,200.0
NVDA,0.002557,0.64,,,,199.57000732421875,200.0
NVDA,0.002877,0.72,,,,199.57000732421875,200.0
NVDA,0.003196,0.81,,,,199.57000732421875,200.0
NVDA,0.003516,0.89,,,,199.57000732421875,200.0
NVDA,0.003836,0.97,,,,199.57000732421875,200.0
NVDA,0.004155,1.05,,,,199.57000732421875,200.0
NVDA,0.004475,1.13,,,,199.57000732421875,200.0
NVDA,0.004795,1.21,,,,199.57000732421875,200.0
NVDA,0.005114,1.29,,,,199.57000732421875,200.0
NVDA,0.005434,1.37,,,,199.57000732421875,200.0
NVDA,0.005753,1.45,,,,199.57000732421875,200.0
NVDA,0.006073,1.53,,,,199.57000732421875,200.0
NVDA,0.006393,1.61,,,,199.57000732421875,200.0
NVDA,0.006712,1.69,,,,199.57000732421875,200.0
NVDA,0.007032,1.77,,,,199.57000732421875,200.0
NVDA,0.007352,1.85,,,,199.57000732421875,200.0
NVDA,0.007671,1.93,,,,199.57000732421875,200.0
NVDA,0.007991,2.01,,,,199.57000732421875,200.0
NVDA,0.008311,2.09,,,,199.57000732421875,200.0
NVDA,0.00863,2.17,,,,199.57000732421875,200.0
NVDA,0.00895,2.26,,,,199.57000732421875,200.0
NVDA,0.009269,2.34,,,,199.57000732421875,200.0
NVDA,0.009589,2.42,,,,199.57000732421875,200.0
NVDA,0.009909,2.5,,,,199.57000732421875,200.0
NVDA,0.010228,2.58,,,,199.57000732421875,200.0
NVDA,0.010548,2.66,163.44779846508104,,0.8172389923254052,199.57000732421875,200.0
NVDA,0.010868,2.74,162.46181908406754,,0.8123090954203377,199.57000732421875,200.0
NVDA,0.011187,2.82,163.447798465081,,0.8172389923254051,199.57000732421875,200.0
NVDA,0.011507,2.9,162.46181908406754,,0.8123090954203377,199.57000732421875,200.0
NVDA,0.011826,2.98,163.44779846508104,,0.8172389923254052,199.57000732421875,200.0
NVDA,0.012146,3.06,162.46181908406754,,0.8123090954203377,199.57000732421875,200.0
NVDA,0.012466,3.14,163.447798465081,,0.8172389923254051,199.57000732421875,200.0
NVDA,0.012785,3.22,162.46181908406754,,0.8123090954203377,199.57000732421875,200.0
NVDA,0.013105,3.3,163.447798465081,,0.8172389923254051,199.57000732421875,200.0
NVDA,0.013425,3.38,162.4618190840675,,0.8123090954203376,199.57000732421875,200.0
NVDA,0.013744,3.46,163.44779846508098,,0.8172389923254049,199.57000732421875,200.0
NVDA,0.014064,3.54,164.43976174646727,,0.8221988087323363,199.57000732421875,200.0
NVDA,0.014384,3.62,163.44779846508098,,0.8172389923254049,199.57000732421875,200.0
NVDA,0.014703,3.71,164.4397617464673,,0.8221988087323365,199.57000732421875,200.0
NVDA,0.015023,3.79,163.447798465081,,0.8172389923254051,199.57000732421875,200.0
NVDA,0.015342,3.87,164.43976174646727,,0.8221988087323363,199.57000732421875,200.0
NVDA,0.015662,3.95,163.44779846508098,,0.8172389923254049,199.57000732421875,200.0
NVDA,0.015982,4.03,164.43976174646727,,0.8221988087323363,199.57000732421875,200.0
NVDA,0.016301,4.11,163.44779846508098,,0.8172389923254049,199.57000732421875,200.0
NVDA,0.016621,4.19,164.43976174646724,,0.8221988087323362,199.57000732421875,200.0
NVDA,0.016941,4.27,163.44779846508095,,0.8172389923254048,199.57000732421875,200.0
NVDA,0.01726,4.35,164.43976174646727,,0.8221988087323363,199.57000732421875,200.0
NVDA,0.01758,4.43,163.44779846508095,,0.8172389923254048,199.57000732421875,200.0
NVDA,0.0179,4.51,164.43976174646724,,0.8221988087323362,199.57000732421875,200.0
NVDA,0.018219,4.59,163.44779846508095,,0.8172389923254048,199.57000732421875,200.0
NVDA,0.018539,4.67,164.43976174646724,,0.8221988087323362,199.57000732421875,200.0
NVDA,0.018858,4.75,163.44779846508092,,0.8172389923254046,199.57000732421875,200.0
NVDA,0.019178,4.83,164.4397617464672,,0.8221988087323361,199.57000732421875,200.0
NVDA,0.019498,4.91,163.44779846508092,,0.8172389923254046,199.57000732421875,200.0
NVDA,0.019817,4.99,164.4397617464672,,0.8221988087323361,199.57000732421875,200.0
NVDA,0.020137,5.07,163.44779846508092,,0.8172389923254046,199.57000732421875,200.0
NVDA,0.020457,5.16,164.4397617464672,,0.8221988087323361,199.57000732421875,200.0
NVDA,0.020776,5.24,165.43774524446616,,0.8271887262223308,199.57000732421875,200.0
NVDA,0.021096,5.32,164.4397617464672,,0.8221988087323361,199.57000732421875,200.0
NVDA,0.021416,5.4,165.43774524446616,,0.8271887262223308,199.57000732421875,200.0
NVDA,0.021735,5.48,164.4397617464672,,0.8221988087323361,199.57000732421875,200.0
NVDA,0.022055,5.56,165.43774524446613,,0.8271887262223306,199.57000732421875,200.0
NVDA,0.022374,5.64,164.43976174646718,,0.822198808732336,199.57000732421875,200.0
NVDA,0.022694,5.72,165.4377452444661,,0.8271887262223305,199.57000732421875,200.0
NVDA,0.023014,5.8,164.43976174646718,,0.822198808732336,199.57000732421875,200.0
NVDA,0.023333,5.88,165.4377452444661,,0.8271887262223305,199.57000732421875,200.0
NVDA,0.023653,5.96,164.43976174646716,,0.8221988087323358,199.57000732421875,200.0
NVDA,0.023973,6.04,165.4377452444661,,0.8271887262223305,199.57000732421875,200.0
NVDA,0.024292,6.12,164.43976174646716,,0.8221988087323358,199.57000732421875,200.0
NVDA,0.024612,6.2,165.43774524446607,,0.8271887262223303,199.57000732421875,200.0
NVDA,0.024932,6.28,164.43976174646713,,0.8221988087323356,199.57000732421875,200.0
NVDA,0.025251,6.36,165.43774524446607,,0.8271887262223303,199.57000732421875,200.0
NVDA,0.025571,6.44,164.43976174646716,,0.8221988087323358,199.57000732421875,200.0
NVDA,0.02589,6.52,165.43774524446607,,0.8271887262223303,199.57000732421875,200.0
NVDA,0.02621,6.6,166.44178549572044,,0.8322089274786022,199.57000732421875,200.0
NVDA,0.02653,6.69,165.43774524446607,,0.8271887262223303,199.57000732421875,200.0
NVDA,0.026849,6.77,166.4417854957204,,0.8322089274786021,199.57000732421875,200.0
NVDA,0.027169,6.85,165.43774524446607,,0.8271887262223303,199.57000732421875,200.0
NVDA,0.027489,6.93,166.4417854957204,,0.8322089274786021,199.57000732421875,200.0
NVDA,0.027808,7.01,165.43774524446604,,0.8271887262223302,199.57000732421875,200.0
NVDA,0.028128,7.09,166.44178549572038,,0.8322089274786019,199.57000732421875,200.0
NVDA,0.028447,7.17,165.43774524446604,,0.8271887262223302,199.57000732421875,200.0
NVDA,0.028767,7.25,166.4417854957204,,0.8322089274786021,199.57000732421875,200.0
NVDA,0.029087,7.33,165.43774524446604,,0.8271887262223302,199.57000732421875,200.0
NVDA,0.029406,7.41,166.4417854957204,,0.8322089274786021,199.57000732421875,200.0
NVDA,0.029726,7.49,165.43774524446604,,0.8271887262223302,199.57000732421875,200.0
NVDA,0.030046,7.57,166.44178549572035,,0.8322089274786018,199.57000732421875,200.0
NVDA,0.030365,7.65,165.43774524446602,,0.8271887262223301,199.57000732421875,200.0
NVDA,0.030685,7.73,166.44178549572035,,0.8322089274786018,199.57000732421875,200.0
NVDA,0.031005,7.81,165.437745244466,,0.82718872622233,199.57000732421875,200.0
NVDA,0.031324,7.89,166.44178549572032,,0.8322089274786016,199.57000732421875,200.0
NVDA,0.031644,7.97,165.437745244466,,0.82718872622233,199.57000732421875,200.0
NVDA,0.031963,8.05,166.44178549572035,,0.8322089274786018,199.57000732421875,200.0
NVDA,0.032283,8.14,167.45191925861346,,0.8372595962930673,199.57000732421875,200.0
NVDA,0.032603,8.22,166.44178549572032,,0.8322089274786016,199.57000732421875,200.0
NVDA,0.032922,8.3,167.45191925861343,,0.8372595962930671,199.57000732421875,200.0
NVDA,0.033242,8.38,166.4417854957203,,0.8322089274786015,199.57000732421875,200.0
NVDA,0.033562,8.46,167.45191925861343,,0.8372595962930671,199.57000732421875,200.0
NVDA,0.033881,8.54,166.44178549572032,,0.8322089274786016,199.57000732421875,200.0
NVDA,0.034201,8.62,167.45191925861346,,0.8372595962930673,199.57000732421875,200.0
NVDA,0.034521,8.7,166.44178549572032,,0.8322089274786016,199.57000732421875,200.0
NVDA,0.03484,8.78,167.45191925861343,,0.8372595962930671,199.57000732421875,200.0
NVDA,0.03516,8.86,166.4417854957203,,0.8322089274786015,199.57000732421875,200.0
NVDA,0.035479,8.94,167.4519192586134,,0.837259596293067,199.57000732421875,200.0
NVDA,0.035799,9.02,166.4417854957203,,0.8322089274786015,199.57000732421875,200.0
NVDA,0.036119,9.1,167.4519192586134,,0.837259596293067,199.57000732421875,200.0
NVDA,0.036438,9.18,166.44178549572027,,0.8322089274786013,199.57000732421875,200.0
NVDA,0.036758,9.26,167.4519192586134,,0.837259596293067,199.57000732421875,200.0
NVDA,0.037078,9.34,168.46818351461494,,0.8423409175730747,199.57000732421875,200.0
NVDA,0.037397,9.42,167.45191925861337,,0.8372595962930669,199.57000732421875,200.0
NVDA,0.037717,9.5,168.46818351461494,,0.8423409175730747,199.57000732421875,200.0
NVDA,0.038037,9.59,167.4519192586134,,0.837259596293067,199.57000732421875,200.0
NVDA,0.038356,9.67,168.4681835146149,,0.8423409175730745,199.57000732421875,200.0
NVDA,0.038676,9.75,167.45191925861334,,0.8372595962930667,199.57000732421875,200.0
NVDA,0.038995,9.83,168.4681835146149,,0.8423409175730745,199.57000732421875,200.0
NVDA,0.039315,9.91,167.45191925861334,,0.8372595962930667,199.57000732421875,200.0
NVDA,0.039635,9.99,168.4681835146149,,0.8423409175730745,199.57000732421875,200.0
NVDA,0.039954,10.07,167.45191925861337,,0.8372595962930669,199.57000732421875,200.0
NVDA,0.040274,10.15,168.4681835146149,,0.8423409175730745,199.57000732421875,200.0
NVDA,0.040594,10.23,167.45191925861334,,0.8372595962930667,199.57000732421875,200.0
NVDA,0.040913,10.31,168.46818351461488,,0.8423409175730744,199.57000732421875,200.0
NVDA,0.041233,10.39,167.45191925861332,,0.8372595962930666,199.57000732421875,200.0
NVDA,0.041553,10.47,168.4681835146149,,0.8423409175730745,199.57000732421875,200.0
NVDA,0.041872,10.55,167.45191925861334,,0.8372595962930667,199.57000732421875,200.0
NVDA,0.042192,10.63,168.46818351461488,,0.8423409175730744,199.57000732421875,200.0
NVDA,0.042511,10.71,169.49061546963472,,0.8474530773481735,199.57000732421875,200.0
NVDA,0.042831,10.79,168.46818351461485,,0.8423409175730743,199.57000732421875,200.0
NVDA,0.043151,10.87,169.49061546963472,,0.8474530773481735,199.57000732421875,200.0
NVDA,0.04347,10.95,168.46818351461485,,0.8423409175730743,199.57000732421875,200.0
NVDA,0.04379,11.04,169.49061546963472,,0.8474530773481735,199.57000732421875,200.0
NVDA,0.04411,11.12,168.46818351461485,,0.8423409175730743,199.57000732421875,200.0
NVDA,0.044429,11.2,169.4906154696347,,0.8474530773481734,199.57000732421875,200.0
NVDA,0.044749,11.28,168.46818351461482,,0.842340917573074,199.57000732421875,200.0
NVDA,0.045068,11.36,169.4906154696347,,0.8474530773481734,199.57000732421875,200.0
NVDA,0.045388,11.44,168.46818351461485,,0.8423409175730743,199.57000732421875,200.0
NVDA,0.045708,11.52,169.49061546963472,,0.8474530773481735,199.57000732421875,200.0
NVDA,0.046027,11.6,168.46818351461482,,0.842340917573074,199.57000732421875,200.0
NVDA,0.046347,11.68,169.4906154696347,,0.8474530773481734,199.57000732421875,200.0
NVDA,0.046667,11.76,170.5192525553851,,0.8525962627769255,199.57000732421875,200.0
NVDA,0.046986,11.84,169.4906154696347,,0.8474530773481734,199.57000732421875,200.0
NVDA,0.047306,11.92,170.5192525553851,,0.8525962627769255,199.57000732421875,200.0
NVDA,0.047626,12.0,169.49061546963466,,0.8474530773481733,199.57000732421875,200.0
NVDA,0.047945,12.08,170.5192525553851,,0.8525962627769255,199.57000732421875,200.0
NVDA,0.048265,12.16,169.4906154696347,,0.8474530773481734,199.57000732421875,200.0
NVDA,0.048584,12.24,170.51925255538507,,0.8525962627769254,199.57000732421875,200.0
NVDA,0.048904,12.32,169.49061546963466,,0.8474530773481733,199.57000732421875,200.0
NVDA,0.049224,12.4,170.51925255538507,,0.8525962627769254,199.57000732421875,200.0
NVDA,0.049543,12.48,169.49061546963463,,0.8474530773481732,199.57000732421875,200.0
NVDA,0.049863,12.57,170.51925255538504,,0.8525962627769252,199.57000732421875,200.0
NVDA,0.050183,12.65,169.49061546963463,,0.8474530773481732,199.57000732421875,200.0
NVDA,0.050502,12.73,170.51925255538507,,0.8525962627769254,199.57000732421875,200.0
NVDA,0.050822,12.81,169.4906154696346,,0.847453077348173,199.57000732421875,200.0
NVDA,0.051142,12.89,170.51925255538504,,0.8525962627769252,199.57000732421875,200.0
NVDA,0.051461,12.97,171.55413243075094,,0.8577706621537547,199.57000732421875,200.0
NVDA,0.051781,13.05,170.51925255538504,,0.8525962627769252,199.57000732421875,200.0
NVDA,0.0521,13.13,171.55413243075097,,0.8577706621537549,199.57000732421875,200.0
NVDA,0.05242,13.21,170.51925255538504,,0.8525962627769252,199.57000732421875,200.0
NVDA,0.05274,13.29,171.55413243075094,,0.8577706621537547,199.57000732421875,200.0
NVDA,0.053059,13.37,170.519252555385,,0.852596262776925,199.57000732421875,200.0
NVDA,0.053379,13.45,171.55413243075094,,0.8577706621537547,199.57000732421875,200.0
NVDA,0.053699,13.53,170.519252555385,,0.852596262776925,199.57000732421875,200.0
NVDA,0.054018,13.61,171.5541324307509,,0.8577706621537545,199.57000732421875,200.0
NVDA,0.054338,13.69,170.51925255538498,,0.8525962627769249,199.57000732421875,200.0
NVDA,0.054658,13.77,171.5541324307509,,0.8577706621537545,199.57000732421875,200.0
NVDA,0.054977,13.85,170.519252555385,,0.852596262776925,199.57000732421875,200.0
NVDA,0.055297,13.93,171.5541324307509,,0.8577706621537545,199.57000732421875,200.0
NVDA,0.055616,14.02,172.5952929831688,,0.862976464915844,199.57000732421875,200.0
NVDA,0.055936,14.1,171.5541324307509,,0.8577706621537545,199.57000732421875,200.0
NVDA,0.056256,14.18,172.59529298316875,,0.8629764649158438,199.57000732421875,200.0
NVDA,0.056575,14.26,171.5541324307509,,0.8577706621537545,199.57000732421875,200.0
NVDA,0.056895,14.34,172.59529298316878,,0.8629764649158439,199.57000732421875,200.0
NVDA,0.057215,14.42,171.55413243075088,,0.8577706621537544,199.57000732421875,200.0
NVDA,0.057534,14.5,172.59529298316872,,0.8629764649158436,199.57000732421875,200.0
NVDA,0.057854,14.58,171.55413243075085,,0.8577706621537543,199.57000732421875,200.0
NVDA,0.058174,14.66,172.59529298316872,,0.8629764649158436,199.57000732421875,200.0
NVDA,0.058493,14.74,171.55413243075088,,0.8577706621537544,199.57000732421875,200.0
NVDA,0.058813,14.82,172.59529298316872,,0.8629764649158436,199.57000732421875,200.0
NVDA,0.059132,14.9,171.55413243075085,,0.8577706621537543,199.57000732421875,200.0
NVDA,0.059452,14.98,172.59529298316872,,0.8629764649158436,199.57000732421875,200.0
NVDA,0.059772,15.06,173.64277233001343,,0.8682138616500672,199.57000732421875,200.0
NVDA,0.060091,15.14,172.59529298316866,,0.8629764649158433,199.57000732421875,200.0
NVDA,0.060411,15.22,173.6427723300134,,0.868213861650067,199.57000732421875,200.0
NVDA,0.060731,15.3,172.5952929831687,,0.8629764649158435,199.57000732421875,200.0
NVDA,0.06105,15.38,173.6427723300134,,0.868213861650067,199.57000732421875,200.0
NVDA,0.06137,15.47,172.59529298316866,,0.8629764649158433,199.57000732421875,200.0
NVDA,0.061689,15.55,173.6427723300134,,0.868213861650067,199.57000732421875,200.0
NVDA,0.062009,15.63,172.59529298316866,,0.8629764649158433,199.57000732421875,200.0
NVDA,0.062329,15.71,173.6427723300134,,0.868213861650067,199.57000732421875,200.0
NVDA,0.062648,15.79,172.59529298316866,,0.8629764649158433,199.57000732421875,200.0
NVDA,0.062968,15.87,173.64277233001337,,0.8682138616500669,199.57000732421875,200.0
NVDA,0.063288,15.95,174.69660881999394,,0.8734830440999697,199.57000732421875,200.0
NVDA,0.063607,16.03,173.64277233001337,,0.8682138616500669,199.57000732421875,200.0
NVDA,0.063927,16.11,174.69660881999394,,0.8734830440999697,199.57000732421875,200.0
NVDA,0.064247,16.19,173.64277233001337,,0.8682138616500669,199.57000732421875,200.0
NVDA,0.064566,16.27,174.69660881999394,,0.8734830440999697,199.57000732421875,200.0
NVDA,0.064886,16.35,173.64277233001334,,0.8682138616500668,199.57000732421875,200.0
NVDA,0.065205,16.43,174.6966088199939,,0.8734830440999696,199.57000732421875,200.0
NVDA,0.065525,16.51,173.64277233001337,,0.8682138616500669,199.57000732421875,200.0
NVDA,0.065845,16.59,174.69660881999394,,0.8734830440999697,199.57000732421875,200.0
NVDA,0.066164,16.67,173.64277233001334,,0.8682138616500668,199.57000732421875,200.0
NVDA,0.066484,16.75,174.69660881999394,,0.8734830440999697,199.57000732421875,200.0
NVDA,0.066804,16.83,175.75684103455728,,0.8787842051727864,199.57000732421875,200.0
NVDA,0.067123,16.92,174.6966088199939,,0.8734830440999696,199.57000732421875,200.0
NVDA,0.067443,17.0,175.75684103455728,,0.8787842051727864,199.57000732421875,200.0
NVDA,0.067763,17.08,174.6966088199939,,0.8734830440999696,199.57000732421875,200.0
NVDA,0.068082,17.16,175.75684103455728,,0.8787842051727864,199.57000732421875,200.0
NVDA,0.068402,17.24,174.6966088199939,,0.8734830440999696,199.57000732421875,200.0
NVDA,0.068721,17.32,175.75684103455725,,0.8787842051727863,199.57000732421875,200.0
NVDA,0.069041,17.4,174.69660881999386,,0.8734830440999692,199.57000732421875,200.0
NVDA,0.069361,17.48,175.75684103455723,,0.8787842051727861,199.57000732421875,200.0
NVDA,0.06968,17.56,176.82350778930083,,0.8841175389465041,199.57000732421875,200.0
NVDA,0.07,17.64,175.75684103455725,,0.8787842051727863,199.57000732421875,200.0
NVDA,0.07032,17.72,176.8235077893008,,0.884117538946504,199.57000732421875,200.0
NVDA,0.070639,17.8,175.7568410345572,,0.878784205172786,199.57000732421875,200.0
NVDA,0.070959,17.88,176.8235077893008,,0.884117538946504,199.57000732421875,200.0
NVDA,0.071279,17.96,175.75684103455723,,0.8787842051727861,199.57000732421875,200.0
NVDA,0.071598,18.04,176.82350778930078,,0.8841175389465039,199.57000732421875,200.0
NVDA,0.071918,18.12,175.7568410345572,,0.878784205172786,199.57000732421875,200.0
NVDA,0.072237,18.2,176.82350778930078,,0.8841175389465039,199.57000732421875,200.0
NVDA,0.072557,18.28,177.8966481353935,,0.8894832406769675,199.57000732421875,200.0
NVDA,0.072877,18.36,176.82350778930078,,0.8841175389465039,199.57000732421875,200.0
NVDA,0.073196,18.45,177.8966481353935,,0.8894832406769675,199.57000732421875,200.0
NVDA,0.073516,18.53,176.82350778930075,,0.8841175389465037,199.57000732421875,200.0
NVDA,0.073836,18.61,177.89664813539346,,0.8894832406769673,199.57000732421875,200.0
NVDA,0.074155,18.69,176.82350778930075,,0.8841175389465037,199.57000732421875,200.0
NVDA,0.074475,18.77,177.89664813539346,,0.8894832406769673,199.57000732421875,200.0
NVDA,0.074795,18.85,176.82350778930075,,0.8841175389465037,199.57000732421875,200.0
NVDA,0.075114,18.93,177.89664813539343,,0.8894832406769672,199.57000732421875,200.0
NVDA,0.075434,19.01,178.97630136100545,,0.8948815068050273,199.57000732421875,200.0
NVDA,0.075753,19.09,177.89664813539343,,0.8894832406769672,199.57000732421875,200.0
NVDA,0.076073,19.17,178.97630136100545,,0.8948815068050273,199.57000732421875,200.0
NVDA,0.076393,19.25,177.89664813539343,,0.8894832406769672,199.57000732421875,200.0
NVDA,0.076712,19.33,178.97630136100545,,0.8948815068050273,199.57000732421875,200.0
NVDA,0.077032,19.41,177.8966481353934,,0.889483240676967,199.57000732421875,200.0
NVDA,0.077352,19.49,178.97630136100545,,0.8948815068050273,199.57000732421875,200.0
NVDA,0.077671,19.57,180.06250699274645,,0.9003125349637322,199.57000732421875,200.0
NVDA,0.077991,19.65,178.97630136100543,,0.8948815068050271,199.57000732421875,200.0
NVDA,0.078311,19.73,180.06250699274645,,0.9003125349637322,199.57000732421875,200.0
NVDA,0.07863,19.81,178.9763013610054,,0.894881506805027,199.57000732421875,200.0
NVDA,0.07895,19.9,180.06250699274642,,0.9003125349637321,199.57000732421875,200.0
NVDA,0.079269,19.98,178.9763013610054,,0.894881506805027,199.57000732421875,200.0
NVDA,0.079589,20.06,180.06250699274645,,0.9003125349637322,199.57000732421875,200.0
NVDA,0.079909,20.14,178.9763013610054,,0.894881506805027,199.57000732421875,200.0
NVDA,0.080228,20.22,180.06250699274642,,0.9003125349637321,199.57000732421875,200.0
NVDA,0.080548,20.3,181.15530479711288,,0.9057765239855644,199.57000732421875,200.0
NVDA,0.080868,20.38,180.06250699274645,,0.9003125349637322,199.57000732421875,200.0
NVDA,0.081187,20.46,181.15530479711282,,0.9057765239855641,199.57000732421875,200.0
NVDA,0.081507,20.54,180.0625069927464,,0.900312534963732,199.57000732421875,200.0
NVDA,0.081826,20.62,181.15530479711282,,0.9057765239855641,199.57000732421875,200.0
NVDA,0.082146,20.7,182.25473478194354,,0.9112736739097177,199.57000732421875,200.0
NVDA,0.082466,20.78,181.15530479711282,,0.9057765239855641,199.57000732421875,200.0
NVDA,0.082785,20.86,182.25473478194354,,0.9112736739097177,199.57000732421875,200.0
NVDA,0.083105,20.94,181.15530479711285,,0.9057765239855642,199.57000732421875,200.0
NVDA,0.083425,21.02,182.25473478194357,,0.9112736739097178,199.57000732421875,200.0
NVDA,0.083744,21.1,181.15530479711285,,0.9057765239855642,199.57000732421875,200.0
NVDA,0.084064,21.18,182.25473478194354,,0.9112736739097177,199.57000732421875,200.0
NVDA,0.084384,21.26,183.36083719788468,,0.9168041859894234,199.57000732421875,200.0
NVDA,0.084703,21.35,182.2547347819435,,0.9112736739097176,199.57000732421875,200.0
NVDA,0.085023,21.43,183.36083719788468,,0.9168041859894234,199.57000732421875,200.0
NVDA,0.085342,21.51,182.25473478194354,,0.9112736739097177,199.57000732421875,200.0
NVDA,0.085662,21.59,183.36083719788465,,0.9168041859894233,199.57000732421875,200.0
NVDA,0.085982,21.67,184.47365253986314,,0.9223682626993157,199.57000732421875,200.0
NVDA,0.086301,21.75,183.36083719788462,,0.9168041859894231,199.57000732421875,200.0
NVDA,0.086621,21.83,184.47365253986314,,0.9223682626993157,199.57000732421875,200.0
NVDA,0.086941,21.91,183.36083719788462,,0.9168041859894231,199.57000732421875,200.0
NVDA,0.08726,21.99,184.4736525398631,,0.9223682626993156,199.57000732421875,200.0
NVDA,0.08758,22.07,185.5932215485693,,0.9279661077428465,199.57000732421875,200.0
NVDA,0.0879,22.15,184.4736525398631,,0.9223682626993156,199.57000732421875,200.0
NVDA,0.088219,22.23,185.5932215485693,,0.9279661077428465,199.57000732421875,200.0
NVDA,0.088539,22.31,184.4736525398631,,0.9223682626993156,199.57000732421875,200.0
NVDA,0.088858,22.39,185.5932215485693,,0.9279661077428465,199.57000732421875,200.0
NVDA,0.089178,22.47,186.71958521194836,,0.9335979260597418,199.57000732421875,200.0
NVDA,0.089498,22.55,185.5932215485693,,0.9279661077428465,199.57000732421875,200.0
NVDA,0.089817,22.63,186.71958521194833,,0.9335979260597417,199.57000732421875,200.0
NVDA,0.090137,22.71,187.852784766701,,0.939263923833505,199.57000732421875,200.0
NVDA,0.090457,22.8,186.71958521194836,,0.9335979260597418,199.57000732421875,200.0
NVDA,0.090776,22.88,187.852784766701,,0.939263923833505,199.57000732421875,200.0
NVDA,0.091096,22.96,186.71958521194833,,0.9335979260597417,199.57000732421875,200.0
NVDA,0.091416,23.04,187.85278476670098,,0.9392639238335049,199.57000732421875,200.0
NVDA,0.091735,23.12,188.9928616997931,,0.9449643084989655,199.57000732421875,200.0
NVDA,0.092055,23.2,187.85278476670098,,0.9392639238335049,199.57000732421875,200.0
NVDA,0.092374,23.28,188.9928616997931,,0.9449643084989655,199.57000732421875,200.0
NVDA,0.092694,23.36,190.1398577499746,,0.950699288749873,199.57000732421875,200.0
NVDA,0.093014,23.44,191.29381490930754,,0.9564690745465377,199.57000732421875,200.0
NVDA,0.093333,23.52,190.1398577499746,,0.950699288749873,199.57000732421875,200.0
NVDA,0.093653,23.6,191.29381490930754,,0.9564690745465377,199.57000732421875,200.0
NVDA,0.093973,23.68,192.4547754247034,,0.962273877123517,199.57000732421875,200.0
NVDA,0.094292,23.76,193.6227817994698,,0.9681139089973491,199.57000732421875,200.0
NVDA,0.094612,23.84,194.79787679486662,,0.9739893839743331,199.57000732421875,200.0
NVDA,0.094932,23.92,195.9801034316714,,0.979900517158357,199.57000732421875,200.0
NVDA,0.095251,24.0,197.16950499175448,,0.9858475249587724,199.57000732421875,200.0
NVDA,0.095571,24.08,198.36612501966334,,0.9918306250983168,199.57000732421875,200.0
NVDA,0.09589,24.16,199.57000732421716,201.9997353295262,0.9978500366210858,199.57000732421875,200.0
TSLA,0.0,0.0,,,,381.6300048828125,380.0
TSLA,0.00032,0.08,,,,381.6300048828125,380.0
TSLA,0.000639,0.16,,,,381.6300048828125,380.0
TSLA,0.000959,0.24,,,,381.6300048828125,380.0
TSLA,0.001279,0.32,,,,381.6300048828125,380.0
TSLA,0.001598,0.4,,,,381.6300048828125,380.0
TSLA,0.001918,0.48,,,,381.6300048828125,380.0
TSLA,0.002237,0.56,,,,381.6300048828125,380.0
TSLA,0.002557,0.64,,,,381.6300048828125,380.0
TSLA,0.002877,0.72,,,,381.6300048828125,380.0
TSLA,0.003196,0.81,,,,381.6300048828125,380.0
TSLA,0.003516,0.89,,,,381.6300048828125,380.0
TSLA,0.003836,0.97,,,,381.6300048828125,380.0
TSLA,0.004155,1.05,,,,381.6300048828125,380.0
TSLA,0.004475,1.13,,,,381.6300048828125,380.0
TSLA,0.004795,1.21,,,,381.6300048828125,380.0
TSLA,0.005114,1.29,,,,381.6300048828125,380.0
TSLA,0.005434,1.37,,,,381.6300048828125,380.0
TSLA,0.005753,1.45,,,,381.6300048828125,380.0
TSLA,0.006073,1.53,,,,381.6300048828125,380.0
TSLA,0.006393,1.61,,,,381.6300048828125,380.0
TSLA,0.006712,1.69,,,,381.6300048828125,380.0
TSLA,0.007032,1.77,,,,381.6300048828125,380.0
TSLA,0.007352,1.85,,,,381.6300048828125,380.0
TSLA,0.007671,1.93,,,,381.6300048828125,380.0
TSLA,0.007991,2.01,,,,381.6300048828125,380.0
TSLA,0.008311,2.09,,,,381.6300048828125,380.0
TSLA,0.00863,2.17,,,,381.6300048828125,380.0
TSLA,0.00895,2.26,,,,381.6300048828125,380.0
TSLA,0.009269,2.34,,,,381.6300048828125,380.0
TSLA,0.009589,2.42,,,,381.6300048828125,380.0
TSLA,0.009909,2.5,,,,381.6300048828125,380.0
TSLA,0.010228,2.58,,,,381.6300048828125,380.0
TSLA,0.010548,2.66,,,,381.6300048828125,380.0
TSLA,0.010868,2.74,,,,381.6300048828125,380.0
TSLA,0.011187,2.82,,,,381.6300048828125,380.0
TSLA,0.011507,2.9,281.12956991114055,,0.7398146576608962,381.6300048828125,380.0
TSLA,0.011826,2.98,278.752914923054,,0.7335603024290894,381.6300048828125,380.0
TSLA,0.012146,3.06,281.12956991114055,,0.7398146576608962,381.6300048828125,380.0
TSLA,0.012466,3.14,278.752914923054,,0.7335603024290894,381.6300048828125,380.0
TSLA,0.012785,3.22,281.12956991114055,,0.7398146576608962,381.6300048828125,380.0
TSLA,0.013105,3.3,283.5264883247556,,0.7461223376967252,381.6300048828125,380.0
TSLA,0.013425,3.38,281.12956991114055,,0.7398146576608962,381.6300048828125,380.0
TSLA,0.013744,3.46,283.5264883247557,,0.7461223376967255,381.6300048828125,380.0
TSLA,0.014064,3.54,281.1295699111406,,0.7398146576608964,381.6300048828125,380.0
TSLA,0.014384,3.62,283.52648832475563,,0.7461223376967253,381.6300048828125,380.0
TSLA,0.014703,3.71,281.12956991114055,,0.7398146576608962,381.6300048828125,380.0
TSLA,0.015023,3.79,283.52648832475563,,0.7461223376967253,381.6300048828125,380.0
TSLA,0.015342,3.87,281.12956991114055,,0.7398146576608962,381.6300048828125,380.0
TSLA,0.015662,3.95,283.5264883247556,,0.7461223376967252,381.6300048828125,380.0
TSLA,0.015982,4.03,281.12956991114055,,0.7398146576608962,381.6300048828125,380.0
TSLA,0.016301,4.11,283.52648832475563,,0.7461223376967253,381.6300048828125,380.0
TSLA,0.016621,4.19,281.12956991114055,,0.7398146576608962,381.6300048828125,380.0
TSLA,0.016941,4.27,283.52648832475563,,0.7461223376967253,381.6300048828125,380.0
TSLA,0.01726,4.35,281.12956991114055,,0.7398146576608962,381.6300048828125,380.0
TSLA,0.01758,4.43,283.52648832475563,,0.7461223376967253,381.6300048828125,380.0
TSLA,0.0179,4.51,281.12956991114055,,0.7398146576608962,381.6300048828125,380.0
TSLA,0.018219,4.59,283.5264883247556,,0.7461223376967252,381.6300048828125,380.0
TSLA,0.018539,4.67,281.12956991114055,,0.7398146576608962,381.6300048828125,380.0
TSLA,0.018858,4.75,283.52648832475563,,0.7461223376967253,381.6300048828125,380.0
TSLA,0.019178,4.83,285.9438429304203,,0.7524837971853167,381.6300048828125,380.0
TSLA,0.019498,4.91,283.52648832475563,,0.7461223376967253,381.6300048828125,380.0
TSLA,0.019817,4.99,285.9438429304203,,0.7524837971853167,381.6300048828125,380.0
TSLA,0.020137,5.07,283.52648832475563,,0.7461223376967253,381.6300048828125,380.0
TSLA,0.020457,5.16,285.94384293042026,,0.7524837971853164,381.6300048828125,380.0
TSLA,0.020776,5.24,283.5264883247556,,0.7461223376967252,381.6300048828125,380.0
TSLA,0.021096,5.32,285.9438429304203,,0.7524837971853167,381.6300048828125,380.0
TSLA,0.021416,5.4,283.52648832475563,,0.7461223376967253,381.6300048828125,380.0
TSLA,0.021735,5.48,285.94384293042026,,0.7524837971853164,381.6300048828125,380.0
TSLA,0.022055,5.56,283.5264883247556,,0.7461223376967252,381.6300048828125,380.0
TSLA,0.022374,5.64,285.94384293042026,,0.7524837971853164,381.6300048828125,380.0
TSLA,0.022694,5.72,283.52648832475563,,0.7461223376967253,381.6300048828125,380.0
TSLA,0.023014,5.8,285.9438429304203,,0.7524837971853167,381.6300048828125,380.0
TSLA,0.023333,5.88,283.52648832475563,,0.7461223376967253,381.6300048828125,380.0
TSLA,0.023653,5.96,285.94384293042026,,0.7524837971853164,381.6300048828125,380.0
TSLA,0.023973,6.04,283.52648832475563,,0.7461223376967253,381.6300048828125,380.0
TSLA,0.024292,6.12,285.9438429304203,,0.7524837971853167,381.6300048828125,380.0
TSLA,0.024612,6.2,288.3818079676678,,0.7588994946517573,381.6300048828125,380.0
TSLA,0.024932,6.28,285.9438429304203,,0.7524837971853167,381.6300048828125,380.0
TSLA,0.025251,6.36,288.3818079676677,,0.7588994946517572,381.6300048828125,380.0
TSLA,0.025571,6.44,285.9438429304203,,0.7524837971853167,381.6300048828125,380.0
TSLA,0.02589,6.52,288.3818079676677,,0.7588994946517572,381.6300048828125,380.0
TSLA,0.02621,6.6,285.94384293042026,,0.7524837971853164,381.6300048828125,380.0
TSLA,0.02653,6.69,288.3818079676677,,0.7588994946517572,381.6300048828125,380.0
TSLA,0.026849,6.77,285.94384293042026,,0.7524837971853164,381.6300048828125,380.0
TSLA,0.027169,6.85,288.3818079676677,,0.7588994946517572,381.6300048828125,380.0
TSLA,0.027489,6.93,285.9438429304203,,0.7524837971853167,381.6300048828125,380.0
TSLA,0.027808,7.01,288.3818079676678,,0.7588994946517573,381.6300048828125,380.0
TSLA,0.028128,7.09,285.94384293042026,,0.7524837971853164,381.6300048828125,380.0
TSLA,0.028447,7.17,288.3818079676677,,0.7588994946517572,381.6300048828125,380.0
TSLA,0.028767,7.25,285.94384293042026,,0.7524837971853164,381.6300048828125,380.0
TSLA,0.029087,7.33,288.3818079676677,,0.7588994946517572,381.6300048828125,380.0
TSLA,0.029406,7.41,285.94384293042026,,0.7524837971853164,381.6300048828125,380.0
TSLA,0.029726,7.49,288.3818079676677,,0.7588994946517572,381.6300048828125,380.0
TSLA,0.030046,7.57,290.84055916160224,,0.7653698925305322,381.6300048828125,380.0
TSLA,0.030365,7.65,288.3818079676677,,0.7588994946517572,381.6300048828125,380.0
TSLA,0.030685,7.73,290.8405591616022,,0.7653698925305321,381.6300048828125,380.0
TSLA,0.031005,7.81,288.3818079676677,,0.7588994946517572,381.6300048828125,380.0
TSLA,0.031324,7.89,290.84055916160224,,0.7653698925305322,381.6300048828125,380.0
TSLA,0.031644,7.97,288.3818079676678,,0.7588994946517573,381.6300048828125,380.0
TSLA,0.031963,8.05,290.8405591616023,,0.7653698925305323,381.6300048828125,380.0
TSLA,0.032283,8.14,288.3818079676678,,0.7588994946517573,381.6300048828125,380.0
TSLA,0.032603,8.22,290.84055916160224,,0.7653698925305322,381.6300048828125,380.0
TSLA,0.032922,8.3,288.3818079676678,,0.7588994946517573,381.6300048828125,380.0
TSLA,0.033242,8.38,290.84055916160224,,0.7653698925305322,381.6300048828125,380.0
TSLA,0.033562,8.46,288.3818079676677,,0.7588994946517572,381.6300048828125,380.0
TSLA,0.033881,8.54,290.84055916160224,,0.7653698925305322,381.6300048828125,380.0
TSLA,0.034201,8.62,288.3818079676677,,0.7588994946517572,381.6300048828125,380.0
TSLA,0.034521,8.7,290.84055916160224,,0.7653698925305322,381.6300048828125,380.0
TSLA,0.03484,8.78,293.320273735565,,0.7718954571988553,381.6300048828125,380.0
TSLA,0.03516,8.86,290.8405591616023,,0.7653698925305323,381.6300048828125,380.0
TSLA,0.035479,8.94,293.3202737355651,,0.7718954571988554,381.6300048828125,380.0
TSLA,0.035799,9.02,290.84055916160224,,0.7653698925305322,381.6300048828125,380.0
TSLA,0.036119,9.1,293.320273735565,,0.7718954571988553,381.6300048828125,380.0
TSLA,0.036438,9.18,290.8405591616023,,0.7653698925305323,381.6300048828125,380.0
TSLA,0.036758,9.26,293.320273735565,,0.7718954571988553,381.6300048828125,380.0
TSLA,0.037078,9.34,290.84055916160224,,0.7653698925305322,381.6300048828125,380.0
TSLA,0.037397,9.42,293.320273735565,,0.7718954571988553,381.6300048828125,380.0
TSLA,0.037717,9.5,290.84055916160224,,0.7653698925305322,381.6300048828125,380.0
TSLA,0.038037,9.59,293.320273735565,,0.7718954571988553,381.6300048828125,380.0
TSLA,0.038356,9.67,290.8405591616022,,0.7653698925305321,381.6300048828125,380.0
TSLA,0.038676,9.75,293.320273735565,,0.7718954571988553,381.6300048828125,380.0
TSLA,0.038995,9.83,290.84055916160224,,0.7653698925305322,381.6300048828125,380.0
TSLA,0.039315,9.91,293.3202737355651,,0.7718954571988554,381.6300048828125,380.0
TSLA,0.039635,9.99,295.82113042390847,,0.7784766590102854,381.6300048828125,380.0
TSLA,0.039954,10.07,293.3202737355651,,0.7718954571988554,381.6300048828125,380.0
TSLA,0.040274,10.15,295.8211304239085,,0.7784766590102856,381.6300048828125,380.0
TSLA,0.040594,10.23,293.3202737355651,,0.7718954571988554,381.6300048828125,380.0
TSLA,0.040913,10.31,295.8211304239084,,0.7784766590102853,381.6300048828125,380.0
TSLA,0.041233,10.39,293.320273735565,,0.7718954571988553,381.6300048828125,380.0
TSLA,0.041553,10.47,295.82113042390847,,0.7784766590102854,381.6300048828125,380.0
TSLA,0.041872,10.55,293.3202737355651,,0.7718954571988554,381.6300048828125,380.0
TSLA,0.042192,10.63,295.82113042390847,,0.7784766590102854,381.6300048828125,380.0
TSLA,0.042511,10.71,293.320273735565,,0.7718954571988553,381.6300048828125,380.0
TSLA,0.042831,10.79,295.82113042390847,,0.7784766590102854,381.6300048828125,380.0
TSLA,0.043151,10.87,293.320273735565,,0.7718954571988553,381.6300048828125,380.0
TSLA,0.04347,10.95,295.82113042390847,,0.7784766590102854,381.6300048828125,380.0
TSLA,0.04379,11.04,293.320273735565,,0.7718954571988553,381.6300048828125,380.0
TSLA,0.04411,11.12,295.82113042390847,,0.7784766590102854,381.6300048828125,380.0
TSLA,0.044429,11.2,298.34330948487883,,0.7851139723286285,381.6300048828125,380.0
TSLA,0.044749,11.28,295.82113042390847,,0.7784766590102854,381.6300048828125,380.0
TSLA,0.045068,11.36,298.34330948487883,,0.7851139723286285,381.6300048828125,380.0
TSLA,0.045388,11.44,295.82113042390847,,0.7784766590102854,381.6300048828125,380.0
TSLA,0.045708,11.52,298.34330948487883,,0.7851139723286285,381.6300048828125,380.0
TSLA,0.046027,11.6,295.8211304239084,,0.7784766590102853,381.6300048828125,380.0
TSLA,0.046347,11.68,298.34330948487883,,0.7851139723286285,381.6300048828125,380.0
TSLA,0.046667,11.76,295.82113042390847,,0.7784766590102854,381.6300048828125,380.0
TSLA,0.046986,11.84,298.3433094848789,,0.7851139723286287,381.6300048828125,380.0
TSLA,0.047306,11.92,295.82113042390847,,0.7784766590102854,381.6300048828125,380.0
TSLA,0.047626,12.0,298.34330948487883,,0.7851139723286285,381.6300048828125,380.0
TSLA,0.047945,12.08,295.8211304239084,,0.7784766590102853,381.6300048828125,380.0
TSLA,0.048265,12.16,298.3433094848789,,0.7851139723286287,381.6300048828125,380.0
TSLA,0.048584,12.24,300.8869927136093,,0.7918078755621297,381.6300048828125,380.0
TSLA,0.048904,12.32,298.34330948487883,,0.7851139723286285,381.6300048828125,380.0
TSLA,0.049224,12.4,300.8869927136093,,0.7918078755621297,381.6300048828125,380.0
TSLA,0.049543,12.48,298.3433094848789,,0.7851139723286287,381.6300048828125,380.0
TSLA,0.049863,12.57,300.8869927136093,,0.7918078755621297,381.6300048828125,380.0
TSLA,0.050183,12.65,298.3433094848789,,0.7851139723286287,381.6300048828125,380.0
TSLA,0.050502,12.73,300.8869927136093,,0.7918078755621297,381.6300048828125,380.0
TSLA,0.050822,12.81,298.3433094848789,,0.7851139723286287,381.6300048828125,380.0
TSLA,0.051142,12.89,300.8869927136093,,0.7918078755621297,381.6300048828125,380.0
TSLA,0.051461,12.97,298.3433094848789,,0.7851139723286287,381.6300048828125,380.0
TSLA,0.051781,13.05,300.8869927136093,,0.7918078755621297,381.6300048828125,380.0
TSLA,0.0521,13.13,298.34330948487883,,0.7851139723286285,381.6300048828125,380.0
TSLA,0.05242,13.21,300.88699271360923,,0.7918078755621295,381.6300048828125,380.0
TSLA,0.05274,13.29,303.452363455223,,0.7985588511979553,381.6300048828125,380.0
TSLA,0.053059,13.37,300.88699271360923,,0.7918078755621295,381.6300048828125,380.0
TSLA,0.053379,13.45,303.45236345522306,,0.7985588511979554,381.6300048828125,380.0
TSLA,0.053699,13.53,300.88699271360923,,0.7918078755621295,381.6300048828125,380.0
TSLA,0.054018,13.61,303.45236345522306,,0.7985588511979554,381.6300048828125,380.0
TSLA,0.054338,13.69,300.8869927136093,,0.7918078755621297,381.6300048828125,380.0
TSLA,0.054658,13.77,303.45236345522306,,0.7985588511979554,381.6300048828125,380.0
TSLA,0.054977,13.85,300.8869927136093,,0.7918078755621297,381.6300048828125,380.0
TSLA,0.055297,13.93,303.45236345522306,,0.7985588511979554,381.6300048828125,380.0
TSLA,0.055616,14.02,300.8869927136093,,0.7918078755621297,381.6300048828125,380.0
TSLA,0.055936,14.1,303.45236345522306,,0.7985588511979554,381.6300048828125,380.0
TSLA,0.056256,14.18,306.03960661804916,,0.8053673858369714,381.6300048828125,380.0
TSLA,0.056575,14.26,303.45236345522306,,0.7985588511979554,381.6300048828125,380.0
TSLA,0.056895,14.34,306.03960661804916,,0.8053673858369714,381.6300048828125,380.0
TSLA,0.057215,14.42,303.45236345522306,,0.7985588511979554,381.6300048828125,380.0
TSLA,0.057534,14.5,306.03960661804916,,0.8053673858369714,381.6300048828125,380.0
TSLA,0.057854,14.58,303.45236345522306,,0.7985588511979554,381.6300048828125,380.0
TSLA,0.058174,14.66,306.0396066180491,,0.8053673858369713,381.6300048828125,380.0
TSLA,0.058493,14.74,303.452363455223,,0.7985588511979553,381.6300048828125,380.0
TSLA,0.058813,14.82,306.0396066180491,,0.8053673858369713,381.6300048828125,380.0
TSLA,0.059132,14.9,303.452363455223,,0.7985588511979553,381.6300048828125,380.0
TSLA,0.059452,14.98,306.03960661804916,,0.8053673858369714,381.6300048828125,380.0
TSLA,0.059772,15.06,308.6489086869499,,0.8122339702288155,381.6300048828125,380.0
TSLA,0.060091,15.14,306.03960661804916,,0.8053673858369714,381.6300048828125,380.0
TSLA,0.060411,15.22,308.6489086869499,,0.8122339702288155,381.6300048828125,380.0
TSLA,0.060731,15.3,306.03960661804916,,0.8053673858369714,381.6300048828125,380.0
TSLA,0.06105,15.38,308.6489086869499,,0.8122339702288155,381.6300048828125,380.0
TSLA,0.06137,15.47,306.0396066180491,,0.8053673858369713,381.6300048828125,380.0
TSLA,0.061689,15.55,308.6489086869499,,0.8122339702288155,381.6300048828125,380.0
TSLA,0.062009,15.63,306.0396066180491,,0.8053673858369713,381.6300048828125,380.0
TSLA,0.062329,15.71,308.6489086869499,,0.8122339702288155,381.6300048828125,380.0
TSLA,0.062648,15.79,306.03960661804916,,0.8053673858369714,381.6300048828125,380.0
TSLA,0.062968,15.87,308.6489086869499,,0.8122339702288155,381.6300048828125,380.0
TSLA,0.063288,15.95,311.28045773676274,,0.8191590993072704,381.6300048828125,380.0
TSLA,0.063607,16.03,308.6489086869499,,0.8122339702288155,381.6300048828125,380.0
TSLA,0.063927,16.11,311.2804577367627,,0.8191590993072703,381.6300048828125,380.0
TSLA,0.064247,16.19,308.6489086869499,,0.8122339702288155,381.6300048828125,380.0
TSLA,0.064566,16.27,311.2804577367626,,0.81915909930727,381.6300048828125,380.0
TSLA,0.064886,16.35,308.6489086869499,,0.8122339702288155,381.6300048828125,380.0
TSLA,0.065205,16.43,311.2804577367627,,0.8191590993072703,381.6300048828125,380.0
TSLA,0.065525,16.51,308.6489086869499,,0.8122339702288155,381.6300048828125,380.0
TSLA,0.065845,16.59,311.2804577367627,,0.8191590993072703,381.6300048828125,380.0
TSLA,0.066164,16.67,308.6489086869499,,0.8122339702288155,381.6300048828125,380.0
TSLA,0.066484,16.75,311.2804577367627,,0.8191590993072703,381.6300048828125,380.0
TSLA,0.066804,16.83,313.93444344585623,,0.8261432722259374,381.6300048828125,380.0
TSLA,0.067123,16.92,311.2804577367627,,0.8191590993072703,381.6300048828125,380.0
TSLA,0.067443,17.0,313.9344434458562,,0.8261432722259373,381.6300048828125,380.0
TSLA,0.067763,17.08,311.2804577367627,,0.8191590993072703,381.6300048828125,380.0
TSLA,0.068082,17.16,313.9344434458562,,0.8261432722259373,381.6300048828125,380.0
TSLA,0.068402,17.24,311.2804577367626,,0.81915909930727,381.6300048828125,380.0
TSLA,0.068721,17.32,313.9344434458562,,0.8261432722259373,381.6300048828125,380.0
TSLA,0.069041,17.4,311.2804577367627,,0.8191590993072703,381.6300048828125,380.0
TSLA,0.069361,17.48,313.9344434458562,,0.8261432722259373,381.6300048828125,380.0
TSLA,0.06968,17.56,316.611057109802,,0.8331869923942158,381.6300048828125,380.0
TSLA,0.07,17.64,313.9344434458562,,0.8261432722259373,381.6300048828125,380.0
TSLA,0.07032,17.72,316.61105710980206,,0.8331869923942159,381.6300048828125,380.0
TSLA,0.070639,17.8,313.93444344585623,,0.8261432722259374,381.6300048828125,380.0
TSLA,0.070959,17.88,316.61105710980206,,0.8331869923942159,381.6300048828125,380.0
TSLA,0.071279,17.96,313.93444344585623,,0.8261432722259374,381.6300048828125,380.0
TSLA,0.071598,18.04,316.611057109802,,0.8331869923942158,381.6300048828125,380.0
TSLA,0.071918,18.12,313.93444344585623,,0.8261432722259374,381.6300048828125,380.0
TSLA,0.072237,18.2,316.611057109802,,0.8331869923942158,381.6300048828125,380.0
TSLA,0.072557,18.28,319.31049165516305,,0.840290767513587,381.6300048828125,380.0
TSLA,0.072877,18.36,316.611057109802,,0.8331869923942158,381.6300048828125,380.0
TSLA,0.073196,18.45,319.310491655163,,0.8402907675135868,381.6300048828125,380.0
TSLA,0.073516,18.53,316.611057109802,,0.8331869923942158,381.6300048828125,380.0
TSLA,0.073836,18.61,319.31049165516305,,0.840290767513587,381.6300048828125,380.0
TSLA,0.074155,18.69,316.61105710980206,,0.8331869923942159,381.6300048828125,380.0
TSLA,0.074475,18.77,319.31049165516305,,0.840290767513587,381.6300048828125,380.0
TSLA,0.074795,18.85,322.0329416533993,,0.8474551096142087,381.6300048828125,380.0
TSLA,0.075114,18.93,319.31049165516305,,0.840290767513587,381.6300048828125,380.0
TSLA,0.075434,19.01,322.0329416533993,,0.8474551096142087,381.6300048828125,380.0
TSLA,0.075753,19.09,319.31049165516305,,0.840290767513587,381.6300048828125,380.0
TSLA,0.076073,19.17,322.03294165339923,,0.8474551096142086,381.6300048828125,380.0
TSLA,0.076393,19.25,319.31049165516305,,0.840290767513587,381.6300048828125,380.0
TSLA,0.076712,19.33,322.0329416533993,,0.8474551096142087,381.6300048828125,380.0
TSLA,0.077032,19.41,319.310491655163,,0.8402907675135868,381.6300048828125,380.0
TSLA,0.077352,19.49,322.0329416533993,,0.8474551096142087,381.6300048828125,380.0
TSLA,0.077671,19.57,324.7786033348924,,0.8546805350918222,381.6300048828125,380.0
TSLA,0.077991,19.65,322.0329416533993,,0.8474551096142087,381.6300048828125,380.0
TSLA,0.078311,19.73,324.7786033348924,,0.8546805350918222,381.6300048828125,380.0
TSLA,0.07863,19.81,322.0329416533993,,0.8474551096142087,381.6300048828125,380.0
TSLA,0.07895,19.9,324.7786033348924,,0.8546805350918222,381.6300048828125,380.0
TSLA,0.079269,19.98,322.0329416533993,,0.8474551096142087,381.6300048828125,380.0
TSLA,0.079589,20.06,324.77860333489247,,0.8546805350918223,381.6300048828125,380.0
TSLA,0.079909,20.14,327.54767460308966,,0.8619675647449728,381.6300048828125,380.0
TSLA,0.080228,20.22,324.7786033348924,,0.8546805350918222,381.6300048828125,380.0
TSLA,0.080548,20.3,327.54767460308966,,0.8619675647449728,381.6300048828125,380.0
TSLA,0.080868,20.38,324.77860333489235,,0.854680535091822,381.6300048828125,380.0
TSLA,0.081187,20.46,327.5476746030896,,0.8619675647449726,381.6300048828125,380.0
TSLA,0.081507,20.54,330.3403550487684,,0.8693167238125484,381.6300048828125,380.0
TSLA,0.081826,20.62,327.5476746030896,,0.8619675647449726,381.6300048828125,380.0
TSLA,0.082146,20.7,330.34035504876846,,0.8693167238125485,381.6300048828125,380.0
TSLA,0.082466,20.78,327.5476746030896,,0.8619675647449726,381.6300048828125,380.0
TSLA,0.082785,20.86,330.34035504876846,,0.8693167238125485,381.6300048828125,380.0
TSLA,0.083105,20.94,327.5476746030897,,0.8619675647449729,381.6300048828125,380.0
TSLA,0.083425,21.02,330.34035504876846,,0.8693167238125485,381.6300048828125,380.0
TSLA,0.083744,21.1,333.15684596442276,,0.8767285420116389,381.6300048828125,380.0
TSLA,0.084064,21.18,330.34035504876846,,0.8693167238125485,381.6300048828125,380.0
TSLA,0.084384,21.26,333.15684596442276,,0.8767285420116389,381.6300048828125,380.0
TSLA,0.084703,21.35,330.34035504876846,,0.8693167238125485,381.6300048828125,380.0
TSLA,0.085023,21.43,333.15684596442276,,0.8767285420116389,381.6300048828125,380.0
TSLA,0.085342,21.51,335.9973503587718,,0.8842035535757153,381.6300048828125,380.0
TSLA,0.085662,21.59,333.1568459644228,,0.876728542011639,381.6300048828125,380.0
TSLA,0.085982,21.67,335.99735035877177,,0.8842035535757152,381.6300048828125,380.0
TSLA,0.086301,21.75,333.15684596442276,,0.8767285420116389,381.6300048828125,380.0
TSLA,0.086621,21.83,335.99735035877177,,0.8842035535757152,381.6300048828125,380.0
TSLA,0.086941,21.91,338.8620729713926,,0.8917422972931384,381.6300048828125,380.0
TSLA,0.08726,21.99,335.99735035877177,,0.8842035535757152,381.6300048828125,380.0
TSLA,0.08758,22.07,338.8620729713927,,0.8917422972931387,381.6300048828125,380.0
TSLA,0.0879,22.15,335.9973503587719,,0.8842035535757155,381.6300048828125,380.0
TSLA,0.088219,22.23,338.86207297139265,,0.8917422972931386,381.6300048828125,380.0
TSLA,0.088539,22.31,341.7512202874777,,0.8993453165459939,381.6300048828125,380.0
TSLA,0.088858,22.39,338.8620729713926,,0.8917422972931384,381.6300048828125,380.0
TSLA,0.089178,22.47,341.7512202874776,,0.8993453165459937,381.6300048828125,380.0
TSLA,0.089498,22.55,344.6650005527175,,0.9070131593492566,381.6300048828125,380.0
TSLA,0.089817,22.63,341.7512202874776,,0.8993453165459937,381.6300048828125,380.0
TSLA,0.090137,22.71,344.6650005527175,,0.9070131593492566,381.6300048828125,380.0
TSLA,0.090457,22.8,341.7512202874776,,0.8993453165459937,381.6300048828125,380.0
TSLA,0.090776,22.88,344.6650005527176,,0.9070131593492567,381.6300048828125,380.0
TSLA,0.091096,22.96,347.6036237883117,,0.914746378390294,381.6300048828125,380.0
TSLA,0.091416,23.04,344.6650005527176,,0.9070131593492567,381.6300048828125,380.0
TSLA,0.091735,23.12,347.6036237883117,,0.914746378390294,381.6300048828125,380.0
TSLA,0.092055,23.2,350.5673018061057,,0.9225455310686993,381.6300048828125,380.0
TSLA,0.092374,23.28,347.6036237883117,,0.914746378390294,381.6300048828125,380.0
TSLA,0.092694,23.36,350.5673018061057,,0.9225455310686993,381.6300048828125,380.0
TSLA,0.093014,23.44,353.5562482238589,,0.9304111795364708,381.6300048828125,380.0
TSLA,0.093333,23.52,356.5706784806415,,0.9383438907385303,381.6300048828125,380.0
TSLA,0.093653,23.6,353.5562482238589,,0.9304111795364708,381.6300048828125,380.0
TSLA,0.093973,23.68,356.57067848064156,,0.9383438907385304,381.6300048828125,380.0
TSLA,0.094292,23.76,359.61080985236316,,0.9463442364535872,381.6300048828125,380.0
TSLA,0.094612,23.84,362.67686146743375,,0.954412793335352,381.6300048828125,380.0
TSLA,0.094932,23.92,365.7690543225582,,0.9625501429541005,381.6300048828125,380.0
TSLA,0.095251,24.0,368.887611298665,,0.970756871838592,381.6300048828125,380.0
TSLA,0.095571,24.08,372.032757176972,,0.9790335715183474,381.6300048828125,380.0
TSLA,0.09589,24.16,375.20471865518766,381.6300048828124,0.9873808385662833,381.6300048828125,380.0
