contractSymbol,lastTradeDate,strike,lastPrice,bid,ask,change,percentChange,volume,openInterest,impliedVolatility,inTheMoney,contractSize,currency,option_type,ticker,spot_price,historical_volatility,dividend_yield,expiry,days_to_expiry,time_to_maturity,moneyness,mid_price,market_price,bid_ask_spread,distance_from_atm,r,iv_used,iv_source,option_type_std,moneyness_label,intrinsic_value,time_value,eep_candidate,company_name,sector,data_as_of,bin_price,tri_price,bs_price,bin_eep,tri_eep,bin_err,tri_err,bs_err,bin_abs_err,tri_abs_err,bs_abs_err,bin_pct_err,tri_pct_err,bs_pct_err
AAPL260522C00270000,2026-04-30 19:59:53+00:00,270.0,9.25,0.0,0.0,0.0,0.0,829.0,0,1.0000000000000004e-05,True,REGULAR,USD,Call,AAPL,271.3500061035156,0.2339447408966455,0.0038326883235936,2026-05-22,21,0.0575342465753424,0.9950248532406496,0.0,9.25,0.0,0.0049751467593504,0.0358500003814697,0.2339447408966455,hist_vol_fallback,call,ATM,1.350006103515625,7.899993896484375,False,Apple Inc.,Technology,2026-05-01,7.026313047460052,7.195453293818416,7.01978867086558,0.0065243765944718035,0.17566462295283625,-2.223686952539948,-2.0545467061815836,-2.23021132913442,2.223686952539948,2.0545467061815836,2.23021132913442,-24.03985894637782,-22.211315742503608,-24.110392747399136
AAPL260522C00275000,2026-04-30 19:59:45+00:00,275.0,6.75,0.0,0.0,0.0,0.0,924.0,0,0.01563484375,False,REGULAR,USD,Call,AAPL,271.3500061035156,0.2339447408966455,0.0038326883235936,2026-05-22,21,0.0575342465753424,1.0134512394117727,0.0,6.75,0.0,0.0134512394117727,0.0358500003814697,0.01563484375,market_iv,call,ATM,0.0,6.75,False,Apple Inc.,Technology,2026-05-01,0.00027822709045614185,2.902995879597278e-05,0.00030288771910086387,0.0,0.0,-6.749721772909544,-6.749970970041204,-6.7496971122808995,6.749721772909544,6.749970970041204,6.7496971122808995,-99.99587811717842,-99.99956992653635,-99.99551277453185
AAPL260522C00265000,2026-04-30 19:55:00+00:00,265.0,12.23,0.0,0.0,0.0,0.0,149.0,0,1.0000000000000004e-05,True,REGULAR,USD,Call,AAPL,271.3500061035156,0.2339447408966455,0.0038326883235936,2026-05-22,21,0.0575342465753424,0.9765984670695264,0.0,12.23,0.0,0.0234015329304735,0.0358500003814697,0.2339447408966455,hist_vol_fallback,call,ATM,6.350006103515625,5.879993896484375,False,Apple Inc.,Technology,2026-05-01,10.017285345538967,10.24700113946935,10.023513379489543,0.0,0.22348775997980752,-2.212714654461033,-1.9829988605306497,-2.206486620510457,2.212714654461033,1.9829988605306497,2.206486620510457,-18.092515572044423,-16.214217992891655,-18.041591336962036
AAPL260522C00280000,2026-04-30 19:59:51+00:00,280.0,4.79,0.0,0.0,0.0,0.0,707.0,0,0.0312596875,False,REGULAR,USD,Call,AAPL,271.3500061035156,0.2339447408966455,0.0038326883235936,2026-05-22,21,0.0575342465753424,1.031877625582896,0.0,4.79,0.0,0.0318776255828958,0.0358500003814697,0.0312596875,market_iv,call,ITM,0.0,4.79,False,Apple Inc.,Technology,2026-05-01,1.688036825831246e-05,4.820263548202549e-06,1.9261234760510962e-05,0.0,0.0,-4.789983119631741,-4.789995179736452,-4.789980738765239,4.789983119631741,4.789995179736452,4.789980738765239,-99.99964759147684,-99.99989936819314,-99.99959788653943
AAPL260522C00260000,2026-04-30 19:57:38+00:00,260.0,15.0,0.0,0.0,0.0,0.0,31.0,0,1.0000000000000004e-05,True,REGULAR,USD,Call,AAPL,271.3500061035156,0.2339447408966455,0.0038326883235936,2026-05-22,21,0.0575342465753424,0.9581720808984032,0.0,15.0,0.0,0.0418279191015966,0.0358500003814697,0.2339447408966455,hist_vol_fallback,call,OTM,11.350006103515623,3.649993896484375,False,Apple Inc.,Technology,2026-05-01,13.637052260725728,13.895388947949641,13.63326745930334,0.0037848014223875737,0.2621214886463008,-1.3629477392742722,-1.104611052050359,-1.3667325406966597,1.3629477392742722,1.104611052050359,1.3667325406966597,-9.086318261828481,-7.364073680335727,-9.111550271311065
AAPL260522C00285000,2026-04-30 19:59:53+00:00,285.0,3.3,0.0,0.0,0.0,0.0,398.0,0,0.062509375,False,REGULAR,USD,Call,AAPL,271.3500061035156,0.2339447408966455,0.0038326883235936,2026-05-22,21,0.0575342465753424,1.050304011754019,0.0,3.3,0.0,0.0503040117540189,0.0358500003814697,0.062509375,market_iv,call,ITM,0.0,3.3,False,Apple Inc.,Technology,2026-05-01,0.0008690767122481994,0.0005597963664926288,0.0009260032104745908,0.0,0.0,-3.2991309232877515,-3.299440203633507,-3.299073996789525,3.2991309232877515,3.299440203633507,3.299073996789525,-99.97366434205308,-99.98303647374264,-99.97193929665228
AAPL260522C00255000,2026-04-30 17:02:28+00:00,255.0,19.76,0.0,0.0,0.0,0.0,16.0,0,1.0000000000000004e-05,True,REGULAR,USD,Call,AAPL,271.3500061035156,0.2339447408966455,0.0038326883235936,2026-05-22,21,0.0575342465753424,0.9397456947272802,0.0,19.76,0.0,0.0602543052727198,0.0358500003814697,0.2339447408966455,hist_vol_fallback,call,OTM,16.350006103515625,3.409993896484377,False,Apple Inc.,Technology,2026-05-01,17.748170027996682,18.041982184946068,17.749024882275194,0.0,0.2929573026708745,-2.0118299720033193,-1.7180178150539334,-2.010975117724808,2.0118299720033193,1.7180178150539334,2.010975117724808,-10.181325769247566,-8.6944221409612,-10.17699958362757
AAPL260522C00290000,2026-04-30 19:59:45+00:00,290.0,2.21,0.0,0.0,0.0,0.0,1210.0,0,0.062509375,False,REGULAR,USD,Call,AAPL,271.3500061035156,0.2339447408966455,0.0038326883235936,2026-05-22,21,0.0575342465753424,1.068730397925142,0.0,2.21,0.0,0.0687303979251421,0.0358500003814697,0.062509375,market_iv,call,ITM,0.0,2.21,False,Apple Inc.,Technology,2026-05-01,6.101813437237534e-06,3.612142344631967e-06,7.253462064784905e-06,0.0,0.0,-2.2099938981865628,-2.209996387857655,-2.209992746537935,2.2099938981865628,2.209996387857655,2.209992746537935,-99.99972389984447,-99.99983655464503,-99.99967178904684
AAPL260522C00250000,2026-04-30 19:59:36+00:00,250.0,24.0,0.0,0.0,0.0,0.0,15.0,0,1.0000000000000004e-05,True,REGULAR,USD,Call,AAPL,271.3500061035156,0.2339447408966455,0.0038326883235936,2026-05-22,21,0.0575342465753424,0.921319308556157,0.0,24.0,0.0,0.078680691443843,0.0358500003814697,0.2339447408966455,hist_vol_fallback,call,OTM,21.350006103515625,2.649993896484375,False,Apple Inc.,Technology,2026-05-01,22.239770651829065,22.558136490247993,22.23968683080443,8.382102463500019e-05,0.3184496594435622,-1.7602293481709346,-1.4418635097520074,-1.7603131691955696,1.7602293481709346,1.4418635097520074,1.7603131691955696,-7.334288950712227,-6.007764623966697,-7.33463820498154
AAPL260522C00295000,2026-04-30 19:56:06+00:00,295.0,1.4,0.0,0.0,0.0,0.0,389.0,0,0.062509375,False,REGULAR,USD,Call,AAPL,271.3500061035156,0.2339447408966455,0.0038326883235936,2026-05-22,21,0.0575342465753424,1.0871567840962653,0.0,1.4,0.0,0.0871567840962652,0.0358500003814697,0.062509375,market_iv,call,ITM,0.0,1.4,False,Apple Inc.,Technology,2026-05-01,1.1916704979111366e-08,7.63770337231492e-09,1.8383541801272856e-08,0.0,0.0,-1.399999988083295,-1.3999999923622966,-1.3999999816164581,1.399999988083295,1.3999999923622966,1.3999999816164581,-99.99999914880678,-99.99999945444976,-99.99999868688987
AAPL260522C00245000,2026-04-30 16:34:15+00:00,245.0,30.14,0.0,0.0,0.0,0.0,1.0,0,1.0000000000000004e-05,True,REGULAR,USD,Call,AAPL,271.3500061035156,0.2339447408966455,0.0038326883235936,2026-05-22,21,0.0575342465753424,0.9028929223850338,0.0,30.14,0.0,0.0971070776149661,0.0358500003814697,0.2339447408966455,hist_vol_fallback,call,OTM,26.350006103515625,3.789993896484376,False,Apple Inc.,Technology,2026-05-01,26.973730192510338,27.309426000413833,26.97517566526207,0.0,0.3342503351517614,-3.1662698074896625,-2.830573999586168,-3.1648243347379292,3.1662698074896625,2.830573999586168,3.1648243347379292,-10.50520838583166,-9.391420038441167,-10.500412524014363
AAPL260522C00300000,2026-04-30 19:59:59+00:00,300.0,1.0,0.0,0.0,0.0,0.0,819.0,0,0.062509375,False,REGULAR,USD,Call,AAPL,271.3500061035156,0.2339447408966455,0.0038326883235936,2026-05-22,21,0.0575342465753424,1.1055831702673884,0.0,1.0,0.0,0.1055831702673884,0.0358500003814697,0.062509375,market_iv,call,ITM,0.0,1.0,False,Apple Inc.,Technology,2026-05-01,6.031618333608541e-12,5.1640490775074085e-12,1.551963670016562e-11,0.0,0.0,-0.9999999999939684,-0.9999999999948359,-0.9999999999844804,0.9999999999939684,0.9999999999948359,0.9999999999844804,-99.99999999939683,-99.99999999948359,-99.99999999844805
AAPL260522C00240000,2026-04-30 19:36:36+00:00,240.0,34.95,0.0,0.0,0.0,0.0,6.0,0,1.0000000000000004e-05,True,REGULAR,USD,Call,AAPL,271.3500061035156,0.2339447408966455,0.0038326883235936,2026-05-22,21,0.0575342465753424,0.8844665362139107,0.0,34.95,0.0,0.1155334637860893,0.0358500003814697,0.2339447408966455,hist_vol_fallback,call,OTM,31.350006103515625,3.599993896484378,False,Apple Inc.,Technology,2026-05-01,31.85021905584033,32.19298056816693,31.85056777749932,0.0,0.3424127906676091,-3.099780944159672,-2.757019431833072,-3.099432222500681,3.099780944159672,2.757019431833072,3.099432222500681,-8.86918725081451,-7.888467616117516,-8.868189477827414
AAPL260522C00305000,2026-04-30 19:59:49+00:00,305.0,0.69,0.0,0.0,0.0,0.0,525.0,0,0.12500875,False,REGULAR,USD,Call,AAPL,271.3500061035156,0.2339447408966455,0.0038326883235936,2026-05-22,21,0.0575342465753424,1.1240095564385115,0.0,0.69,0.0,0.1240095564385115,0.0358500003814697,0.12500875,market_iv,call,ITM,0.0,0.69,False,Apple Inc.,Technology,2026-05-01,0.00011378650331387093,0.00010034281970807377,0.00012511374177822526,0.0,0.0,-0.6898862134966861,-0.6898996571802919,-0.6898748862582217,0.6898862134966861,0.6898996571802919,0.6898748862582217,-99.98350920241829,-99.98545756236115,-99.98186757365532
AAPL260522C00235000,2026-04-30 19:50:05+00:00,235.0,41.0,0.0,0.0,0.0,0.0,26.0,0,1.0000000000000004e-05,True,REGULAR,USD,Call,AAPL,271.3500061035156,0.2339447408966455,0.0038326883235936,2026-05-22,21,0.0575342465753424,0.8660401500427876,0.0,41.0,0.0,0.1339598499572124,0.0358500003814697,0.2339447408966455,hist_vol_fallback,call,OTM,36.350006103515625,4.649993896484375,False,Apple Inc.,Technology,2026-05-01,36.79480690336382,37.14151008415654,36.795376537436454,0.0,0.34613354672008967,-4.2051930966361795,-3.8584899158434567,-4.204623462563546,4.2051930966361795,3.8584899158434567,4.204623462563546,-10.256568528380926,-9.410951014252333,-10.25517917698426
AAPL260522C00310000,2026-04-30 19:59:17+00:00,310.0,0.43,0.0,0.0,0.0,0.0,217.0,0,0.12500875,False,REGULAR,USD,Call,AAPL,271.3500061035156,0.2339447408966455,0.0038326883235936,2026-05-22,21,0.0575342465753424,1.1424359426096349,0.0,0.43,0.0,0.1424359426096346,0.0358500003814697,0.12500875,market_iv,call,ITM,0.0,0.43,False,Apple Inc.,Technology,2026-05-01,9.12009771847924e-06,8.373245606080125e-06,1.0799364969332238e-05,0.0,0.0,-0.4299908799022815,-0.4299916267543939,-0.42998920063503066,0.4299908799022815,0.4299916267543939,0.42998920063503066,-99.99787904704222,-99.99805273357998,-99.99748851977456
AAPL260522P00270000,2026-04-30 19:59:20+00:00,270.0,7.16,0.0,0.0,0.0,0.0,671.0,0,0.007822421875,False,REGULAR,USD,Put,AAPL,271.3500061035156,0.2339447408966455,0.0038326883235936,2026-05-22,21,0.0575342465753424,0.9950248532406496,0.0,7.16,0.0,0.0049751467593504,0.0358500003814697,0.2339447408966455,hist_vol_fallback,put,ATM,0.0,7.16,True,Apple Inc.,Technology,2026-05-01,5.207073013517077,5.048845356358274,5.17328278131987,0.033790232197207004,0.0,-1.9529269864829235,-2.1111546436417266,-1.9867172186801305,1.9529269864829235,2.1111546436417266,1.9867172186801305,-27.27551657099055,-29.485400050862104,-27.74744718826998
AAPL260522P00275000,2026-04-30 19:52:10+00:00,275.0,7.89,0.0,0.0,0.0,0.0,131.0,0,1.0000000000000004e-05,True,REGULAR,USD,Put,AAPL,271.3500061035156,0.2339447408966455,0.0038326883235936,2026-05-22,21,0.0575342465753424,1.0134512394117727,0.0,7.89,0.0,0.0134512394117727,0.0358500003814697,0.2339447408966455,hist_vol_fallback,put,ATM,3.649993896484375,4.240006103515625,True,Apple Inc.,Technology,2026-05-01,7.8595787378350375,7.668131783348595,7.807427401551678,0.05215133628335966,0.0,-0.030421262164962215,-0.221868216651405,-0.08257259844832188,0.030421262164962215,0.221868216651405,0.08257259844832188,-0.38556732781954645,-2.8120179550241446,-1.0465475088507208
AAPL260522P00265000,2026-04-30 19:59:55+00:00,265.0,5.16,0.0,0.0,0.0,0.0,338.0,0,0.0312596875,False,REGULAR,USD,Put,AAPL,271.3500061035156,0.2339447408966455,0.0038326883235936,2026-05-22,21,0.0575342465753424,0.9765984670695264,0.0,5.16,0.0,0.0234015329304735,0.0358500003814697,0.0312596875,market_iv,put,ATM,0.0,5.16,True,Apple Inc.,Technology,2026-05-01,0.00016835031321626415,0.00034845271350924265,0.00017149253540599263,0.0,0.00017696017810325002,-5.159831649686784,-5.159651547286491,-5.159828507464594,5.159831649686784,5.159651547286491,5.159828507464594,-99.9967373970307,-99.99324704043588,-99.99667650125181
AAPL260522P00280000,2026-04-30 19:21:18+00:00,280.0,11.06,0.0,0.0,0.0,0.0,13.0,0,1.0000000000000004e-05,True,REGULAR,USD,Put,AAPL,271.3500061035156,0.2339447408966455,0.0038326883235936,2026-05-22,21,0.0575342465753424,1.031877625582896,0.0,11.06,0.0,0.0318776255828958,0.0358500003814697,0.2339447408966455,hist_vol_fallback,put,OTM,8.649993896484375,2.410006103515625,True,Apple Inc.,Technology,2026-05-01,11.136533692543741,10.947711166101426,11.064328064737623,0.0722056278061185,0.0,0.07653369254374098,-0.11228883389857458,0.0043280647376224834,0.07653369254374098,0.11228883389857458,0.0043280647376224834,0.691986370196573,-1.015269745918396,0.039132592564398584
AAPL260522P00260000,2026-04-30 19:58:03+00:00,260.0,3.9,0.0,0.0,0.0,0.0,159.0,0,0.0312596875,False,REGULAR,USD,Put,AAPL,271.3500061035156,0.2339447408966455,0.0038326883235936,2026-05-22,21,0.0575342465753424,0.9581720808984032,0.0,3.9,0.0,0.0418279191015966,0.0358500003814697,0.0312596875,market_iv,put,ITM,0.0,3.9,True,Apple Inc.,Technology,2026-05-01,2.749247862811439e-10,1.1428759066509315e-09,4.416086523813141e-10,0.0,7.012672542696174e-10,-3.899999999725075,-3.899999998857124,-3.8999999995583914,3.899999999725075,3.899999998857124,3.8999999995583914,-99.99999999295063,-99.99999997069548,-99.9999999886767
AAPL260522P00285000,2026-04-30 18:55:48+00:00,285.0,15.0,0.0,0.0,0.0,0.0,300.0,0,1.0000000000000004e-05,True,REGULAR,USD,Put,AAPL,271.3500061035156,0.2339447408966455,0.0038326883235936,2026-05-22,21,0.0575342465753424,1.050304011754019,0.0,15.0,0.0,0.0503040117540189,0.0358500003814697,0.2339447408966455,hist_vol_fallback,put,OTM,13.649993896484377,1.350006103515625,True,Apple Inc.,Technology,2026-05-01,14.980234047296753,14.788240766890633,14.861725111389461,0.1185089359072915,0.0,-0.019765952703247436,-0.21175923310936717,-0.13827488861053894,0.019765952703247436,0.21175923310936717,0.13827488861053894,-0.13177301802164956,-1.4117282207291144,-0.9218325907369262
AAPL260522P00255000,2026-04-30 19:59:13+00:00,255.0,2.51,0.0,0.0,0.0,0.0,276.0,0,0.062509375,False,REGULAR,USD,Put,AAPL,271.3500061035156,0.2339447408966455,0.0038326883235936,2026-05-22,21,0.0575342465753424,0.9397456947272802,0.0,2.51,0.0,0.0602543052727198,0.0358500003814697,0.062509375,market_iv,put,ITM,0.0,2.51,True,Apple Inc.,Technology,2026-05-01,7.34454087859016e-06,1.1665924851232344e-05,8.31548822480396e-06,0.0,3.350436626428384e-06,-2.509992655459121,-2.5099883340751488,-2.509991684511775,2.509992655459121,2.5099883340751488,2.509991684511775,-99.99970738880963,-99.99953522211749,-99.99966870564842
AAPL260522P00290000,2026-04-28 14:43:08+00:00,290.0,20.55,0.0,0.0,0.0,0.0,10.0,0,1.0000000000000004e-05,True,REGULAR,USD,Put,AAPL,271.3500061035156,0.2339447408966455,0.0038326883235936,2026-05-22,21,0.0575342465753424,1.068730397925142,0.0,20.55,0.0,0.0687303979251421,0.0358500003814697,0.2339447408966455,hist_vol_fallback,put,OTM,18.64999389648437,1.9000061035156257,True,Apple Inc.,Technology,2026-05-01,19.26121817122111,19.097406898960227,19.085095355814815,0.17612281540629482,0.012311543145411719,-1.288781828778891,-1.4525931010397741,-1.4649046441851858,1.288781828778891,1.4525931010397741,1.4649046441851858,-6.271444422281708,-7.068579567103524,-7.128489752725965
AAPL260522P00250000,2026-04-30 19:59:24+00:00,250.0,1.73,0.0,0.0,0.0,0.0,695.0,0,0.062509375,False,REGULAR,USD,Put,AAPL,271.3500061035156,0.2339447408966455,0.0038326883235936,2026-05-22,21,0.0575342465753424,0.921319308556157,0.0,1.73,0.0,0.078680691443843,0.0358500003814697,0.062509375,market_iv,put,ITM,0.0,1.73,True,Apple Inc.,Technology,2026-05-01,5.157370297832881e-09,1.1190543013559149e-08,7.552742587117531e-09,0.0,3.6378004264416175e-09,-1.7299999948426297,-1.729999988809457,-1.7299999924472573,1.7299999948426297,1.729999988809457,1.7299999924472573,-99.99999970188611,-99.9999993531478,-99.99999956342528
AAPL260522P00245000,2026-04-30 19:58:15+00:00,245.0,1.35,0.0,0.0,0.0,0.0,401.0,0,0.12500875,False,REGULAR,USD,Put,AAPL,271.3500061035156,0.2339447408966455,0.0038326883235936,2026-05-22,21,0.0575342465753424,0.9028929223850338,0.0,1.35,0.0,0.0971070776149661,0.0358500003814697,0.12500875,market_iv,put,ITM,0.0,1.35,True,Apple Inc.,Technology,2026-05-01,0.00047541246111492807,0.0005430096630577287,0.0005122621994739784,0.0,3.0747463583750295e-05,-1.3495245875388853,-1.3494569903369424,-1.349487737800526,1.3495245875388853,1.3494569903369424,1.349487737800526,-99.96478426213964,-99.95977706199572,-99.96205465189082
AAPL260522P00300000,2026-04-27 18:42:23+00:00,300.0,34.0,0.0,0.0,0.0,0.0,5.0,0,1.0000000000000004e-05,True,REGULAR,USD,Put,AAPL,271.3500061035156,0.2339447408966455,0.0038326883235936,2026-05-22,21,0.0575342465753424,1.1055831702673884,0.0,34.0,0.0,0.1055831702673884,0.0358500003814697,0.2339447408966455,hist_vol_fallback,put,OTM,28.64999389648437,5.350006103515625,True,Apple Inc.,Technology,2026-05-01,28.685433544524784,28.649993896484375,28.346511613324537,0.3389219312002467,0.3034822831598376,-5.314566455475216,-5.350006103515625,-5.653488386675463,5.314566455475216,5.350006103515625,5.653488386675463,-15.631077810221223,-15.735312069163603,-16.627907019633714
AAPL260522P00240000,2026-04-30 19:57:53+00:00,240.0,0.96,0.0,0.0,0.0,0.0,259.0,0,0.12500875,False,REGULAR,USD,Put,AAPL,271.3500061035156,0.2339447408966455,0.0038326883235936,2026-05-22,21,0.0575342465753424,0.8844665362139107,0.0,0.96,0.0,0.1155334637860893,0.0358500003814697,0.12500875,market_iv,put,ITM,0.0,0.96,True,Apple Inc.,Technology,2026-05-01,2.32839244421374e-05,2.8862166884719276e-05,2.706567636993635e-05,0.0,1.7964905147829267e-06,-0.9599767160755578,-0.9599711378331153,-0.9599729343236301,0.9599767160755578,0.9599711378331153,0.9599729343236301,-99.99757459120394,-99.99699352428284,-99.99718065871147
AAPL260522P00305000,2026-04-24 13:59:40+00:00,305.0,33.75,0.0,0.0,0.0,0.0,1.0,0,1.0000000000000004e-05,True,REGULAR,USD,Put,AAPL,271.3500061035156,0.2339447408966455,0.0038326883235936,2026-05-22,21,0.0575342465753424,1.1240095564385115,0.0,33.75,0.0,0.1240095564385115,0.0358500003814697,0.2339447408966455,hist_vol_fallback,put,OTM,33.649993896484375,0.100006103515625,True,Apple Inc.,Technology,2026-05-01,33.649993896484375,33.649993896484375,33.20081670742758,0.4491771890567975,0.4491771890567975,-0.100006103515625,-0.100006103515625,-0.5491832925724225,0.100006103515625,0.100006103515625,0.5491832925724225,-0.29631438078703703,-0.29631438078703703,-1.6272097557701408
AAPL260522P00235000,2026-04-30 19:55:00+00:00,235.0,0.58,0.0,0.0,0.0,0.0,440.0,0,0.12500875,False,REGULAR,USD,Put,AAPL,271.3500061035156,0.2339447408966455,0.0038326883235936,2026-05-22,21,0.0575342465753424,0.8660401500427876,0.0,0.58,0.0,0.1339598499572124,0.0358500003814697,0.12500875,market_iv,put,ITM,0.0,0.58,True,Apple Inc.,Technology,2026-05-01,6.590502379474136e-07,8.882622071552239e-07,8.576714636083973e-07,0.0,3.0590743546826637e-08,-0.579999340949762,-0.5799991117377928,-0.5799991423285363,0.579999340949762,0.5799991117377928,0.5799991423285363,-99.99988637064862,-99.9998468513436,-99.99985212560972
AAPL260529C00270000,2026-04-30 19:59:20+00:00,270.0,9.85,0.0,0.0,0.0,0.0,384.0,0,1.0000000000000004e-05,True,REGULAR,USD,Call,AAPL,271.3500061035156,0.2339447408966455,0.0038326883235936,2026-05-29,28,0.0767123287671232,0.9950248532406496,0.0,9.85,0.0,0.0049751467593504,0.0358500003814697,0.2339447408966455,hist_vol_fallback,call,ATM,1.350006103515625,8.499993896484375,False,Apple Inc.,Technology,2026-05-01,8.045471684080129,8.271849421116098,8.036939265339385,0.008532418740744063,0.23491015577671348,-1.804528315919871,-1.5781505788839016,-1.8130607346606151,1.804528315919871,1.5781505788839016,1.8130607346606151,-18.320084425582447,-16.02183328816144,-18.406707966097617
AAPL260529C00275000,2026-04-30 19:59:59+00:00,275.0,7.28,0.0,0.0,0.0,0.0,825.0,0,0.01563484375,False,REGULAR,USD,Call,AAPL,271.3500061035156,0.2339447408966455,0.0038326883235936,2026-05-29,28,0.0767123287671232,1.0134512394117727,0.0,7.28,0.0,0.0134512394117727,0.0358500003814697,0.01563484375,market_iv,call,ATM,0.0,7.28,False,Apple Inc.,Technology,2026-05-01,0.0021284228275169617,0.00021784578935094044,0.002235922639715948,0.0,0.0,-7.277871577172483,-7.27978215421065,-7.277764077360285,7.277871577172483,7.27978215421065,7.277764077360285,-99.97076342269894,-99.99700761278363,-99.96928677692698
AAPL260529C00265000,2026-04-30 19:58:53+00:00,265.0,12.5,0.0,0.0,0.0,0.0,1091.0,0,1.0000000000000004e-05,True,REGULAR,USD,Call,AAPL,271.3500061035156,0.2339447408966455,0.0038326883235936,2026-05-29,28,0.0767123287671232,0.9765984670695264,0.0,12.5,0.0,0.0234015329304735,0.0358500003814697,0.2339447408966455,hist_vol_fallback,call,ATM,6.350006103515625,6.149993896484375,False,Apple Inc.,Technology,2026-05-01,10.982129664400423,11.252456584136194,10.974850568678988,0.007279095721434814,0.27760601545720576,-1.5178703355995768,-1.247543415863806,-1.5251494313210117,1.5178703355995768,1.247543415863806,1.5251494313210117,-12.142962684796615,-9.980347326910447,-12.201195450568093
AAPL260529C00280000,2026-04-30 19:59:59+00:00,280.0,5.25,0.0,0.0,0.0,0.0,691.0,0,0.0312596875,False,REGULAR,USD,Call,AAPL,271.3500061035156,0.2339447408966455,0.0038326883235936,2026-05-29,28,0.0767123287671232,1.031877625582896,0.0,5.25,0.0,0.0318776255828958,0.0358500003814697,0.0312596875,market_iv,call,ITM,0.0,5.25,False,Apple Inc.,Technology,2026-05-01,0.0002409975817168576,6.659606012444463e-05,0.0002596088523065948,0.0,0.0,-5.249759002418283,-5.249933403939876,-5.249740391147693,5.249759002418283,5.249933403939876,5.249740391147693,-99.99540956987207,-99.99873150361668,-99.99505506947986
AAPL260529C00260000,2026-04-30 19:54:50+00:00,260.0,17.1,0.0,0.0,0.0,0.0,213.0,0,1.0000000000000004e-05,True,REGULAR,USD,Call,AAPL,271.3500061035156,0.2339447408966455,0.0038326883235936,2026-05-29,28,0.0767123287671232,0.9581720808984032,0.0,17.1,0.0,0.0418279191015966,0.0358500003814697,0.2339447408966455,hist_vol_fallback,call,OTM,11.350006103515623,5.749993896484376,False,Apple Inc.,Technology,2026-05-01,14.454535489104611,14.787322073780242,14.449984872523402,0.004550616581209255,0.3373372012568403,-2.6454645108953905,-2.3126779262197594,-2.6500151274765997,2.6454645108953905,2.3126779262197594,2.6500151274765997,-15.470552695294678,-13.524432317074616,-15.497164488167247
AAPL260529C00285000,2026-04-30 19:59:44+00:00,285.0,3.9,0.0,0.0,0.0,0.0,612.0,0,0.0312596875,False,REGULAR,USD,Call,AAPL,271.3500061035156,0.2339447408966455,0.0038326883235936,2026-05-29,28,0.0767123287671232,1.050304011754019,0.0,3.9,0.0,0.0503040117540189,0.0358500003814697,0.0312596875,market_iv,call,ITM,0.0,3.9,False,Apple Inc.,Technology,2026-05-01,8.974013462365134e-09,1.6529604210110642e-09,1.5207933801559303e-08,0.0,0.0,-3.8999999910259864,-3.8999999983470395,-3.899999984792066,3.8999999910259864,3.8999999983470395,3.899999984792066,-99.99999976989709,-99.99999995761641,-99.99999961005297
AAPL260529C00255000,2026-04-30 19:55:20+00:00,255.0,20.5,0.0,0.0,0.0,0.0,47.0,0,1.0000000000000004e-05,True,REGULAR,USD,Call,AAPL,271.3500061035156,0.2339447408966455,0.0038326883235936,2026-05-29,28,0.0767123287671232,0.9397456947272802,0.0,20.5,0.0,0.0602543052727198,0.0358500003814697,0.2339447408966455,hist_vol_fallback,call,OTM,16.350006103515625,4.149993896484375,False,Apple Inc.,Technology,2026-05-01,18.39666852163343,18.772595029294905,18.39606752004292,0.0006010015905104638,0.37652750925198575,-2.10333147836657,-1.727404970705095,-2.1039324799570807,2.10333147836657,1.727404970705095,2.1039324799570807,-10.26015355300766,-8.42636571075656,-10.263085268083321
AAPL260529C00290000,2026-04-30 19:59:58+00:00,290.0,2.63,0.0,0.0,0.0,0.0,687.0,0,0.062509375,False,REGULAR,USD,Call,AAPL,271.3500061035156,0.2339447408966455,0.0038326883235936,2026-05-29,28,0.0767123287671232,1.068730397925142,0.0,2.63,0.0,0.0687303979251421,0.0358500003814697,0.062509375,market_iv,call,ITM,0.0,2.63,False,Apple Inc.,Technology,2026-05-01,0.00011333534267435504,6.437577878207064e-05,0.00012701976950926439,0.0,0.0,-2.6298866646573256,-2.629935624221218,-2.6298729802304908,2.6298866646573256,2.629935624221218,2.6298729802304908,-99.9956906713812,-99.99755225175734,-99.99517035096923
AAPL260529C00250000,2026-04-30 18:54:46+00:00,250.0,25.45,0.0,0.0,0.0,0.0,6.0,0,1.0000000000000004e-05,True,REGULAR,USD,Call,AAPL,271.3500061035156,0.2339447408966455,0.0038326883235936,2026-05-29,28,0.0767123287671232,0.921319308556157,0.0,25.45,0.0,0.078680691443843,0.0358500003814697,0.2339447408966455,hist_vol_fallback,call,OTM,21.350006103515625,4.099993896484374,False,Apple Inc.,Technology,2026-05-01,22.71567655606161,23.130719324690794,22.719451897712332,0.0,0.41126742697846197,-2.73432344393839,-2.319280675309205,-2.730548102287667,2.73432344393839,2.319280675309205,2.730548102287667,-10.743903512528055,-9.1130871328456,-10.729069164195156
AAPL260529C00295000,2026-04-30 19:58:36+00:00,295.0,1.7,0.0,0.0,0.0,0.0,205.0,0,0.062509375,False,REGULAR,USD,Call,AAPL,271.3500061035156,0.2339447408966455,0.0038326883235936,2026-05-29,28,0.0767123287671232,1.0871567840962653,0.0,1.7,0.0,0.0871567840962652,0.0358500003814697,0.062509375,market_iv,call,ITM,0.0,1.7,False,Apple Inc.,Technology,2026-05-01,1.026886885774974e-06,5.693268272805635e-07,1.3522731477354243e-06,0.0,0.0,-1.6999989731131142,-1.6999994306731727,-1.6999986477268523,1.6999989731131142,1.6999994306731727,1.6999986477268523,-99.99993959488907,-99.99996651018664,-99.99992045452073
AAPL260529C00245000,2026-04-28 13:30:02+00:00,245.0,29.44,0.0,0.0,0.0,0.0,1.0,0,1.0000000000000004e-05,True,REGULAR,USD,Call,AAPL,271.3500061035156,0.2339447408966455,0.0038326883235936,2026-05-29,28,0.0767123287671232,0.9028929223850338,0.0,29.44,0.0,0.0971070776149661,0.0358500003814697,0.2339447408966455,hist_vol_fallback,call,OTM,26.350006103515625,3.0899938964843763,False,Apple Inc.,Technology,2026-05-01,27.315772977184167,27.75047227709231,27.3176670161844,0.0,0.4328052609079087,-2.124227022815834,-1.689527722907691,-2.1223329838155998,2.124227022815834,1.689527722907691,2.1223329838155998,-7.215445050325522,-5.738884928354929,-7.209011493938858
AAPL260529C00300000,2026-04-30 19:59:57+00:00,300.0,1.4,0.0,0.0,0.0,0.0,3085.0,0,0.062509375,False,REGULAR,USD,Call,AAPL,271.3500061035156,0.2339447408966455,0.0038326883235936,2026-05-29,28,0.0767123287671232,1.1055831702673884,0.0,1.4,0.0,0.1055831702673884,0.0358500003814697,0.062509375,market_iv,call,ITM,0.0,1.4,False,Apple Inc.,Technology,2026-05-01,3.526904856941176e-09,2.182211353202041e-09,6.402088374133614e-09,0.0,0.0,-1.3999999964730951,-1.3999999978177886,-1.3999999935979115,1.3999999964730951,1.3999999978177886,1.3999999935979115,-99.99999974807822,-99.99999984412776,-99.99999954270797
AAPL260529C00240000,2026-04-30 19:59:51+00:00,240.0,34.0,0.0,0.0,0.0,0.0,23.0,0,1.0000000000000004e-05,True,REGULAR,USD,Call,AAPL,271.3500061035156,0.2339447408966455,0.0038326883235936,2026-05-29,28,0.0767123287671232,0.8844665362139107,0.0,34.0,0.0,0.1155334637860893,0.0358500003814697,0.2339447408966455,hist_vol_fallback,call,OTM,31.350006103515625,2.649993896484375,False,Apple Inc.,Technology,2026-05-01,32.096547178957366,32.54555070395232,32.09689513405391,0.0,0.4486555698984134,-1.9034528210426345,-1.4544492960476774,-1.9031048659460907,1.9034528210426345,1.4544492960476774,1.9031048659460907,-5.5983906501253955,-4.277792047199052,-5.59736725278262
AAPL260529C00305000,2026-04-30 19:58:34+00:00,305.0,0.85,0.0,0.0,0.0,0.0,671.0,0,0.062509375,False,REGULAR,USD,Call,AAPL,271.3500061035156,0.2339447408966455,0.0038326883235936,2026-05-29,28,0.0767123287671232,1.1240095564385115,0.0,0.85,0.0,0.1240095564385115,0.0358500003814697,0.062509375,market_iv,call,ITM,0.0,0.85,False,Apple Inc.,Technology,2026-05-01,5.254575355120133e-12,3.619836390418735e-12,1.3828505011186793e-11,0.0,0.0,-0.8499999999947454,-0.8499999999963801,-0.8499999999861715,0.8499999999947454,0.8499999999963801,0.8499999999861715,-99.99999999938181,-99.99999999957413,-99.99999999837313
AAPL260529C00235000,2026-04-30 19:06:44+00:00,235.0,39.91,0.0,0.0,0.0,0.0,26.0,0,1.0000000000000004e-05,True,REGULAR,USD,Call,AAPL,271.3500061035156,0.2339447408966455,0.0038326883235936,2026-05-29,28,0.0767123287671232,0.8660401500427876,0.0,39.91,0.0,0.1339598499572124,0.0358500003814697,0.2339447408966455,hist_vol_fallback,call,OTM,36.350006103515625,3.559993896484372,False,Apple Inc.,Technology,2026-05-01,36.982762239658406,37.43937835056759,36.983289502210454,0.0,0.45608884835713326,-2.9272377603415904,-2.4706216494324096,-2.926710497789543,2.9272377603415904,2.4706216494324096,2.926710497789543,-7.334597244654449,-6.1904827096777995,-7.333276115734259
AAPL260529C00310000,2026-04-30 19:56:34+00:00,310.0,0.6,0.0,0.0,0.0,0.0,655.0,0,0.12500875,False,REGULAR,USD,Call,AAPL,271.3500061035156,0.2339447408966455,0.0038326883235936,2026-05-29,28,0.0767123287671232,1.1424359426096349,0.0,0.6,0.0,0.1424359426096346,0.0358500003814697,0.12500875,market_iv,call,ITM,0.0,0.6,False,Apple Inc.,Technology,2026-05-01,0.0001701023853154516,0.00014918935414860067,0.0001896981129926277,0.0,0.0,-0.5998298976146845,-0.5998508106458513,-0.5998103018870073,0.5998298976146845,0.5998508106458513,0.5998103018870073,-99.97164960244743,-99.97513510764189,-99.96838364783456
AAPL260529P00270000,2026-04-30 19:59:59+00:00,270.0,8.0,0.0,0.0,0.0,0.0,437.0,0,0.0039162109375,False,REGULAR,USD,Put,AAPL,271.3500061035156,0.2339447408966455,0.0038326883235936,2026-05-29,28,0.0767123287671232,0.9950248532406496,0.0,8.0,0.0,0.0049751467593504,0.0358500003814697,0.2339447408966455,hist_vol_fallback,put,ATM,0.0,8.0,True,Apple Inc.,Technology,2026-05-01,6.072026232521472,5.8645750703272395,6.0251853662118435,0.046840866309628026,0.0,-1.9279737674785284,-2.1354249296727605,-1.9748146337881565,1.9279737674785284,2.1354249296727605,1.9748146337881565,-24.099672093481605,-26.692811620909506,-24.685182922351956
AAPL260529P00275000,2026-04-30 19:58:59+00:00,275.0,10.67,0.0,0.0,0.0,0.0,495.0,0,1.0000000000000004e-05,True,REGULAR,USD,Put,AAPL,271.3500061035156,0.2339447408966455,0.0038326883235936,2026-05-29,28,0.0767123287671232,1.0134512394117727,0.0,10.67,0.0,0.0134512394117727,0.0358500003814697,0.2339447408966455,hist_vol_fallback,put,ATM,3.649993896484375,7.020006103515625,True,Apple Inc.,Technology,2026-05-01,8.706609291076635,8.465645385763887,8.636303246426877,0.07030604464975809,0.0,-1.9633907089233649,-2.204354614236113,-2.033696753573123,1.9633907089233649,2.204354614236113,2.033696753573123,-18.40103757191532,-20.659368455821113,-19.059950830113618
AAPL260529P00265000,2026-04-30 19:59:57+00:00,265.0,5.8,0.0,0.0,0.0,0.0,129.0,0,0.01563484375,False,REGULAR,USD,Put,AAPL,271.3500061035156,0.2339447408966455,0.0038326883235936,2026-05-29,28,0.0767123287671232,0.9765984670695264,0.0,5.8,0.0,0.0234015329304735,0.0358500003814697,0.01563484375,market_iv,put,ATM,0.0,5.8,True,Apple Inc.,Technology,2026-05-01,1.0276940789130453e-10,1.427789099932684e-09,1.448608328807744e-10,0.0,1.2829282670519097e-09,-5.7999999998972305,-5.79999999857221,-5.799999999855139,5.7999999998972305,5.79999999857221,5.799999999855139,-99.99999999822812,-99.99999997538293,-99.9999999975024
AAPL260529P00280000,2026-04-30 19:58:59+00:00,280.0,13.84,0.0,0.0,0.0,0.0,211.0,0,1.0000000000000004e-05,True,REGULAR,USD,Put,AAPL,271.3500061035156,0.2339447408966455,0.0038326883235936,2026-05-29,28,0.0767123287671232,1.031877625582896,0.0,13.84,0.0,0.0318776255828958,0.0358500003814697,0.2339447408966455,hist_vol_fallback,put,OTM,8.649993896484375,5.190006103515625,True,Apple Inc.,Technology,2026-05-01,11.893730307652392,11.62845456389221,11.791221236037302,0.10250907161509026,0.0,-1.9462696923476077,-2.211545436107789,-2.048778763962698,1.9462696923476077,2.211545436107789,2.048778763962698,-14.06264228574861,-15.979374538351077,-14.803314768516604
AAPL260529P00260000,2026-04-30 19:59:15+00:00,260.0,4.18,0.0,0.0,0.0,0.0,249.0,0,0.0312596875,False,REGULAR,USD,Put,AAPL,271.3500061035156,0.2339447408966455,0.0038326883235936,2026-05-29,28,0.0767123287671232,0.9581720808984032,0.0,4.18,0.0,0.0418279191015966,0.0358500003814697,0.0312596875,market_iv,put,ITM,0.0,4.18,True,Apple Inc.,Technology,2026-05-01,2.8386521660680485e-08,1.0325096073361157e-07,3.714073353614251e-08,0.0,6.611022719746906e-08,-4.179999971613478,-4.179999896749039,-4.179999962859267,4.179999971613478,4.179999896749039,4.179999962859267,-99.99999932089662,-99.99999752988133,-99.99999911146571
AAPL260529P00285000,2026-04-30 19:55:03+00:00,285.0,15.65,0.0,0.0,0.0,0.0,2.0,0,1.0000000000000004e-05,True,REGULAR,USD,Put,AAPL,271.3500061035156,0.2339447408966455,0.0038326883235936,2026-05-29,28,0.0767123287671232,1.050304011754019,0.0,15.65,0.0,0.0503040117540189,0.0358500003814697,0.2339447408966455,hist_vol_fallback,put,OTM,13.649993896484377,2.0000061035156254,True,Apple Inc.,Technology,2026-05-01,15.578791414336832,15.32116119260595,15.432922193462701,0.1458692208741308,0.0,-0.07120858566316812,-0.3288388073940496,-0.2170778065372989,0.07120858566316812,0.3288388073940496,0.2170778065372989,-0.45500693714484425,-2.101206437022681,-1.3870786360210794
AAPL260529P00255000,2026-04-30 19:59:53+00:00,255.0,3.05,0.0,0.0,0.0,0.0,321.0,0,0.062509375,False,REGULAR,USD,Put,AAPL,271.3500061035156,0.2339447408966455,0.0038326883235936,2026-05-29,28,0.0767123287671232,0.9397456947272802,0.0,3.05,0.0,0.0602543052727198,0.0358500003814697,0.062509375,market_iv,put,ITM,0.0,3.05,True,Apple Inc.,Technology,2026-05-01,9.757241685093079e-05,0.00015049669745271292,0.00010340274312541434,0.0,4.709395432729859e-05,-3.049902427583149,-3.0498495033025472,-3.0498965972568746,3.049902427583149,3.0498495033025472,3.0498965972568746,-99.99680090436553,-99.99506568205074,-99.99660974612704
AAPL260529P00290000,2026-04-30 19:45:37+00:00,290.0,18.12,0.0,0.0,0.0,0.0,3.0,0,1.0000000000000004e-05,True,REGULAR,USD,Put,AAPL,271.3500061035156,0.2339447408966455,0.0038326883235936,2026-05-29,28,0.0767123287671232,1.068730397925142,0.0,18.12,0.0,0.0687303979251421,0.0358500003814697,0.2339447408966455,hist_vol_fallback,put,OTM,18.64999389648437,0.0,True,Apple Inc.,Technology,2026-05-01,19.682901816604936,19.453132710029,19.47988276610647,0.20301905049846525,0.0,1.5629018166049349,1.3331327100289982,1.3598827661064696,1.5629018166049349,1.3331327100289982,1.3598827661064696,8.625285963603394,7.357244536583875,7.504871777629522
AAPL260529P00250000,2026-04-30 19:59:56+00:00,250.0,2.23,0.0,0.0,0.0,0.0,589.0,0,0.062509375,False,REGULAR,USD,Put,AAPL,271.3500061035156,0.2339447408966455,0.0038326883235936,2026-05-29,28,0.0767123287671232,0.921319308556157,0.0,2.23,0.0,0.078680691443843,0.0358500003814697,0.062509375,market_iv,put,ITM,0.0,2.23,True,Apple Inc.,Technology,2026-05-01,3.8049239325835986e-07,7.170388985759486e-07,4.6665888717595813e-07,0.0,2.5038001139999043e-07,-2.229999619507607,-2.2299992829611015,-2.229999533341113,2.229999619507607,2.2299992829611015,2.229999533341113,-99.99998293756084,-99.9999678457893,-99.9999790735925
AAPL260529P00245000,2026-04-30 19:57:34+00:00,245.0,1.58,0.0,0.0,0.0,0.0,247.0,0,0.062509375,False,REGULAR,USD,Put,AAPL,271.3500061035156,0.2339447408966455,0.0038326883235936,2026-05-29,28,0.0767123287671232,0.9028929223850338,0.0,1.58,0.0,0.0971070776149661,0.0358500003814697,0.062509375,market_iv,put,ITM,0.0,1.58,True,Apple Inc.,Technology,2026-05-01,3.1288138198411265e-10,8.174550780400455e-10,5.34010386850965e-10,0.0,2.834446911890805e-10,-1.5799999996871188,-1.579999999182545,-1.5799999994659897,1.5799999996871188,1.579999999182545,1.5799999994659897,-99.99999998019739,-99.99999994826234,-99.99999996620187
AAPL260529P00240000,2026-04-30 19:59:33+00:00,240.0,1.15,0.0,0.0,0.0,0.0,205.0,0,0.12500875,False,REGULAR,USD,Put,AAPL,271.3500061035156,0.2339447408966455,0.0038326883235936,2026-05-29,28,0.0767123287671232,0.8844665362139107,0.0,1.15,0.0,0.1155334637860893,0.0358500003814697,0.12500875,market_iv,put,ITM,0.0,1.15,True,Apple Inc.,Technology,2026-05-01,0.0002950276630153042,0.00033994638354648953,0.0003221759581659156,0.0,1.7770425380573933e-05,-1.1497049723369845,-1.1496600536164534,-1.149677824041834,1.1497049723369845,1.1496600536164534,1.149677824041834,-99.97434542060736,-99.970439444909,-99.97198469928992
AAPL260529P00235000,2026-04-30 19:55:00+00:00,235.0,0.82,0.0,0.0,0.0,0.0,283.0,0,0.12500875,False,REGULAR,USD,Put,AAPL,271.3500061035156,0.2339447408966455,0.0038326883235936,2026-05-29,28,0.0767123287671232,0.8660401500427876,0.0,0.82,0.0,0.1339598499572124,0.0358500003814697,0.12500875,market_iv,put,ITM,0.0,0.82,True,Apple Inc.,Technology,2026-05-01,1.986913828224286e-05,2.363673084495847e-05,2.249166464304321e-05,0.0,1.1450662019152606e-06,-0.8199801308617177,-0.819976363269155,-0.8199775083353569,0.8199801308617177,0.819976363269155,0.8199775083353569,-99.99757693435582,-99.99711747184817,-99.99725711406792
AAPL260529P00310000,2026-04-27 19:50:02+00:00,310.0,42.0,0.0,0.0,0.0,0.0,1.0,0,1.0000000000000004e-05,True,REGULAR,USD,Put,AAPL,271.3500061035156,0.2339447408966455,0.0038326883235936,2026-05-29,28,0.0767123287671232,1.1424359426096349,0.0,42.0,0.0,0.1424359426096346,0.0358500003814697,0.2339447408966455,hist_vol_fallback,put,OTM,38.649993896484375,3.350006103515625,True,Apple Inc.,Technology,2026-05-01,38.649993896484375,38.649993896484375,38.030450509099296,0.6195433873850789,0.6195433873850789,-3.350006103515625,-3.350006103515625,-3.969549490900704,3.350006103515625,3.350006103515625,3.969549490900704,-7.9762050083705365,-7.9762050083705365,-9.451308311668342
AAPL260605C00270000,2026-04-30 19:59:29+00:00,270.0,10.7,0.0,0.0,0.0,0.0,2566.0,0,1.0000000000000004e-05,True,REGULAR,USD,Call,AAPL,271.3500061035156,0.2339447408966455,0.0038326883235936,2026-06-05,35,0.0958904109589041,0.9950248532406496,0.0,10.7,0.0,0.0049751467593504,0.0358500003814697,0.2339447408966455,hist_vol_fallback,call,ATM,1.350006103515625,9.349993896484374,False,Apple Inc.,Technology,2026-05-01,8.952525365995262,9.236404132032444,8.942860386662375,0.009664979332887569,0.29354374537006933,-1.7474746340047371,-1.4635958679675554,-1.7571396133376247,1.7474746340047371,1.4635958679675554,1.7571396133376247,-16.331538635558292,-13.678466055771546,-16.421865545211446
AAPL260605C00275000,2026-04-30 19:58:17+00:00,275.0,7.8,0.0,0.0,0.0,0.0,412.0,0,0.007822421875,False,REGULAR,USD,Call,AAPL,271.3500061035156,0.2339447408966455,0.0038326883235936,2026-06-05,35,0.0958904109589041,1.0134512394117727,0.0,7.8,0.0,0.0134512394117727,0.0358500003814697,0.2339447408966455,hist_vol_fallback,call,ATM,0.0,7.8,False,Apple Inc.,Technology,2026-05-01,6.561071965950524,6.789701234821025,6.55453927376044,0.0065326921900839,0.23516196106058462,-1.2389280340494757,-1.010298765178975,-1.2454607262395596,1.2389280340494757,1.010298765178975,1.2454607262395596,-15.883692744224048,-12.952548271525322,-15.967445208199482
AAPL260605C00265000,2026-04-30 19:54:51+00:00,265.0,14.0,0.0,0.0,0.0,0.0,69.0,0,1.0000000000000004e-05,True,REGULAR,USD,Call,AAPL,271.3500061035156,0.2339447408966455,0.0038326883235936,2026-06-05,35,0.0958904109589041,0.9765984670695264,0.0,14.0,0.0,0.0234015329304735,0.0358500003814697,0.2339447408966455,hist_vol_fallback,call,ATM,6.350006103515625,7.649993896484375,False,Apple Inc.,Technology,2026-05-01,11.841261780676092,12.186770622111963,11.835162569127021,0.00609921154907056,0.35160805298494147,-2.158738219323908,-1.813229377888037,-2.1648374308729785,2.158738219323908,1.813229377888037,2.1648374308729785,-15.419558709456485,-12.95163841348598,-15.463124506235562
AAPL260605C00280000,2026-04-30 19:58:49+00:00,280.0,5.81,0.0,0.0,0.0,0.0,171.0,0,0.0312596875,False,REGULAR,USD,Call,AAPL,271.3500061035156,0.2339447408966455,0.0038326883235936,2026-06-05,35,0.0958904109589041,1.031877625582896,0.0,5.81,0.0,0.0318776255828958,0.0358500003814697,0.0312596875,market_iv,call,ITM,0.0,5.81,False,Apple Inc.,Technology,2026-05-01,0.0012401849933206953,0.00033917594863480324,0.0013249746075221225,0.0,0.0,-5.808759815006679,-5.809660824051365,-5.8086750253924775,5.808759815006679,5.809660824051365,5.8086750253924775,-99.97865430304095,-99.9941622039822,-99.97719492930256
AAPL260605C00260000,2026-04-30 19:58:08+00:00,260.0,16.38,0.0,0.0,0.0,0.0,6.0,0,1.0000000000000004e-05,True,REGULAR,USD,Call,AAPL,271.3500061035156,0.2339447408966455,0.0038326883235936,2026-06-05,35,0.0958904109589041,0.9581720808984032,0.0,16.38,0.0,0.0418279191015966,0.0358500003814697,0.2339447408966455,hist_vol_fallback,call,OTM,11.350006103515623,5.029993896484374,False,Apple Inc.,Technology,2026-05-01,15.214723798418529,15.619334376606547,15.214658912245028,6.488617350086656e-05,0.40467546436151913,-1.1652762015814702,-0.7606656233934519,-1.165341087754971,1.1652762015814702,0.7606656233934519,1.165341087754971,-7.114018324673201,-4.643868274685299,-7.1144144551585535
AAPL260605C00285000,2026-04-30 19:57:07+00:00,285.0,4.4,0.0,0.0,0.0,0.0,183.0,0,0.0312596875,False,REGULAR,USD,Call,AAPL,271.3500061035156,0.2339447408966455,0.0038326883235936,2026-06-05,35,0.0958904109589041,1.050304011754019,0.0,4.4,0.0,0.0503040117540189,0.0358500003814697,0.0312596875,market_iv,call,ITM,0.0,4.4,False,Apple Inc.,Technology,2026-05-01,3.810917419853417e-07,5.986680521501261e-08,5.245915201844615e-07,0.0,0.0,-4.399999618908258,-4.3999999401331955,-4.39999947540848,4.399999618908258,4.3999999401331955,4.39999947540848,-99.99999133882405,-99.9999986393908,-99.99998807746545
AAPL260605C00255000,2026-04-30 19:56:00+00:00,255.0,21.0,0.0,0.0,0.0,0.0,48.0,0,1.0000000000000004e-05,True,REGULAR,USD,Call,AAPL,271.3500061035156,0.2339447408966455,0.0038326883235936,2026-06-05,35,0.0958904109589041,0.9397456947272802,0.0,21.0,0.0,0.0602543052727198,0.0358500003814697,0.2339447408966455,hist_vol_fallback,call,OTM,16.350006103515625,4.649993896484375,False,Apple Inc.,Technology,2026-05-01,19.02928407352267,19.483467868321437,19.034017930685337,0.0,0.44944993763609986,-1.9707159264773288,-1.516532131678563,-1.9659820693146628,1.9707159264773288,1.516532131678563,1.9659820693146628,-9.384361554653948,-7.221581579421728,-9.361819377688871
AAPL260605C00290000,2026-04-30 19:57:47+00:00,290.0,2.81,0.0,0.0,0.0,0.0,526.0,0,0.062509375,False,REGULAR,USD,Call,AAPL,271.3500061035156,0.2339447408966455,0.0038326883235936,2026-06-05,35,0.0958904109589041,1.068730397925142,0.0,2.81,0.0,0.0687303979251421,0.0358500003814697,0.062509375,market_iv,call,ITM,0.0,2.81,False,Apple Inc.,Technology,2026-05-01,0.0007093343203260762,0.00037603612350254787,0.0007570613408851012,0.0,0.0,-2.809290665679674,-2.8096239638764975,-2.809242938659115,2.809290665679674,2.8096239638764975,2.809242938659115,-99.97475678575351,-99.98661793154795,-99.973058315271
AAPL260605C00250000,2026-04-30 19:59:19+00:00,250.0,24.95,0.0,0.0,0.0,0.0,6.0,0,1.0000000000000004e-05,True,REGULAR,USD,Call,AAPL,271.3500061035156,0.2339447408966455,0.0038326883235936,2026-06-05,35,0.0958904109589041,0.921319308556157,0.0,24.95,0.0,0.078680691443843,0.0358500003814697,0.2339447408966455,hist_vol_fallback,call,OTM,21.350006103515625,3.5999938964843743,False,Apple Inc.,Technology,2026-05-01,23.21629862358442,23.719617778920778,23.222840922905448,0.0,0.4967768560153303,-1.7337013764155778,-1.2303822210792212,-1.7271590770945515,1.7337013764155778,1.2303822210792212,1.7271590770945515,-6.948702911485281,-4.931391667652189,-6.922481270920046
AAPL260605C00295000,2026-04-30 19:58:40+00:00,295.0,2.1,0.0,0.0,0.0,0.0,148.0,0,0.062509375,False,REGULAR,USD,Call,AAPL,271.3500061035156,0.2339447408966455,0.0038326883235936,2026-06-05,35,0.0958904109589041,1.0871567840962653,0.0,2.1,0.0,0.0871567840962652,0.0358500003814697,0.062509375,market_iv,call,ITM,0.0,2.1,False,Apple Inc.,Technology,2026-05-01,1.6493120825981767e-05,8.038749415264467e-06,1.9120483073803256e-05,0.0,0.0,-2.099983506879174,-2.0999919612505846,-2.0999808795169264,2.099983506879174,2.0999919612505846,2.0999808795169264,-99.999214613294,-99.99961720240879,-99.99908950080602
AAPL260605C00245000,2026-04-30 19:41:18+00:00,245.0,30.67,0.0,0.0,0.0,0.0,8.0,0,1.0000000000000004e-05,True,REGULAR,USD,Call,AAPL,271.3500061035156,0.2339447408966455,0.0038326883235936,2026-06-05,35,0.0958904109589041,0.9028929223850338,0.0,30.67,0.0,0.0971070776149661,0.0358500003814697,0.2339447408966455,hist_vol_fallback,call,OTM,26.350006103515625,4.319993896484377,False,Apple Inc.,Technology,2026-05-01,27.694699232927803,28.228280026676305,27.69917993554185,0.0,0.5291000911344561,-2.9753007670721985,-2.4417199733236963,-2.9708200644581524,2.9753007670721985,2.4417199733236963,2.9708200644581524,-9.701013260750566,-7.961264992904129,-9.686403861943765
AAPL260605C00300000,2026-04-30 19:59:55+00:00,300.0,1.62,0.0,0.0,0.0,0.0,1094.0,0,0.062509375,False,REGULAR,USD,Call,AAPL,271.3500061035156,0.2339447408966455,0.0038326883235936,2026-06-05,35,0.0958904109589041,1.1055831702673884,0.0,1.62,0.0,0.1055831702673884,0.0358500003814697,0.062509375,market_iv,call,ITM,0.0,1.62,False,Apple Inc.,Technology,2026-05-01,1.8537373231605198e-07,8.885305496077103e-08,2.551382470590541e-07,0.0,0.0,-1.6199998146262677,-1.6199999111469452,-1.6199997448617531,1.6199998146262677,1.6199999111469452,1.6199997448617531,-99.999988557177,-99.99999451524353,-99.99998425072549
AAPL260605C00240000,2026-04-30 19:59:22+00:00,240.0,35.1,0.0,0.0,0.0,0.0,22.0,0,1.0000000000000004e-05,True,REGULAR,USD,Call,AAPL,271.3500061035156,0.2339447408966455,0.0038326883235936,2026-06-05,35,0.0958904109589041,0.8844665362139107,0.0,35.1,0.0,0.1155334637860893,0.0358500003814697,0.2339447408966455,hist_vol_fallback,call,OTM,31.350006103515625,3.749993896484376,False,Apple Inc.,Technology,2026-05-01,32.37828757946102,32.93069632632481,32.38189247628918,0.0,0.5488038500356254,-2.721712420538978,-2.169303673675195,-2.7181075237108203,2.721712420538978,2.169303673675195,2.7181075237108203,-7.754166440281988,-6.180352346652977,-7.743896078948205
AAPL260605C00305000,2026-04-30 19:59:38+00:00,305.0,1.16,0.0,0.0,0.0,0.0,47.0,0,0.062509375,False,REGULAR,USD,Call,AAPL,271.3500061035156,0.2339447408966455,0.0038326883235936,2026-06-05,35,0.0958904109589041,1.1240095564385115,0.0,1.16,0.0,0.1240095564385115,0.0358500003814697,0.062509375,market_iv,call,ITM,0.0,1.16,False,Apple Inc.,Technology,2026-05-01,1.0015155549654921e-09,5.159158826460847e-10,1.8318160929775695e-09,0.0,0.0,-1.1599999989984844,-1.159999999484084,-1.1599999981681839,1.1599999989984844,1.159999999484084,1.1599999981681839,-99.99999991366245,-99.99999995552449,-99.99999984208483
AAPL260605C00310000,2026-04-30 19:59:38+00:00,310.0,0.84,0.0,0.0,0.0,0.0,538.0,0,0.062509375,False,REGULAR,USD,Call,AAPL,271.3500061035156,0.2339447408966455,0.0038326883235936,2026-06-05,35,0.0958904109589041,1.1424359426096349,0.0,0.84,0.0,0.1424359426096346,0.0358500003814697,0.062509375,market_iv,call,ITM,0.0,0.84,False,Apple Inc.,Technology,2026-05-01,2.576511614793436e-12,1.582070956201898e-12,7.232889916956894e-12,0.0,0.0,-0.8399999999974235,-0.8399999999984179,-0.8399999999927671,0.8399999999974235,0.8399999999984179,0.8399999999927671,-99.99999999969327,-99.99999999981166,-99.99999999913895
AAPL260605P00270000,2026-04-30 19:58:12+00:00,270.0,8.63,0.0,0.0,0.0,0.0,73.0,0,0.0039162109375,False,REGULAR,USD,Put,AAPL,271.3500061035156,0.2339447408966455,0.0038326883235936,2026-06-05,35,0.0958904109589041,0.9950248532406496,0.0,8.63,0.0,0.0049751467593504,0.0358500003814697,0.2339447408966455,hist_vol_fallback,put,ATM,0.0,8.63,True,Apple Inc.,Technology,2026-05-01,6.8255557405156155,6.569864987771258,6.765984291731314,0.05957144878430132,0.0,-1.8044442594843852,-2.060135012228743,-1.8640157082686866,1.8044442594843852,2.060135012228743,1.8640157082686866,-20.90897172056066,-23.87178461446979,-21.599255020494628
AAPL260605P00275000,2026-04-30 19:58:40+00:00,275.0,11.2,0.0,0.0,0.0,0.0,308.0,0,1.0000000000000004e-05,True,REGULAR,USD,Put,AAPL,271.3500061035156,0.2339447408966455,0.0038326883235936,2026-06-05,35,0.0958904109589041,1.0134512394117727,0.0,11.2,0.0,0.0134512394117727,0.0358500003814697,0.2339447408966455,hist_vol_fallback,put,ATM,3.649993896484375,7.550006103515624,True,Apple Inc.,Technology,2026-05-01,9.44463659282844,9.15565003447733,9.360504332616387,0.08413226021205311,0.0,-1.7553634071715596,-2.0443499655226685,-1.8394956673836127,1.7553634071715596,2.0443499655226685,1.8394956673836127,-15.672887564031784,-18.253124692166683,-16.424068458782255
AAPL260605P00265000,2026-04-30 19:57:14+00:00,265.0,6.2,0.0,0.0,0.0,0.0,29.0,0,0.01563484375,False,REGULAR,USD,Put,AAPL,271.3500061035156,0.2339447408966455,0.0038326883235936,2026-06-05,35,0.0958904109589041,0.9765984670695264,0.0,6.2,0.0,0.0234015329304735,0.0358500003814697,0.01563484375,market_iv,put,ATM,0.0,6.2,True,Apple Inc.,Technology,2026-05-01,3.026790672471484e-09,4.076956193813877e-08,3.6422223960475244e-09,0.0,3.7127339542091244e-08,-6.19999999697321,-6.199999959230438,-6.199999996357778,6.19999999697321,6.199999959230438,6.199999996357778,-99.9999999511808,-99.99999934242642,-99.99999994125449
AAPL260605P00280000,2026-04-29 14:19:04+00:00,280.0,14.9,0.0,0.0,0.0,0.0,1.0,0,1.0000000000000004e-05,True,REGULAR,USD,Put,AAPL,271.3500061035156,0.2339447408966455,0.0038326883235936,2026-06-05,35,0.0958904109589041,1.031877625582896,0.0,14.9,0.0,0.0318776255828958,0.0358500003814697,0.2339447408966455,hist_vol_fallback,put,OTM,8.649993896484375,6.250006103515625,True,Apple Inc.,Technology,2026-05-01,12.554510194461361,12.253739712423329,12.443713110398534,0.11079708406282762,0.0,-2.345489805538639,-2.6462602875766716,-2.4562868896014667,2.345489805538639,2.6462602875766716,2.4562868896014667,-15.741542319051268,-17.760136158232694,-16.485146910076956
AAPL260605P00260000,2026-04-30 19:58:51+00:00,260.0,4.83,0.0,0.0,0.0,0.0,102.0,0,0.0312596875,False,REGULAR,USD,Put,AAPL,271.3500061035156,0.2339447408966455,0.0038326883235936,2026-06-05,35,0.0958904109589041,0.9581720808984032,0.0,4.83,0.0,0.0418279191015966,0.0358500003814697,0.0312596875,market_iv,put,ITM,0.0,4.83,True,Apple Inc.,Technology,2026-05-01,4.779677495376095e-07,1.6212868765707616e-06,5.60351763793693e-07,0.0,1.0609351127770686e-06,-4.82999952203225,-4.829998378713124,-4.829999439648236,4.82999952203225,4.829998378713124,4.829999439648236,-99.99999010418738,-99.99996643298392,-99.9999883985142
AAPL260605P00255000,2026-04-30 19:57:53+00:00,255.0,3.7,0.0,0.0,0.0,0.0,222.0,0,0.0312596875,False,REGULAR,USD,Put,AAPL,271.3500061035156,0.2339447408966455,0.0038326883235936,2026-06-05,35,0.0958904109589041,0.9397456947272802,0.0,3.7,0.0,0.0602543052727198,0.0358500003814697,0.0312596875,market_iv,put,ITM,0.0,3.7,True,Apple Inc.,Technology,2026-05-01,1.3680041339925106e-12,1.0441592106927242e-11,2.9229740118996126e-12,0.0,7.518618095027629e-12,-3.6999999999986324,-3.6999999999895588,-3.699999999997077,3.6999999999986324,3.6999999999895588,3.699999999997077,-99.99999999996302,-99.9999999997178,-99.999999999921
AAPL260605P00250000,2026-04-30 19:57:23+00:00,250.0,2.6,0.0,0.0,0.0,0.0,79.0,0,0.062509375,False,REGULAR,USD,Put,AAPL,271.3500061035156,0.2339447408966455,0.0038326883235936,2026-06-05,35,0.0958904109589041,0.921319308556157,0.0,2.6,0.0,0.078680691443843,0.0358500003814697,0.062509375,market_iv,put,ITM,0.0,2.6,True,Apple Inc.,Technology,2026-05-01,5.026750738947493e-06,9.324701202139778e-06,5.888548989082176e-06,0.0,3.436152213057602e-06,-2.5999949732492613,-2.599990675298798,-2.5999941114510112,2.5999949732492613,2.599990675298798,2.5999941114510112,-99.99980666343312,-99.99964135764607,-99.99977351734658
AAPL260605P00245000,2026-04-30 19:56:54+00:00,245.0,1.91,0.0,0.0,0.0,0.0,77.0,0,0.062509375,False,REGULAR,USD,Put,AAPL,271.3500061035156,0.2339447408966455,0.0038326883235936,2026-06-05,35,0.0958904109589041,0.9028929223850338,0.0,1.91,0.0,0.0971070776149661,0.0358500003814697,0.062509375,market_iv,put,ITM,0.0,1.91,True,Apple Inc.,Technology,2026-05-01,1.667328030485908e-08,3.7154409825190295e-08,2.3520369110232395e-08,0.0,1.36340407149579e-08,-1.9099999833267196,-1.9099999628455901,-1.9099999764796307,1.9099999833267196,1.9099999628455901,1.9099999764796307,-99.99999912705339,-99.99999805474295,-99.99999876856705
AAPL260605P00240000,2026-04-30 19:59:39+00:00,240.0,1.35,0.0,0.0,0.0,0.0,293.0,0,0.062509375,False,REGULAR,USD,Put,AAPL,271.3500061035156,0.2339447408966455,0.0038326883235936,2026-06-05,35,0.0958904109589041,0.8844665362139107,0.0,1.35,0.0,0.1155334637860893,0.0358500003814697,0.062509375,market_iv,put,ITM,0.0,1.35,True,Apple Inc.,Technology,2026-05-01,1.3571157707193099e-11,4.791685076678967e-11,2.8942690012584617e-11,0.0,1.8974160754205056e-11,-1.349999999986429,-1.3499999999520833,-1.3499999999710575,1.349999999986429,1.3499999999520833,1.3499999999710575,-99.99999999899472,-99.99999999645061,-99.99999999785611
AAPL260605P00235000,2026-04-30 19:58:06+00:00,235.0,1.15,0.0,0.0,0.0,0.0,107.0,0,0.12500875,False,REGULAR,USD,Put,AAPL,271.3500061035156,0.2339447408966455,0.0038326883235936,2026-06-05,35,0.0958904109589041,0.8660401500427876,0.0,1.15,0.0,0.1339598499572124,0.0358500003814697,0.12500875,market_iv,put,ITM,0.0,1.15,True,Apple Inc.,Technology,2026-05-01,0.00015642714035078137,0.0001838849943531009,0.0001698590914620858,0.0,1.4025902891015102e-05,-1.1498435728596492,-1.1498161150056467,-1.1498301409085379,1.1498435728596492,1.1498161150056467,1.1498301409085379,-99.98639763996951,-99.98401000049103,-99.98522964422068
MSFT260522C00410000,2026-04-30 19:59:42+00:00,410.0,10.75,0.0,0.0,0.0,0.0,1093.0,0,0.007822421875,False,REGULAR,USD,Call,MSFT,407.7799987792969,0.2391426453723407,0.0085340134641657,2026-05-22,21,0.0575342465753424,1.0054441150310187,0.0,10.75,0.0,0.0054441150310187,0.0358500003814697,0.2391426453723407,hist_vol_fallback,call,ATM,0.0,10.75,False,Microsoft Corp.,Technology,2026-05-01,8.586134181618023,8.88515701743431,8.577195478555723,0.00893870306230049,0.3079615388785868,-2.163865818381977,-1.8648429825656905,-2.1728045214442773,2.163865818381977,1.8648429825656905,2.1728045214442773,-20.12898435704164,-17.347376582006426,-20.21213508320258
MSFT260522C00405000,2026-04-30 19:59:56+00:00,405.0,13.5,0.0,0.0,0.0,0.0,650.0,0,1.0000000000000004e-05,True,REGULAR,USD,Call,MSFT,407.7799987792969,0.2391426453723407,0.0085340134641657,2026-05-22,21,0.0575342465753424,0.9931826014330792,0.0,13.5,0.0,0.0068173985669206,0.0358500003814697,0.2391426453723407,hist_vol_fallback,call,ATM,2.779998779296875,10.720001220703123,False,Microsoft Corp.,Technology,2026-05-01,11.094178424541239,11.450516551617278,11.093503979102366,0.0006744454388734056,0.3570125725149129,-2.405821575458761,-2.0494834483827216,-2.4064960208976345,2.405821575458761,2.0494834483827216,2.4064960208976345,-17.820900558953788,-15.181358876909048,-17.82589645109359
MSFT260522C00415000,2026-04-30 19:49:14+00:00,415.0,8.68,0.0,0.0,0.0,0.0,305.0,0,0.01563484375,False,REGULAR,USD,Call,MSFT,407.7799987792969,0.2391426453723407,0.0085340134641657,2026-05-22,21,0.0575342465753424,1.017705628628958,0.0,8.68,0.0,0.0177056286289578,0.0358500003814697,0.01563484375,market_iv,call,ATM,0.0,8.68,False,Microsoft Corp.,Technology,2026-05-01,2.608721302858414e-06,2.3351682051314656e-07,3.3577326302254226e-06,0.0,0.0,-8.679997391278697,-8.67999976648318,-8.679996642267369,8.679997391278697,8.67999976648318,8.679996642267369,-99.9999699456071,-99.99999730971405,-99.99996131644436
MSFT260522C00400000,2026-04-30 19:56:32+00:00,400.0,17.2,0.0,0.0,0.0,0.0,465.0,0,1.0000000000000004e-05,True,REGULAR,USD,Call,MSFT,407.7799987792969,0.2391426453723407,0.0085340134641657,2026-05-22,21,0.0575342465753424,0.98092108783514,0.0,17.2,0.0,0.0190789121648599,0.0358500003814697,0.2391426453723407,hist_vol_fallback,call,ATM,7.779998779296875,9.420001220703124,False,Microsoft Corp.,Technology,2026-05-01,14.04264396771543,14.461191823224956,14.033636136299151,0.009007831416278478,0.42755568692580503,-3.1573560322845697,-2.738808176775043,-3.166363863700848,3.1573560322845697,2.738808176775043,3.166363863700848,-18.356721117933546,-15.923303353343274,-18.409092230818885
MSFT260522C00420000,2026-04-30 19:59:55+00:00,420.0,6.75,0.0,0.0,0.0,0.0,785.0,0,0.0312596875,False,REGULAR,USD,Call,MSFT,407.7799987792969,0.2391426453723407,0.0085340134641657,2026-05-22,21,0.0575342465753424,1.0299671422268972,0.0,6.75,0.0,0.0299671422268972,0.0358500003814697,0.0312596875,market_iv,call,ATM,0.0,6.75,False,Microsoft Corp.,Technology,2026-05-01,6.333580151209537e-05,2.3513723389011307e-05,7.137217731078421e-05,0.0,0.0,-6.749936664198488,-6.749976486276611,-6.7499286278226895,6.749936664198488,6.749976486276611,6.7499286278226895,-99.99906169182945,-99.99965164854238,-99.99894263441021
MSFT260522C00395000,2026-04-30 19:43:40+00:00,395.0,20.5,0.0,0.0,0.0,0.0,100.0,0,1.0000000000000004e-05,True,REGULAR,USD,Call,MSFT,407.7799987792969,0.2391426453723407,0.0085340134641657,2026-05-22,21,0.0575342465753424,0.9686595742372008,0.0,20.5,0.0,0.0313404257627991,0.0358500003814697,0.2391426453723407,hist_vol_fallback,call,OTM,12.779998779296877,7.720001220703125,False,Microsoft Corp.,Technology,2026-05-01,17.377328402320668,17.869168068640935,17.382428423428166,0.0,0.4867396452127686,-3.1226715976793322,-2.630831931359065,-3.1175715765718337,3.1226715976793322,2.630831931359065,3.1175715765718337,-15.23254437892357,-12.833326494434463,-15.207666227179676
MSFT260522C00425000,2026-04-30 19:58:27+00:00,425.0,5.3,0.0,0.0,0.0,0.0,942.0,0,0.0312596875,False,REGULAR,USD,Call,MSFT,407.7799987792969,0.2391426453723407,0.0085340134641657,2026-05-22,21,0.0575342465753424,1.0422286558248364,0.0,5.3,0.0,0.0422286558248363,0.0358500003814697,0.0312596875,market_iv,call,ITM,0.0,5.3,False,Microsoft Corp.,Technology,2026-05-01,1.8791278983084185e-08,6.0448899334530445e-09,3.0793073198114604e-08,0.0,0.0,-5.299999981208721,-5.29999999395511,-5.299999969206927,5.299999981208721,5.29999999395511,5.299999969206927,-99.99999964544757,-99.99999988594548,-99.99999941899861
MSFT260522C00390000,2026-04-30 19:55:00+00:00,390.0,24.05,0.0,0.0,0.0,0.0,93.0,0,1.0000000000000004e-05,True,REGULAR,USD,Call,MSFT,407.7799987792969,0.2391426453723407,0.0085340134641657,2026-05-22,21,0.0575342465753424,0.9563980606392616,0.0,24.05,0.0,0.0436019393607384,0.0358500003814697,0.2391426453723407,hist_vol_fallback,call,OTM,17.779998779296875,6.270001220703126,False,Microsoft Corp.,Technology,2026-05-01,21.113537271993145,21.642331879087447,21.106848195977364,0.006689076015781836,0.5354836831100833,-2.9364627280068554,-2.407668120912554,-2.943151804022637,2.9364627280068554,2.407668120912554,2.943151804022637,-12.209824232876738,-10.011094057848457,-12.237637438763564
MSFT260522C00430000,2026-04-30 19:58:16+00:00,430.0,4.3,0.0,0.0,0.0,0.0,571.0,0,0.062509375,False,REGULAR,USD,Call,MSFT,407.7799987792969,0.2391426453723407,0.0085340134641657,2026-05-22,21,0.0575342465753424,1.0544901694227755,0.0,4.3,0.0,0.0544901694227757,0.0358500003814697,0.062509375,market_iv,call,ITM,0.0,4.3,False,Microsoft Corp.,Technology,2026-05-01,0.00043163527845706094,0.000298417924518833,0.0004761657869535585,0.0,0.0,-4.299568364721543,-4.299701582075481,-4.299523834213046,4.299568364721543,4.299701582075481,4.299523834213046,-99.98996197026844,-99.993060048267,-99.98892637704758
MSFT260522C00385000,2026-04-30 18:20:31+00:00,385.0,24.43,0.0,0.0,0.0,0.0,12.0,0,1.0000000000000004e-05,True,REGULAR,USD,Call,MSFT,407.7799987792969,0.2391426453723407,0.0085340134641657,2026-05-22,21,0.0575342465753424,0.9441365470413224,0.0,24.43,0.0,0.0558634529586776,0.0358500003814697,0.2391426453723407,hist_vol_fallback,call,OTM,22.779998779296875,1.6500012207031247,False,Microsoft Corp.,Technology,2026-05-01,25.155062776061854,25.73520213358571,25.15980944740693,0.0,0.5753926861787804,0.7250627760618542,1.3052021335857091,0.7298094474069288,0.7250627760618542,1.3052021335857091,0.7298094474069288,2.9679196727869597,5.342620276650467,2.9873493549198886
MSFT260522C00435000,2026-04-30 19:52:17+00:00,435.0,3.36,0.0,0.0,0.0,0.0,375.0,0,0.062509375,False,REGULAR,USD,Call,MSFT,407.7799987792969,0.2391426453723407,0.0085340134641657,2026-05-22,21,0.0575342465753424,1.0667516830207149,0.0,3.36,0.0,0.0667516830207148,0.0358500003814697,0.062509375,market_iv,call,ITM,0.0,3.36,False,Microsoft Corp.,Technology,2026-05-01,1.5392524730042113e-05,1.0080451209189979e-05,1.7825913910136763e-05,0.0,0.0,-3.35998460747527,-3.3599899195487906,-3.3599821740860896,3.35998460747527,3.3599899195487906,3.3599821740860896,-99.99954188914494,-99.99969998657116,-99.99946946684791
MSFT260522C00380000,2026-04-30 19:52:01+00:00,380.0,32.15,0.0,0.0,0.0,0.0,70.0,0,1.0000000000000004e-05,True,REGULAR,USD,Call,MSFT,407.7799987792969,0.2391426453723407,0.0085340134641657,2026-05-22,21,0.0575342465753424,0.9318750334433832,0.0,32.15,0.0,0.0681249665566169,0.0358500003814697,0.2391426453723407,hist_vol_fallback,call,OTM,27.779998779296875,4.370001220703124,False,Microsoft Corp.,Technology,2026-05-01,29.486942376067365,30.093571151761655,29.48569650988378,0.0012458661835843543,0.6078746418778742,-2.663057623932634,-2.056428848238344,-2.664303490116218,2.663057623932634,2.056428848238344,2.664303490116218,-8.28322744613572,-6.396357226246793,-8.28710261311421
MSFT260522C00440000,2026-04-30 19:54:20+00:00,440.0,2.8,0.0,0.0,0.0,0.0,814.0,0,0.062509375,False,REGULAR,USD,Call,MSFT,407.7799987792969,0.2391426453723407,0.0085340134641657,2026-05-22,21,0.0575342465753424,1.079013196618654,0.0,2.8,0.0,0.079013196618654,0.0358500003814697,0.062509375,market_iv,call,ITM,0.0,2.8,False,Microsoft Corp.,Technology,2026-05-01,2.9374839402196567e-07,2.080808181118383e-07,4.042839372062849e-07,0.0,0.0,-2.7999997062516058,-2.799999791919182,-2.799999595716063,2.7999997062516058,2.799999791919182,2.799999595716063,-99.99998950898593,-99.99999256854221,-99.99998556128796
MSFT260522C00375000,2026-04-30 19:54:20+00:00,375.0,37.4,0.0,0.0,0.0,0.0,15.0,0,1.0000000000000004e-05,True,REGULAR,USD,Call,MSFT,407.7799987792969,0.2391426453723407,0.0085340134641657,2026-05-22,21,0.0575342465753424,0.9196135198454438,0.0,37.4,0.0,0.0803864801545561,0.0358500003814697,0.2391426453723407,hist_vol_fallback,call,OTM,32.779998779296875,4.620001220703124,False,Microsoft Corp.,Technology,2026-05-01,34.02665126219692,34.6633081828195,34.02649840543404,0.00015285676288101513,0.6368097773854586,-3.3733487378030773,-2.7366918171804997,-3.3735015945659583,3.3733487378030773,2.7366918171804997,3.3735015945659583,-9.01964903155903,-7.31735779994786,-9.020057739481173
MSFT260522C00445000,2026-04-30 19:59:56+00:00,445.0,1.92,0.0,0.0,0.0,0.0,300.0,0,0.062509375,False,REGULAR,USD,Call,MSFT,407.7799987792969,0.2391426453723407,0.0085340134641657,2026-05-22,21,0.0575342465753424,1.0912747102165934,0.0,1.92,0.0,0.0912747102165933,0.0358500003814697,0.062509375,market_iv,call,ITM,0.0,1.92,False,Microsoft Corp.,Technology,2026-05-01,3.202837171625651e-09,2.575405582902354e-09,5.597340263584884e-09,0.0,0.0,-1.9199999967971628,-1.9199999974245943,-1.9199999944026596,1.9199999967971628,1.9199999974245943,1.9199999944026596,-99.99999983318557,-99.99999986586428,-99.99999970847185
MSFT260522C00370000,2026-04-30 18:50:48+00:00,370.0,39.21,0.0,0.0,0.0,0.0,20.0,0,1.0000000000000004e-05,True,REGULAR,USD,Call,MSFT,407.7799987792969,0.2391426453723407,0.0085340134641657,2026-05-22,21,0.0575342465753424,0.9073520062475046,0.0,39.21,0.0,0.0926479937524954,0.0358500003814697,0.2391426453723407,hist_vol_fallback,call,OTM,37.77999877929688,1.430001220703126,False,Microsoft Corp.,Technology,2026-05-01,38.722851039876694,39.38565828275362,38.72738918805203,0.0,0.6582690947015877,-0.48714896012330655,0.1756582827536164,-0.4826108119479713,0.48714896012330655,0.1756582827536164,0.4826108119479713,-1.2424099977641074,0.4479935800908349,-1.2308360416933724
MSFT260522C00450000,2026-04-30 19:58:29+00:00,450.0,1.7,0.0,0.0,0.0,0.0,1501.0,0,0.062509375,False,REGULAR,USD,Call,MSFT,407.7799987792969,0.2391426453723407,0.0085340134641657,2026-05-22,21,0.0575342465753424,1.1035362238145323,0.0,1.7,0.0,0.1035362238145325,0.0358500003814697,0.062509375,market_iv,call,ITM,0.0,1.7,False,Microsoft Corp.,Technology,2026-05-01,2.035262150754213e-11,1.9366411340076693e-11,4.779246937136459e-11,0.0,0.0,-1.6999999999796473,-1.6999999999806334,-1.6999999999522075,1.6999999999796473,1.6999999999806334,1.6999999999522075,-99.99999999880279,-99.99999999886079,-99.99999999718868
MSFT260522C00365000,2026-04-29 16:31:47+00:00,365.0,60.0,0.0,0.0,0.0,0.0,5.0,0,1.0000000000000004e-05,True,REGULAR,USD,Call,MSFT,407.7799987792969,0.2391426453723407,0.0085340134641657,2026-05-22,21,0.0575342465753424,0.8950904926495653,0.0,60.0,0.0,0.1049095073504347,0.0358500003814697,0.2391426453723407,hist_vol_fallback,call,OTM,42.77999877929688,17.220001220703125,False,Microsoft Corp.,Technology,2026-05-01,43.54024337203836,44.213135191843264,43.540842042418376,0.0,0.6722931494248883,-16.45975662796164,-15.786864808156736,-16.459157957581624,16.45975662796164,15.786864808156736,16.459157957581624,-27.4329277132694,-26.311441346927893,-27.431929929302708
MSFT260522C00455000,2026-04-30 19:17:40+00:00,455.0,1.24,0.0,0.0,0.0,0.0,110.0,0,0.12500875,False,REGULAR,USD,Call,MSFT,407.7799987792969,0.2391426453723407,0.0085340134641657,2026-05-22,21,0.0575342465753424,1.115797737412472,0.0,1.24,0.0,0.1157977374124719,0.0358500003814697,0.12500875,market_iv,call,ITM,0.0,1.24,False,Microsoft Corp.,Technology,2026-05-01,0.00045881919991708767,0.0004270274958017552,0.00050090121363848,0.0,0.0,-1.239541180800083,-1.2395729725041982,-1.2394990987863614,1.239541180800083,1.2395729725041982,1.2394990987863614,-99.96299845161958,-99.96556229872566,-99.9596047408356
MSFT260522C00360000,2026-04-30 19:53:15+00:00,360.0,50.73,0.0,0.0,0.0,0.0,91.0,0,1.0000000000000004e-05,True,REGULAR,USD,Call,MSFT,407.7799987792969,0.2391426453723407,0.0085340134641657,2026-05-22,21,0.0575342465753424,0.8828289790516262,0.0,50.73,0.0,0.1171710209483738,0.0358500003814697,0.2391426453723407,hist_vol_fallback,call,OTM,47.77999877929688,2.950001220703122,False,Microsoft Corp.,Technology,2026-05-01,48.42810844321999,49.10987358673289,48.428832782849554,0.0,0.6810408038833344,-2.3018915567800065,-1.6201264132671085,-2.301167217150443,2.3018915567800065,1.6201264132671085,2.301167217150443,-4.537535101084185,-3.193625888561223,-4.53610726818538
MSFT260522P00410000,2026-04-30 19:36:03+00:00,410.0,12.4,0.0,0.0,0.0,0.0,135.0,0,1.0000000000000004e-05,True,REGULAR,USD,Put,MSFT,407.7799987792969,0.2391426453723407,0.0085340134641657,2026-05-22,21,0.0575342465753424,1.0054441150310187,0.0,12.4,0.0,0.0054441150310187,0.0358500003814697,0.2391426453723407,hist_vol_fallback,put,ATM,2.220001220703125,10.179998779296875,True,Microsoft Corp.,Technology,2026-05-01,10.208085523927508,9.873440528748546,10.15257113785296,0.05551438607454884,0.0,-2.1919144760724922,-2.5265594712514545,-2.247428862147041,2.1919144760724922,2.5265594712514545,2.247428862147041,-17.676729645745905,-20.375479606866566,-18.124426307637428
MSFT260522P00405000,2026-04-30 19:56:22+00:00,405.0,9.65,0.0,0.0,0.0,0.0,237.0,0,0.007822421875,False,REGULAR,USD,Put,MSFT,407.7799987792969,0.2391426453723407,0.0085340134641657,2026-05-22,21,0.0575342465753424,0.9931826014330792,0.0,9.65,0.0,0.0068173985669206,0.0358500003814697,0.2391426453723407,hist_vol_fallback,put,ATM,0.0,9.65,True,Microsoft Corp.,Technology,2026-05-01,7.712951213983335,7.417261345013294,7.679182023691254,0.03376919029208114,0.0,-1.937048786016665,-2.232738654986706,-1.9708179763087461,1.937048786016665,2.232738654986706,1.9708179763087461,-20.073044414680467,-23.137188134577265,-20.422984210453325
MSFT260522P00415000,2026-04-30 19:44:19+00:00,415.0,14.4,0.0,0.0,0.0,0.0,74.0,0,1.0000000000000004e-05,True,REGULAR,USD,Put,MSFT,407.7799987792969,0.2391426453723407,0.0085340134641657,2026-05-22,21,0.0575342465753424,1.017705628628958,0.0,14.4,0.0,0.0177056286289578,0.0358500003814697,0.2391426453723407,hist_vol_fallback,put,ATM,7.220001220703125,7.179998779296875,True,Microsoft Corp.,Technology,2026-05-01,13.112864967248681,12.758627184113426,13.045692570581707,0.06717239666697417,0.0,-1.2871350327513191,-1.6413728158865748,-1.3543074294182933,1.2871350327513191,1.6413728158865748,1.3543074294182933,-8.938437727439716,-11.398422332545657,-9.404912704293702
MSFT260522P00400000,2026-04-30 19:55:00+00:00,400.0,7.6,0.0,0.0,0.0,0.0,428.0,0,0.01563484375,False,REGULAR,USD,Put,MSFT,407.7799987792969,0.2391426453723407,0.0085340134641657,2026-05-22,21,0.0575342465753424,0.98092108783514,0.0,7.6,0.0,0.0190789121648599,0.0358500003814697,0.01563484375,market_iv,put,ATM,0.0,7.6,True,Microsoft Corp.,Technology,2026-05-01,2.671037787704041e-09,1.733046585117146e-08,3.553772695689203e-09,0.0,1.3776693155482257e-08,-7.599999997328962,-7.599999982669534,-7.599999996446227,7.599999997328962,7.599999982669534,7.599999996446227,-99.99999996485477,-99.99999977196755,-99.99999995323984
MSFT260522P00420000,2026-04-30 19:58:05+00:00,420.0,18.13,0.0,0.0,0.0,0.0,81.0,0,1.0000000000000004e-05,True,REGULAR,USD,Put,MSFT,407.7799987792969,0.2391426453723407,0.0085340134641657,2026-05-22,21,0.0575342465753424,1.0299671422268972,0.0,18.13,0.0,0.0299671422268972,0.0358500003814697,0.2391426453723407,hist_vol_fallback,put,ATM,12.220001220703123,5.909998779296874,True,Microsoft Corp.,Technology,2026-05-01,16.434266493324188,16.04933141861396,16.33640632972356,0.09786016360062888,0.0,-1.6957335066758112,-2.080668581386039,-1.7935936702764401,1.6957335066758112,2.080668581386039,1.7935936702764401,-9.353190880727034,-11.476384894572748,-9.892960122870601
MSFT260522P00395000,2026-04-30 19:55:02+00:00,395.0,5.95,0.0,0.0,0.0,0.0,221.0,0,0.0312596875,False,REGULAR,USD,Put,MSFT,407.7799987792969,0.2391426453723407,0.0085340134641657,2026-05-22,21,0.0575342465753424,0.9686595742372008,0.0,5.95,0.0,0.0313404257627991,0.0358500003814697,0.0312596875,market_iv,put,ITM,0.0,5.95,True,Microsoft Corp.,Technology,2026-05-01,2.1789934970994224e-06,5.206156610005604e-06,2.581428202352463e-06,0.0,2.624728407653141e-06,-5.949997821006503,-5.94999479384339,-5.949997418571797,5.949997821006503,5.94999479384339,5.949997418571797,-99.99996337826056,-99.99991250156958,-99.99995661465205
MSFT260522P00425000,2026-04-30 19:56:22+00:00,425.0,21.4,0.0,0.0,0.0,0.0,34.0,0,1.0000000000000004e-05,True,REGULAR,USD,Put,MSFT,407.7799987792969,0.2391426453723407,0.0085340134641657,2026-05-22,21,0.0575342465753424,1.0422286558248364,0.0,21.4,0.0,0.0422286558248363,0.0358500003814697,0.2391426453723407,hist_vol_fallback,put,OTM,17.220001220703125,4.179998779296874,True,Microsoft Corp.,Technology,2026-05-01,20.10551992303243,19.72437490115666,19.987919247665218,0.11760067536721053,0.0,-1.2944800769675702,-1.6756250988433372,-1.4120807523347807,1.2944800769675702,1.6756250988433372,1.4120807523347807,-6.048972322278366,-7.830023826370736,-6.5985081884802845
MSFT260522P00390000,2026-04-30 19:40:18+00:00,390.0,4.45,0.0,0.0,0.0,0.0,750.0,0,0.0312596875,False,REGULAR,USD,Put,MSFT,407.7799987792969,0.2391426453723407,0.0085340134641657,2026-05-22,21,0.0575342465753424,0.9563980606392616,0.0,4.45,0.0,0.0436019393607384,0.0358500003814697,0.0312596875,market_iv,put,ITM,0.0,4.45,True,Microsoft Corp.,Technology,2026-05-01,9.164427391637825e-11,3.91749180076173e-10,1.7325358363484608e-10,0.0,2.184955964413269e-10,-4.449999999908356,-4.449999999608251,-4.449999999826747,4.449999999908356,4.449999999608251,4.449999999826747,-99.99999999794058,-99.99999999119666,-99.99999999610667
MSFT260522P00430000,2026-04-30 18:54:05+00:00,430.0,26.97,0.0,0.0,0.0,0.0,54.0,0,1.0000000000000004e-05,True,REGULAR,USD,Put,MSFT,407.7799987792969,0.2391426453723407,0.0085340134641657,2026-05-22,21,0.0575342465753424,1.0544901694227755,0.0,26.97,0.0,0.0544901694227757,0.0358500003814697,0.2391426453723407,hist_vol_fallback,put,OTM,22.220001220703125,4.749998779296874,True,Microsoft Corp.,Technology,2026-05-01,24.117432557558974,23.74744697213993,23.95356232034561,0.1638702372133629,0.0,-2.852567442441025,-3.2225530278600694,-3.0164376796543877,2.852567442441025,3.2225530278600694,3.0164376796543877,-10.576816620100203,-11.948657871190468,-11.184418537836068
MSFT260522P00385000,2026-04-30 19:49:38+00:00,385.0,3.5,0.0,0.0,0.0,0.0,468.0,0,0.062509375,False,REGULAR,USD,Put,MSFT,407.7799987792969,0.2391426453723407,0.0085340134641657,2026-05-22,21,0.0575342465753424,0.9441365470413224,0.0,3.5,0.0,0.0558634529586776,0.0358500003814697,0.062509375,market_iv,put,ITM,0.0,3.5,True,Microsoft Corp.,Technology,2026-05-01,4.9716838665525e-05,7.306758813233802e-05,5.552662945728856e-05,0.0,1.754095867504946e-05,-3.4999502831613345,-3.4999269324118676,-3.499944473370543,3.4999502831613345,3.4999269324118676,3.499944473370543,-99.99857951889527,-99.99791235462479,-99.99841352487266
MSFT260522P00435000,2026-04-30 14:14:39+00:00,435.0,34.5,0.0,0.0,0.0,0.0,5.0,0,1.0000000000000004e-05,True,REGULAR,USD,Put,MSFT,407.7799987792969,0.2391426453723407,0.0085340134641657,2026-05-22,21,0.0575342465753424,1.0667516830207149,0.0,34.5,0.0,0.0667516830207148,0.0358500003814697,0.2391426453723407,hist_vol_fallback,put,OTM,27.220001220703125,7.279998779296875,True,Microsoft Corp.,Technology,2026-05-01,28.3801928001301,28.050661621819238,28.18198856195164,0.19820423817845878,0.0,-6.1198071998699,-6.449338378180762,-6.318011438048359,6.1198071998699,6.449338378180762,6.318011438048359,-17.738571593825796,-18.693734429509455,-18.313076632024227
MSFT260522P00380000,2026-04-30 19:51:15+00:00,380.0,2.5,0.0,0.0,0.0,0.0,633.0,0,0.062509375,False,REGULAR,USD,Put,MSFT,407.7799987792969,0.2391426453723407,0.0085340134641657,2026-05-22,21,0.0575342465753424,0.9318750334433832,0.0,2.5,0.0,0.0681249665566169,0.0358500003814697,0.062509375,market_iv,put,ITM,0.0,2.5,True,Microsoft Corp.,Technology,2026-05-01,6.866407529558699e-07,1.1603033579731927e-06,8.556251287981367e-07,0.0,3.04678229175056e-07,-2.499999313359247,-2.499998839696642,-2.499999144374871,2.499999313359247,2.499998839696642,2.499999144374871,-99.99997253436987,-99.99995358786569,-99.99996577499483
MSFT260522P00440000,2026-04-30 18:47:19+00:00,440.0,35.61,0.0,0.0,0.0,0.0,4.0,0,1.0000000000000004e-05,True,REGULAR,USD,Put,MSFT,407.7799987792969,0.2391426453723407,0.0085340134641657,2026-05-22,21,0.0575342465753424,1.079013196618654,0.0,35.61,0.0,0.079013196618654,0.0358500003814697,0.2391426453723407,hist_vol_fallback,put,OTM,32.220001220703125,3.3899987792968744,True,Microsoft Corp.,Technology,2026-05-01,32.88180852434001,32.59606157255962,32.621924579440815,0.25988394489919386,0.0,-2.7281914756599903,-3.0139384274403795,-2.988075420559184,2.7281914756599903,3.0139384274403795,2.988075420559184,-7.661307148722242,-8.46374172266324,-8.391113228192037
MSFT260522P00375000,2026-04-30 19:55:01+00:00,375.0,1.94,0.0,0.0,0.0,0.0,160.0,0,0.062509375,False,REGULAR,USD,Put,MSFT,407.7799987792969,0.2391426453723407,0.0085340134641657,2026-05-22,21,0.0575342465753424,0.9196135198454438,0.0,1.94,0.0,0.0803864801545561,0.0358500003814697,0.062509375,market_iv,put,ITM,0.0,1.94,True,Microsoft Corp.,Technology,2026-05-01,3.967235767403087e-09,8.345710586424925e-09,6.038788123925702e-09,0.0,2.306922462499223e-09,-1.939999996032764,-1.9399999916542894,-1.9399999939612118,1.939999996032764,1.9399999916542894,1.9399999939612118,-99.9999997955033,-99.99999956980872,-99.99999968872227
MSFT260522P00445000,2026-04-30 13:31:46+00:00,445.0,36.0,0.0,0.0,0.0,0.0,1.0,0,1.0000000000000004e-05,True,REGULAR,USD,Put,MSFT,407.7799987792969,0.2391426453723407,0.0085340134641657,2026-05-22,21,0.0575342465753424,1.0912747102165934,0.0,36.0,0.0,0.0912747102165933,0.0358500003814697,0.2391426453723407,hist_vol_fallback,put,OTM,37.220001220703125,0.0,True,Microsoft Corp.,Technology,2026-05-01,37.547143842109925,37.33680376604728,37.225876053103036,0.3212677890068889,0.11092771294424608,1.547143842109925,1.3368037660472822,1.2258760531030362,1.547143842109925,1.3368037660472822,1.2258760531030362,4.2976217836386805,3.713343794575784,3.405211258619545
MSFT260522P00370000,2026-04-30 19:43:28+00:00,370.0,1.42,0.0,0.0,0.0,0.0,256.0,0,0.062509375,False,REGULAR,USD,Put,MSFT,407.7799987792969,0.2391426453723407,0.0085340134641657,2026-05-22,21,0.0575342465753424,0.9073520062475046,0.0,1.42,0.0,0.0926479937524954,0.0358500003814697,0.062509375,market_iv,put,ITM,0.0,1.42,True,Microsoft Corp.,Technology,2026-05-01,8.109774898929676e-12,2.4478350608083077e-11,1.870681323402875e-11,0.0,5.771537374054325e-12,-1.4199999999918902,-1.4199999999755215,-1.4199999999812931,1.4199999999918902,1.4199999999755215,1.4199999999812931,-99.9999999994289,-99.99999999827617,-99.99999999868263
MSFT260522P00450000,2026-04-30 18:52:54+00:00,450.0,44.12,0.0,0.0,0.0,0.0,29.0,0,1.0000000000000004e-05,True,REGULAR,USD,Put,MSFT,407.7799987792969,0.2391426453723407,0.0085340134641657,2026-05-22,21,0.0575342465753424,1.1035362238145323,0.0,44.12,0.0,0.1035362238145325,0.0358500003814697,0.2391426453723407,hist_vol_fallback,put,OTM,42.220001220703125,1.8999987792968724,True,Microsoft Corp.,Technology,2026-05-01,42.346604694012996,42.22478302740295,41.95251874927118,0.3940859447418177,0.2722642781317717,-1.7733953059870018,-1.8952169725970478,-2.1674812507288195,1.7733953059870018,1.8952169725970478,2.1674812507288195,-4.019481654548962,-4.295596039431206,-4.912695491225792
MSFT260522P00365000,2026-04-30 19:44:29+00:00,365.0,1.07,0.0,0.0,0.0,0.0,187.0,0,0.12500875,False,REGULAR,USD,Put,MSFT,407.7799987792969,0.2391426453723407,0.0085340134641657,2026-05-22,21,0.0575342465753424,0.8950904926495653,0.0,1.07,0.0,0.1049095073504347,0.0358500003814697,0.12500875,market_iv,put,ITM,0.0,1.07,True,Microsoft Corp.,Technology,2026-05-01,0.00022193879141194076,0.00025024889243552165,0.0002443729001081682,0.0,5.875992327353447e-06,-1.069778061208588,-1.0697497511075647,-1.0697556270998918,1.069778061208588,1.0697497511075647,1.0697556270998918,-99.97925805687738,-99.97661225304341,-99.97716141120485
MSFT260522P00455000,2026-04-27 14:22:52+00:00,455.0,40.58,0.0,0.0,0.0,0.0,1.0,0,1.0000000000000004e-05,True,REGULAR,USD,Put,MSFT,407.7799987792969,0.2391426453723407,0.0085340134641657,2026-05-22,21,0.0575342465753424,1.115797737412472,0.0,40.58,0.0,0.1157977374124719,0.0358500003814697,0.2391426453723407,hist_vol_fallback,put,OTM,47.220001220703125,0.0,True,Microsoft Corp.,Technology,2026-05-01,47.24715927021704,47.220001220703125,46.767805011459814,0.47935425875722615,0.4521962092433114,6.6671592702170415,6.640001220703127,6.187805011459815,6.6671592702170415,6.640001220703127,6.187805011459815,16.42966798969207,16.362743274280746,15.248410575307577
MSFT260522P00360000,2026-04-30 19:24:12+00:00,360.0,0.87,0.0,0.0,0.0,0.0,233.0,0,0.12500875,False,REGULAR,USD,Put,MSFT,407.7799987792969,0.2391426453723407,0.0085340134641657,2026-05-22,21,0.0575342465753424,0.8828289790516262,0.0,0.87,0.0,0.1171710209483738,0.0358500003814697,0.12500875,market_iv,put,ITM,0.0,0.87,True,Microsoft Corp.,Technology,2026-05-01,2.8139373523583774e-05,3.211957599120571e-05,3.187171652681807e-05,0.0,2.478594643876388e-07,-0.8699718606264764,-0.8699678804240087,-0.8699681282834731,0.8699718606264764,0.8699678804240087,0.8699681282834731,-99.99676558925016,-99.99630809471365,-99.99633658430726
MSFT260529C00410000,2026-04-30 19:59:52+00:00,410.0,11.95,0.0,0.0,0.0,0.0,387.0,0,0.0039162109375,False,REGULAR,USD,Call,MSFT,407.7799987792969,0.2391426453723407,0.0085340134641657,2026-05-29,28,0.0767123287671232,1.0054441150310187,0.0,11.95,0.0,0.0054441150310187,0.0358500003814697,0.2391426453723407,hist_vol_fallback,call,ATM,0.0,11.95,False,Microsoft Corp.,Technology,2026-05-01,10.130104506623345,10.539401245022304,10.117383140894418,0.012721365728927125,0.4220181041278863,-1.819895493376654,-1.4105987549776948,-1.8326168591055811,1.819895493376654,1.4105987549776948,1.8326168591055811,-15.229250990599615,-11.804173681821714,-15.335705933937918
MSFT260529C00405000,2026-04-30 19:59:51+00:00,405.0,14.5,0.0,0.0,0.0,0.0,720.0,0,1.0000000000000004e-05,True,REGULAR,USD,Call,MSFT,407.7799987792969,0.2391426453723407,0.0085340134641657,2026-05-29,28,0.0767123287671232,0.9931826014330792,0.0,14.5,0.0,0.0068173985669206,0.0358500003814697,0.2391426453723407,hist_vol_fallback,call,ATM,2.779998779296875,11.720001220703123,False,Microsoft Corp.,Technology,2026-05-01,12.636030881445821,13.111748652496106,12.628362749563735,0.007668131882086371,0.4833859029323708,-1.863969118554179,-1.3882513475038945,-1.8716372504362653,1.863969118554179,1.3882513475038945,1.8716372504362653,-12.854959438304684,-9.57414722416479,-12.907843106457001
MSFT260529C00415000,2026-04-30 19:57:55+00:00,415.0,10.1,0.0,0.0,0.0,0.0,435.0,0,0.01563484375,False,REGULAR,USD,Call,MSFT,407.7799987792969,0.2391426453723407,0.0085340134641657,2026-05-29,28,0.0767123287671232,1.017705628628958,0.0,10.1,0.0,0.0177056286289578,0.0358500003814697,0.01563484375,market_iv,call,ATM,0.0,10.1,False,Microsoft Corp.,Technology,2026-05-01,6.982049335721473e-05,5.64116117789707e-06,7.886055198043362e-05,0.0,0.0,-10.099930179506643,-10.099994358838822,-10.09992113944802,10.099930179506643,10.099994358838822,10.09992113944802,-99.99930870798657,-99.99994414691903,-99.99921920245565
MSFT260529C00400000,2026-04-30 19:55:42+00:00,400.0,18.06,0.0,0.0,0.0,0.0,703.0,0,1.0000000000000004e-05,True,REGULAR,USD,Call,MSFT,407.7799987792969,0.2391426453723407,0.0085340134641657,2026-05-29,28,0.0767123287671232,0.98092108783514,0.0,18.06,0.0,0.0190789121648599,0.0358500003814697,0.2391426453723407,hist_vol_fallback,call,ATM,7.779998779296875,10.280001220703124,False,Microsoft Corp.,Technology,2026-05-01,15.499521801936176,16.066703342179075,15.50713631719205,0.0,0.5595670249870253,-2.560478198063823,-1.993296657820924,-2.552863682807949,2.560478198063823,1.993296657820924,2.552863682807949,-14.177620144317956,-11.037080054379425,-14.135457822856862
MSFT260529C00420000,2026-04-30 19:59:40+00:00,420.0,7.9,0.0,0.0,0.0,0.0,2020.0,0,0.0312596875,False,REGULAR,USD,Call,MSFT,407.7799987792969,0.2391426453723407,0.0085340134641657,2026-05-29,28,0.0767123287671232,1.0299671422268972,0.0,7.9,0.0,0.0299671422268972,0.0358500003814697,0.0312596875,market_iv,call,ATM,0.0,7.9,False,Microsoft Corp.,Technology,2026-05-01,0.0006895146343547247,0.0002470821869719431,0.0007448658944940734,0.0,0.0,-7.899310485365645,-7.899752917813029,-7.899255134105506,7.899310485365645,7.899752917813029,7.899255134105506,-99.99127196665374,-99.99687237738011,-99.99057131779121
MSFT260529C00395000,2026-04-30 19:27:40+00:00,395.0,20.91,0.0,0.0,0.0,0.0,103.0,0,1.0000000000000004e-05,True,REGULAR,USD,Call,MSFT,407.7799987792969,0.2391426453723407,0.0085340134641657,2026-05-29,28,0.0767123287671232,0.9686595742372008,0.0,20.91,0.0,0.0313404257627991,0.0358500003814697,0.2391426453723407,hist_vol_fallback,call,OTM,12.779998779296877,8.130001220703125,False,Microsoft Corp.,Technology,2026-05-01,18.754669257790777,19.35880023503517,18.74490177378408,0.009767484006697913,0.6138984612510896,-2.155330742209223,-1.5511997649648315,-2.165098226215921,2.155330742209223,1.5511997649648315,2.165098226215921,-10.307655390766252,-7.418458942921241,-10.354367413753806
MSFT260529C00425000,2026-04-30 19:59:40+00:00,425.0,6.33,0.0,0.0,0.0,0.0,948.0,0,0.0312596875,False,REGULAR,USD,Call,MSFT,407.7799987792969,0.2391426453723407,0.0085340134641657,2026-05-29,28,0.0767123287671232,1.0422286558248364,0.0,6.33,0.0,0.0422286558248363,0.0358500003814697,0.0312596875,market_iv,call,ITM,0.0,6.33,False,Microsoft Corp.,Technology,2026-05-01,1.651231143279304e-06,4.26902075490689e-07,2.1011876156088252e-06,0.0,0.0,-6.329998348768857,-6.329999573097925,-6.329997898812384,6.329998348768857,6.329999573097925,6.329997898812384,-99.99997391419996,-99.99999325589138,-99.99996680588285
MSFT260529C00390000,2026-04-30 19:28:17+00:00,390.0,24.15,0.0,0.0,0.0,0.0,83.0,0,1.0000000000000004e-05,True,REGULAR,USD,Call,MSFT,407.7799987792969,0.2391426453723407,0.0085340134641657,2026-05-29,28,0.0767123287671232,0.9563980606392616,0.0,24.15,0.0,0.0436019393607384,0.0358500003814697,0.2391426453723407,hist_vol_fallback,call,OTM,17.779998779296875,6.370001220703124,False,Microsoft Corp.,Technology,2026-05-01,22.324284231393904,23.00746909450607,22.320702711479555,0.003581519914348519,0.6867663830265158,-1.825715768606095,-1.1425309054939277,-1.8292972885204435,1.825715768606095,1.1425309054939277,1.8292972885204435,-7.559899662965197,-4.730976834343386,-7.574729973169539
MSFT260529C00430000,2026-04-30 19:59:58+00:00,430.0,4.95,0.0,0.0,0.0,0.0,1353.0,0,0.0312596875,False,REGULAR,USD,Call,MSFT,407.7799987792969,0.2391426453723407,0.0085340134641657,2026-05-29,28,0.0767123287671232,1.0544901694227755,0.0,4.95,0.0,0.0544901694227757,0.0358500003814697,0.0312596875,market_iv,call,ITM,0.0,4.95,False,Microsoft Corp.,Technology,2026-05-01,5.977596496207585e-10,1.3825881568647997e-10,1.1538176304193682e-09,0.0,0.0,-4.94999999940224,-4.949999999861741,-4.949999998846183,4.94999999940224,4.949999999861741,4.949999998846183,-99.99999998792404,-99.99999999720688,-99.99999997669056
MSFT260529C00385000,2026-04-30 18:12:03+00:00,385.0,25.0,0.0,0.0,0.0,0.0,13.0,0,1.0000000000000004e-05,True,REGULAR,USD,Call,MSFT,407.7799987792969,0.2391426453723407,0.0085340134641657,2026-05-29,28,0.0767123287671232,0.9441365470413224,0.0,25.0,0.0,0.0558634529586776,0.0358500003814697,0.2391426453723407,hist_vol_fallback,call,OTM,22.779998779296875,2.220001220703125,False,Microsoft Corp.,Technology,2026-05-01,26.20038597698928,26.935035901661028,26.20315796242687,0.0,0.7318779392341561,1.2003859769892813,1.9350359016610277,1.2031579624268716,1.2003859769892813,1.9350359016610277,1.2031579624268716,4.801543907957125,7.740143606644111,4.812631849707486
MSFT260529C00435000,2026-04-30 19:56:30+00:00,435.0,4.19,0.0,0.0,0.0,0.0,455.0,0,0.062509375,False,REGULAR,USD,Call,MSFT,407.7799987792969,0.2391426453723407,0.0085340134641657,2026-05-29,28,0.0767123287671232,1.0667516830207149,0.0,4.19,0.0,0.0667516830207148,0.0358500003814697,0.062509375,market_iv,call,ITM,0.0,4.19,False,Microsoft Corp.,Technology,2026-05-01,0.0002501548999296841,0.00015684255343437371,0.0002719184945262493,0.0,0.0,-4.189749845100071,-4.189843157446566,-4.189728081505474,4.189749845100071,4.189843157446566,4.189728081505474,-99.99402971599213,-99.99625674096815,-99.99351029845998
MSFT260529C00380000,2026-04-30 19:57:42+00:00,380.0,32.67,0.0,0.0,0.0,0.0,42.0,0,1.0000000000000004e-05,True,REGULAR,USD,Call,MSFT,407.7799987792969,0.2391426453723407,0.0085340134641657,2026-05-29,28,0.0767123287671232,0.9318750334433832,0.0,32.67,0.0,0.0681249665566169,0.0358500003814697,0.2391426453723407,hist_vol_fallback,call,OTM,27.779998779296875,4.890001220703127,False,Microsoft Corp.,Technology,2026-05-01,30.35780186988446,31.138634833919415,30.353239806104853,0.004562063779609105,0.7853950278145625,-2.31219813011554,-1.5313651660805867,-2.316760193895149,2.31219813011554,1.5313651660805867,2.316760193895149,-7.077435353889011,-4.6873742457318235,-7.091399430349401
MSFT260529C00440000,2026-04-30 19:58:39+00:00,440.0,3.2,0.0,0.0,0.0,0.0,595.0,0,0.062509375,False,REGULAR,USD,Call,MSFT,407.7799987792969,0.2391426453723407,0.0085340134641657,2026-05-29,28,0.0767123287671232,1.079013196618654,0.0,3.2,0.0,0.079013196618654,0.0358500003814697,0.062509375,market_iv,call,ITM,0.0,3.2,False,Microsoft Corp.,Technology,2026-05-01,1.2393068025871868e-05,7.763178685803362e-06,1.5186390162483417e-05,0.0,0.0,-3.199987606931974,-3.1999922368213145,-3.199984813609838,3.199987606931974,3.1999922368213145,3.199984813609838,-99.99961271662418,-99.99975740066608,-99.99952542530744
MSFT260529C00375000,2026-04-30 18:42:10+00:00,375.0,36.0,0.0,0.0,0.0,0.0,3.0,0,1.0000000000000004e-05,True,REGULAR,USD,Call,MSFT,407.7799987792969,0.2391426453723407,0.0085340134641657,2026-05-29,28,0.0767123287671232,0.9196135198454438,0.0,36.0,0.0,0.0803864801545561,0.0358500003814697,0.2391426453723407,hist_vol_fallback,call,OTM,32.779998779296875,3.220001220703125,False,Microsoft Corp.,Technology,2026-05-01,34.72167810908963,35.55135936304045,34.72768827633496,0.0,0.8236710867054882,-1.2783218909103695,-0.4486406369595528,-1.272311723665041,1.2783218909103695,0.4486406369595528,1.272311723665041,-3.550894141417693,-1.2462239915543134,-3.5341992324028917
MSFT260529C00445000,2026-04-30 19:59:32+00:00,445.0,2.55,0.0,0.0,0.0,0.0,6882.0,0,0.062509375,False,REGULAR,USD,Call,MSFT,407.7799987792969,0.2391426453723407,0.0085340134641657,2026-05-29,28,0.0767123287671232,1.0912747102165934,0.0,2.55,0.0,0.0912747102165933,0.0358500003814697,0.062509375,market_iv,call,ITM,0.0,2.55,False,Microsoft Corp.,Technology,2026-05-01,4.435906721227216e-07,2.6937031757208004e-07,5.898724750304316e-07,0.0,0.0,-2.5499995564093276,-2.549999730629682,-2.549999410127525,2.5499995564093276,2.549999730629682,2.549999410127525,-99.99998260428737,-99.99998943645814,-99.99997686774608
MSFT260529C00370000,2026-04-30 18:24:24+00:00,370.0,38.05,0.0,0.0,0.0,0.0,10.0,0,1.0000000000000004e-05,True,REGULAR,USD,Call,MSFT,407.7799987792969,0.2391426453723407,0.0085340134641657,2026-05-29,28,0.0767123287671232,0.9073520062475046,0.0,38.05,0.0,0.0926479937524954,0.0358500003814697,0.2391426453723407,hist_vol_fallback,call,OTM,37.77999877929688,0.2700012207031221,False,Microsoft Corp.,Technology,2026-05-01,39.28322159225907,40.131517051507764,39.28254688219408,0.0006747100649846516,0.8489701693136809,1.2332215922590706,2.081517051507767,1.232546882194086,1.2332215922590706,2.081517051507767,1.232546882194086,3.2410554330067556,5.470478453371267,3.239282213387874
MSFT260529C00450000,2026-04-30 19:59:56+00:00,450.0,2.0,0.0,0.0,0.0,0.0,2042.0,0,0.062509375,False,REGULAR,USD,Call,MSFT,407.7799987792969,0.2391426453723407,0.0085340134641657,2026-05-29,28,0.0767123287671232,1.1035362238145323,0.0,2.0,0.0,0.1035362238145325,0.0358500003814697,0.062509375,market_iv,call,ITM,0.0,2.0,False,Microsoft Corp.,Technology,2026-05-01,9.73754403959068e-09,6.67996340342501e-09,1.6038182447770573e-08,0.0,0.0,-1.999999990262456,-1.9999999933200365,-1.9999999839618177,1.999999990262456,1.9999999933200365,1.9999999839618177,-99.99999951312279,-99.99999966600183,-99.99999919809088
MSFT260529C00365000,2026-04-30 15:37:35+00:00,365.0,40.0,0.0,0.0,0.0,0.0,4.0,0,1.0000000000000004e-05,True,REGULAR,USD,Call,MSFT,407.7799987792969,0.2391426453723407,0.0085340134641657,2026-05-29,28,0.0767123287671232,0.8950904926495653,0.0,40.0,0.0,0.1049095073504347,0.0358500003814697,0.2391426453723407,hist_vol_fallback,call,OTM,42.77999877929688,0.0,False,Microsoft Corp.,Technology,2026-05-01,43.97416877706825,44.85283991104794,43.9763143098117,0.0,0.8765256012362386,3.9741687770682503,4.852839911047937,3.9763143098116984,3.9741687770682503,4.852839911047937,3.9763143098116984,9.935421942670626,12.132099777619842,9.940785774529246
MSFT260529C00455000,2026-04-30 19:53:35+00:00,455.0,1.75,0.0,0.0,0.0,0.0,139.0,0,0.062509375,False,REGULAR,USD,Call,MSFT,407.7799987792969,0.2391426453723407,0.0085340134641657,2026-05-29,28,0.0767123287671232,1.115797737412472,0.0,1.75,0.0,0.1157977374124719,0.0358500003814697,0.062509375,market_iv,call,ITM,0.0,1.75,False,Microsoft Corp.,Technology,2026-05-01,1.4682228017999273e-10,1.1338684576278862e-10,3.076238217133068e-10,0.0,0.0,-1.7499999998531777,-1.7499999998866131,-1.749999999692376,1.7499999998531777,1.7499999998866131,1.749999999692376,-99.99999999161015,-99.99999999352075,-99.9999999824215
MSFT260529C00360000,2026-04-30 19:55:00+00:00,360.0,51.63,0.0,0.0,0.0,0.0,14.0,0,1.0000000000000004e-05,True,REGULAR,USD,Call,MSFT,407.7799987792969,0.2391426453723407,0.0085340134641657,2026-05-29,28,0.0767123287671232,0.8828289790516262,0.0,51.63,0.0,0.1171710209483738,0.0358500003814697,0.2391426453723407,hist_vol_fallback,call,OTM,47.77999877929688,3.850001220703128,False,Microsoft Corp.,Technology,2026-05-01,48.771288480855276,49.66498850671323,48.77232229493188,0.0,0.8926662117813464,-2.8587115191447268,-1.9650114932867737,-2.85767770506812,2.8587115191447268,1.9650114932867737,2.85767770506812,-5.536919463770533,-3.8059490476210995,-5.534917112276041
MSFT260529P00410000,2026-04-30 19:59:56+00:00,410.0,13.65,0.0,0.0,0.0,0.0,213.0,0,1.0000000000000004e-05,True,REGULAR,USD,Put,MSFT,407.7799987792969,0.2391426453723407,0.0085340134641657,2026-05-29,28,0.0767123287671232,1.0054441150310187,0.0,13.65,0.0,0.0054441150310187,0.0358500003814697,0.2391426453723407,hist_vol_fallback,put,ATM,2.220001220703125,11.429998779296875,True,Microsoft Corp.,Technology,2026-05-01,11.554299339460375,11.12089815151486,11.478248770826667,0.07605056863370763,0.0,-2.0957006605396256,-2.5291018484851406,-2.171751229173333,2.0957006605396256,2.5291018484851406,2.171751229173333,-15.353118392231687,-18.528218670220813,-15.910265415189254
MSFT260529P00405000,2026-04-30 19:55:48+00:00,405.0,10.73,0.0,0.0,0.0,0.0,448.0,0,0.007822421875,False,REGULAR,USD,Put,MSFT,407.7799987792969,0.2391426453723407,0.0085340134641657,2026-05-29,28,0.0767123287671232,0.9931826014330792,0.0,10.73,0.0,0.0068173985669206,0.0358500003814697,0.2391426453723407,hist_vol_fallback,put,ATM,0.0,10.73,True,Microsoft Corp.,Technology,2026-05-01,9.057269675944426,8.668191187942135,9.00296017376121,0.05430950218321584,0.0,-1.6727303240555749,-2.0618088120578655,-1.7270398262387907,1.6727303240555749,2.0618088120578655,1.7270398262387907,-15.589285405923345,-19.2153663751898,-16.09543174500271
MSFT260529P00415000,2026-04-30 18:36:36+00:00,415.0,17.37,0.0,0.0,0.0,0.0,104.0,0,1.0000000000000004e-05,True,REGULAR,USD,Put,MSFT,407.7799987792969,0.2391426453723407,0.0085340134641657,2026-05-29,28,0.0767123287671232,1.017705628628958,0.0,17.37,0.0,0.0177056286289578,0.0358500003814697,0.2391426453723407,hist_vol_fallback,put,ATM,7.220001220703125,10.149998779296876,True,Microsoft Corp.,Technology,2026-05-01,14.401755588992925,13.940007063089405,14.31752348388099,0.08423210511193524,0.0,-2.968244411007076,-3.4299929369105957,-3.052476516119011,2.968244411007076,3.4299929369105957,3.052476516119011,-17.088338578048795,-19.746649032300493,-17.57326722002885
MSFT260529P00400000,2026-04-30 19:59:04+00:00,400.0,8.85,0.0,0.0,0.0,0.0,872.0,0,0.01563484375,False,REGULAR,USD,Put,MSFT,407.7799987792969,0.2391426453723407,0.0085340134641657,2026-05-29,28,0.0767123287671232,0.98092108783514,0.0,8.85,0.0,0.0190789121648599,0.0358500003814697,0.01563484375,market_iv,put,ATM,0.0,8.85,True,Microsoft Corp.,Technology,2026-05-01,1.1851929199786416e-07,7.776592251981097e-07,1.3390118087705364e-07,0.0,6.43758044321056e-07,-8.849999881480707,-8.849999222340774,-8.849999866098818,8.849999881480707,8.849999222340774,8.849999866098818,-99.99999866079897,-99.99999121289011,-99.9999984869923
MSFT260529P00420000,2026-04-30 19:52:00+00:00,420.0,18.95,0.0,0.0,0.0,0.0,100.0,0,1.0000000000000004e-05,True,REGULAR,USD,Put,MSFT,407.7799987792969,0.2391426453723407,0.0085340134641657,2026-05-29,28,0.0767123287671232,1.0299671422268972,0.0,18.95,0.0,0.0299671422268972,0.0358500003814697,0.2391426453723407,hist_vol_fallback,put,ATM,12.220001220703123,6.729998779296874,True,Microsoft Corp.,Technology,2026-05-01,17.619356705004005,17.136347234781603,17.505186491935603,0.1141702130684017,0.0,-1.330643294995994,-1.8136527652183965,-1.4448135080643958,1.330643294995994,1.8136527652183965,1.4448135080643958,-7.021864353540866,-9.57072699323692,-7.624345688994174
MSFT260529P00395000,2026-04-30 19:59:04+00:00,395.0,6.92,0.0,0.0,0.0,0.0,892.0,0,0.0312596875,False,REGULAR,USD,Put,MSFT,407.7799987792969,0.2391426453723407,0.0085340134641657,2026-05-29,28,0.0767123287671232,0.9686595742372008,0.0,6.92,0.0,0.0313404257627991,0.0358500003814697,0.0312596875,market_iv,put,ITM,0.0,6.92,True,Microsoft Corp.,Technology,2026-05-01,3.2160633668617134e-05,7.304269680356584e-05,3.5263631254688066e-05,0.0,3.777906554887777e-05,-6.919967839366332,-6.919926957303196,-6.919964736368745,6.919967839366332,6.919926957303196,6.919964736368745,-99.99953525095854,-99.99894446969937,-99.99949040995297
MSFT260529P00425000,2026-04-30 19:32:32+00:00,425.0,22.88,0.0,0.0,0.0,0.0,83.0,0,1.0000000000000004e-05,True,REGULAR,USD,Put,MSFT,407.7799987792969,0.2391426453723407,0.0085340134641657,2026-05-29,28,0.0767123287671232,1.0422286558248364,0.0,22.88,0.0,0.0422286558248363,0.0358500003814697,0.2391426453723407,hist_vol_fallback,put,OTM,17.220001220703125,5.659998779296874,True,Microsoft Corp.,Technology,2026-05-01,21.172542431172282,20.662889450088144,21.015740476845508,0.1568019543267738,0.0,-1.7074575688277172,-2.2171105499118546,-1.864259523154491,1.7074575688277172,2.2171105499118546,1.864259523154491,-7.462664199421841,-9.690168487376988,-8.147987426374524
MSFT260529P00390000,2026-04-30 19:59:46+00:00,390.0,5.35,0.0,0.0,0.0,0.0,577.0,0,0.0312596875,False,REGULAR,USD,Put,MSFT,407.7799987792969,0.2391426453723407,0.0085340134641657,2026-05-29,28,0.0767123287671232,0.9563980606392616,0.0,5.35,0.0,0.0436019393607384,0.0358500003814697,0.0312596875,market_iv,put,ITM,0.0,5.35,True,Microsoft Corp.,Technology,2026-05-01,1.571951903123201e-08,4.878909136921432e-08,2.1053251828077654e-08,0.0,2.773583954113667e-08,-5.349999984280481,-5.349999951210909,-5.349999978946748,5.349999984280481,5.349999951210909,5.349999978946748,-99.9999997061772,-99.99999908805437,-99.99999960648128
MSFT260529P00430000,2026-04-30 19:49:23+00:00,430.0,26.57,0.0,0.0,0.0,0.0,43.0,0,1.0000000000000004e-05,True,REGULAR,USD,Put,MSFT,407.7799987792969,0.2391426453723407,0.0085340134641657,2026-05-29,28,0.0767123287671232,1.0544901694227755,0.0,26.57,0.0,0.0544901694227757,0.0358500003814697,0.2391426453723407,hist_vol_fallback,put,OTM,22.220001220703125,4.349998779296875,True,Microsoft Corp.,Technology,2026-05-01,25.01092795944217,24.519770719473254,24.81639935868708,0.19452860075509193,0.0,-1.5590720405578296,-2.0502292805267466,-1.7536006413129215,1.5590720405578296,2.0502292805267466,1.7536006413129215,-5.867790894082911,-7.716331503676126,-6.599927140808888
MSFT260529P00385000,2026-04-30 19:59:40+00:00,385.0,4.35,0.0,0.0,0.0,0.0,1298.0,0,0.0312596875,False,REGULAR,USD,Put,MSFT,407.7799987792969,0.2391426453723407,0.0085340134641657,2026-05-29,28,0.0767123287671232,0.9441365470413224,0.0,4.35,0.0,0.0558634529586776,0.0358500003814697,0.0312596875,market_iv,put,ITM,0.0,4.35,True,Microsoft Corp.,Technology,2026-05-01,5.419090546085004e-13,3.603382759123994e-12,1.4172184691684843e-12,0.0,2.1861642899555096e-12,-4.349999999999458,-4.349999999996396,-4.349999999998582,4.349999999999458,4.349999999996396,4.349999999998582,-99.99999999998754,-99.99999999991716,-99.99999999996741
MSFT260529P00435000,2026-04-30 16:10:01+00:00,435.0,35.3,0.0,0.0,0.0,0.0,65.0,0,1.0000000000000004e-05,True,REGULAR,USD,Put,MSFT,407.7799987792969,0.2391426453723407,0.0085340134641657,2026-05-29,28,0.0767123287671232,1.0667516830207149,0.0,35.3,0.0,0.0667516830207148,0.0358500003814697,0.2391426453723407,hist_vol_fallback,put,OTM,27.220001220703125,8.079998779296872,True,Microsoft Corp.,Technology,2026-05-01,29.103920706907413,28.638832031300964,28.870007492264165,0.23391321464324832,0.0,-6.196079293092584,-6.661167968699033,-6.429992507735832,6.196079293092584,6.661167968699033,6.429992507735832,-17.552632558335933,-18.870164217277715,-18.215276225880547
MSFT260529P00380000,2026-04-30 19:58:27+00:00,380.0,3.4,0.0,0.0,0.0,0.0,707.0,0,0.062509375,False,REGULAR,USD,Put,MSFT,407.7799987792969,0.2391426453723407,0.0085340134641657,2026-05-29,28,0.0767123287671232,0.9318750334433832,0.0,3.4,0.0,0.0681249665566169,0.0358500003814697,0.062509375,market_iv,put,ITM,0.0,3.4,True,Microsoft Corp.,Technology,2026-05-01,1.775745018328347e-05,2.7637371891250623e-05,2.0003797314287718e-05,0.0,7.633574576962906e-06,-3.3999822425498167,-3.399972362628109,-3.3999799962026858,3.3999822425498167,3.399972362628109,3.3999799962026858,-99.99947772205343,-99.99918713612085,-99.99941165302018
MSFT260529P00440000,2026-04-30 17:53:21+00:00,440.0,40.8,0.0,0.0,0.0,0.0,74.0,0,1.0000000000000004e-05,True,REGULAR,USD,Put,MSFT,407.7799987792969,0.2391426453723407,0.0085340134641657,2026-05-29,28,0.0767123287671232,1.079013196618654,0.0,40.8,0.0,0.079013196618654,0.0358500003814697,0.2391426453723407,hist_vol_fallback,put,OTM,32.220001220703125,8.579998779296872,True,Microsoft Corp.,Technology,2026-05-01,33.430409551432945,33.016467912245915,33.13787685580803,0.2925326956249137,0.0,-7.3695904485670525,-7.783532087754082,-7.662123144191966,7.3695904485670525,7.783532087754082,7.662123144191966,-18.062721687664347,-19.077284528809027,-18.7797135887058
MSFT260529P00375000,2026-04-30 19:50:10+00:00,375.0,2.49,0.0,0.0,0.0,0.0,824.0,0,0.062509375,False,REGULAR,USD,Put,MSFT,407.7799987792969,0.2391426453723407,0.0085340134641657,2026-05-29,28,0.0767123287671232,0.9196135198454438,0.0,2.49,0.0,0.0803864801545561,0.0358500003814697,0.062509375,market_iv,put,ITM,0.0,2.49,True,Microsoft Corp.,Technology,2026-05-01,3.446618518170122e-07,6.34847457859388e-07,4.4416600039495985e-07,0.0,1.9068145746442817e-07,-2.4899996553381483,-2.4899993651525425,-2.489999555834,2.4899996553381483,2.4899993651525425,2.489999555834,-99.99998615815856,-99.99997450411816,-99.99998216200801
MSFT260529P00445000,2026-04-28 19:32:02+00:00,445.0,30.34,0.0,0.0,0.0,0.0,4.0,0,1.0000000000000004e-05,True,REGULAR,USD,Put,MSFT,407.7799987792969,0.2391426453723407,0.0085340134641657,2026-05-29,28,0.0767123287671232,1.0912747102165934,0.0,30.34,0.0,0.0912747102165933,0.0358500003814697,0.2391426453723407,hist_vol_fallback,put,OTM,37.220001220703125,0.0,True,Microsoft Corp.,Technology,2026-05-01,37.945705138779765,37.5912988649505,37.582236009357075,0.3634691294226897,0.009062855593427344,7.605705138779765,7.251298864950503,7.242236009357075,7.605705138779765,7.251298864950503,7.242236009357075,25.06824370065842,23.90012809805703,23.870257117195372
MSFT260529P00370000,2026-04-30 19:59:46+00:00,370.0,1.98,0.0,0.0,0.0,0.0,1117.0,0,0.062509375,False,REGULAR,USD,Put,MSFT,407.7799987792969,0.2391426453723407,0.0085340134641657,2026-05-29,28,0.0767123287671232,0.9073520062475046,0.0,1.98,0.0,0.0926479937524954,0.0358500003814697,0.062509375,market_iv,put,ITM,0.0,1.98,True,Microsoft Corp.,Technology,2026-05-01,3.4663543242914175e-09,7.570690404312724e-09,5.349212184167811e-09,0.0,2.2214782201449125e-09,-1.9799999965336457,-1.9799999924293097,-1.9799999946507878,1.9799999965336457,1.9799999924293097,1.9799999946507878,-99.99999982493159,-99.9999996176419,-99.99999972983777
MSFT260529P00450000,2026-04-30 14:42:11+00:00,450.0,49.18,0.0,0.0,0.0,0.0,2.0,0,1.0000000000000004e-05,True,REGULAR,USD,Put,MSFT,407.7799987792969,0.2391426453723407,0.0085340134641657,2026-05-29,28,0.0767123287671232,1.1035362238145323,0.0,49.18,0.0,0.1035362238145325,0.0358500003814697,0.2391426453723407,hist_vol_fallback,put,OTM,42.220001220703125,6.959998779296875,True,Microsoft Corp.,Technology,2026-05-01,42.60811130985993,42.33829914377347,42.16810203670309,0.44000927315683924,0.17019710707037916,-6.571888690140071,-6.841700856226531,-7.01189796329691,6.571888690140071,6.841700856226531,7.01189796329691,-13.362929422814297,-13.911551151334955,-14.25762090950978
MSFT260529P00365000,2026-04-30 19:42:03+00:00,365.0,1.58,0.0,0.0,0.0,0.0,548.0,0,0.062509375,False,REGULAR,USD,Put,MSFT,407.7799987792969,0.2391426453723407,0.0085340134641657,2026-05-29,28,0.0767123287671232,0.8950904926495653,0.0,1.58,0.0,0.1049095073504347,0.0358500003814697,0.062509375,market_iv,put,ITM,0.0,1.58,True,Microsoft Corp.,Technology,2026-05-01,1.5347086485739838e-11,4.8265942011942176e-11,3.384210821960752e-11,0.0,1.4423833792334656e-11,-1.579999999984653,-1.5799999999517342,-1.579999999966158,1.579999999984653,1.5799999999517342,1.579999999966158,-99.99999999902866,-99.9999999969452,-99.9999999978581
MSFT260529P00455000,2026-04-24 14:03:14+00:00,455.0,42.9,0.0,0.0,0.0,0.0,20.0,0,1.0000000000000004e-05,True,REGULAR,USD,Put,MSFT,407.7799987792969,0.2391426453723407,0.0085340134641657,2026-05-29,28,0.0767123287671232,1.115797737412472,0.0,42.9,0.0,0.1157977374124719,0.0358500003814697,0.2391426453723407,hist_vol_fallback,put,OTM,47.220001220703125,0.0,True,Microsoft Corp.,Technology,2026-05-01,47.39019221332838,47.22615721163731,46.864507362667496,0.5256848506608875,0.36164984896981167,4.490192213328385,4.326157211637309,3.964507362667497,4.490192213328385,4.326157211637309,3.964507362667497,10.466648515916981,10.084282544609112,9.24127590365384
MSFT260529P00360000,2026-04-30 19:59:42+00:00,360.0,1.26,0.0,0.0,0.0,0.0,464.0,0,0.12500875,False,REGULAR,USD,Put,MSFT,407.7799987792969,0.2391426453723407,0.0085340134641657,2026-05-29,28,0.0767123287671232,0.8828289790516262,0.0,1.26,0.0,0.1171710209483738,0.0358500003814697,0.12500875,market_iv,put,ITM,0.0,1.26,True,Microsoft Corp.,Technology,2026-05-01,0.0003804406278707369,0.00042223656895362606,0.0004052268236448067,0.0,1.700974530881934e-05,-1.2596195593721293,-1.2595777634310463,-1.2595947731763553,1.2596195593721293,1.2595777634310463,1.2595947731763553,-99.96980629937534,-99.96648916119415,-99.96783914098057
MSFT260605C00410000,2026-04-30 19:58:08+00:00,410.0,13.88,0.0,0.0,0.0,0.0,537.0,0,0.0039162109375,False,REGULAR,USD,Call,MSFT,407.7799987792969,0.2391426453723407,0.0085340134641657,2026-06-05,35,0.0958904109589041,1.0054441150310187,0.0,13.88,0.0,0.0054441150310187,0.0358500003814697,0.2391426453723407,hist_vol_fallback,call,ATM,0.0,13.88,False,Microsoft Corp.,Technology,2026-05-01,11.501715481529265,12.022859252454856,11.486777188551855,0.014938292977410228,0.5360820639030006,-2.3782845184707355,-1.8571407475451451,-2.3932228114481457,2.3782845184707355,1.8571407475451451,2.3932228114481457,-17.134614686388584,-13.379976567328134,-17.24223927556301
MSFT260605C00405000,2026-04-30 19:52:25+00:00,405.0,16.6,0.0,0.0,0.0,0.0,372.0,0,1.0000000000000004e-05,True,REGULAR,USD,Call,MSFT,407.7799987792969,0.2391426453723407,0.0085340134641657,2026-06-05,35,0.0958904109589041,0.9931826014330792,0.0,16.6,0.0,0.0068173985669206,0.0358500003814697,0.2391426453723407,hist_vol_fallback,call,ATM,2.779998779296875,13.820001220703126,False,Microsoft Corp.,Technology,2026-05-01,14.005572591831744,14.601134218021885,13.99349546678664,0.012077125045102832,0.6076387512352444,-2.594427408168258,-1.9988657819781164,-2.6065045332133607,2.594427408168258,1.9988657819781164,2.6065045332133607,-15.62908077209794,-12.04136013239829,-15.701834537429882
MSFT260605C00415000,2026-04-30 19:54:16+00:00,415.0,12.25,0.0,0.0,0.0,0.0,239.0,0,0.01563484375,False,REGULAR,USD,Call,MSFT,407.7799987792969,0.2391426453723407,0.0085340134641657,2026-06-05,35,0.0958904109589041,1.017705628628958,0.0,12.25,0.0,0.0177056286289578,0.0358500003814697,0.01563484375,market_iv,call,ATM,0.0,12.25,False,Microsoft Corp.,Technology,2026-05-01,0.0005202534511490238,4.2143798589304805e-05,0.0005626945156743113,0.0,0.0,-12.24947974654885,-12.24995785620141,-12.249437305484326,12.24947974654885,12.24995785620141,12.249437305484326,-99.99575303305184,-99.9996559689911,-99.99540657538225
MSFT260605C00400000,2026-04-30 19:59:56+00:00,400.0,18.95,0.0,0.0,0.0,0.0,464.0,0,1.0000000000000004e-05,True,REGULAR,USD,Call,MSFT,407.7799987792969,0.2391426453723407,0.0085340134641657,2026-06-05,35,0.0958904109589041,0.98092108783514,0.0,18.95,0.0,0.0190789121648599,0.0358500003814697,0.2391426453723407,hist_vol_fallback,call,ATM,7.779998779296875,11.170001220703124,False,Microsoft Corp.,Technology,2026-05-01,16.83049992612507,17.506955935260233,16.829493527956714,0.0010063981683572365,0.6774624073035191,-2.119500073874928,-1.443044064739766,-2.120506472043285,2.119500073874928,1.443044064739766,2.120506472043285,-11.184696959762153,-7.615008257201931,-11.190007768038445
MSFT260605C00420000,2026-04-30 19:57:24+00:00,420.0,9.81,0.0,0.0,0.0,0.0,441.0,0,0.01563484375,False,REGULAR,USD,Call,MSFT,407.7799987792969,0.2391426453723407,0.0085340134641657,2026-06-05,35,0.0958904109589041,1.0299671422268972,0.0,9.81,0.0,0.0299671422268972,0.0358500003814697,0.01563484375,market_iv,call,ATM,0.0,9.81,False,Microsoft Corp.,Technology,2026-05-01,2.3198771028762674e-09,4.561995572684176e-11,4.641202861249641e-09,0.0,0.0,-9.809999997680123,-9.80999999995438,-9.809999995358798,9.809999997680123,9.80999999995438,9.809999995358798,-99.9999999763519,-99.99999999953496,-99.99999995268907
MSFT260605C00395000,2026-04-30 19:15:27+00:00,395.0,21.53,0.0,0.0,0.0,0.0,37.0,0,1.0000000000000004e-05,True,REGULAR,USD,Call,MSFT,407.7799987792969,0.2391426453723407,0.0085340134641657,2026-06-05,35,0.0958904109589041,0.9686595742372008,0.0,21.53,0.0,0.0313404257627991,0.0358500003814697,0.2391426453723407,hist_vol_fallback,call,OTM,12.779998779296877,8.750001220703126,False,Microsoft Corp.,Technology,2026-05-01,19.97933400604015,20.75275832870659,19.989261896100288,0.0,0.7634964326063027,-1.55066599395985,-0.7772416712934103,-1.540738103899713,1.55066599395985,0.7772416712934103,1.540738103899713,-7.202350180956108,-3.6100402753990255,-7.156238290291282
MSFT260605C00425000,2026-04-30 19:54:50+00:00,425.0,8.57,0.0,0.0,0.0,0.0,936.0,0,0.0312596875,False,REGULAR,USD,Call,MSFT,407.7799987792969,0.2391426453723407,0.0085340134641657,2026-06-05,35,0.0958904109589041,1.0422286558248364,0.0,8.57,0.0,0.0422286558248363,0.0358500003814697,0.0312596875,market_iv,call,ITM,0.0,8.57,False,Microsoft Corp.,Technology,2026-05-01,2.4148745687904084e-05,6.018646689196719e-06,2.844026461560137e-05,0.0,0.0,-8.569975851254313,-8.569993981353312,-8.569971559735384,8.569975851254313,8.569993981353312,8.569971559735384,-99.99971821766992,-99.99992977075043,-99.99966814160308
MSFT260605C00390000,2026-04-30 19:42:53+00:00,390.0,26.38,0.0,0.0,0.0,0.0,27.0,0,1.0000000000000004e-05,True,REGULAR,USD,Call,MSFT,407.7799987792969,0.2391426453723407,0.0085340134641657,2026-06-05,35,0.0958904109589041,0.9563980606392616,0.0,26.38,0.0,0.0436019393607384,0.0358500003814697,0.2391426453723407,hist_vol_fallback,call,OTM,17.779998779296875,8.600001220703124,False,Microsoft Corp.,Technology,2026-05-01,23.463119830590944,24.279414830917457,23.458362317384115,0.0047575132068296,0.821052513533342,-2.9168801694090547,-2.1005851690825423,-2.9216376826158843,2.9168801694090547,2.1005851690825423,2.9216376826158843,-11.057165160762148,-7.962794424118812,-11.07519970665612
MSFT260605C00430000,2026-04-30 19:59:03+00:00,430.0,6.54,0.0,0.0,0.0,0.0,341.0,0,0.0312596875,False,REGULAR,USD,Call,MSFT,407.7799987792969,0.2391426453723407,0.0085340134641657,2026-06-05,35,0.0958904109589041,1.0544901694227755,0.0,6.54,0.0,0.0544901694227757,0.0358500003814697,0.0312596875,market_iv,call,ITM,0.0,6.54,False,Microsoft Corp.,Technology,2026-05-01,4.52327066700995e-08,9.045011387108087e-09,6.847145354107613e-08,0.0,0.0,-6.539999954767294,-6.539999990954989,-6.539999931528547,6.539999954767294,6.539999990954989,6.539999931528547,-99.9999993083684,-99.99999986169708,-99.99999895303588
MSFT260605C00385000,2026-04-30 17:55:24+00:00,385.0,25.07,0.0,0.0,0.0,0.0,66.0,0,1.0000000000000004e-05,True,REGULAR,USD,Call,MSFT,407.7799987792969,0.2391426453723407,0.0085340134641657,2026-06-05,35,0.0958904109589041,0.9441365470413224,0.0,25.07,0.0,0.0558634529586776,0.0358500003814697,0.2391426453723407,hist_vol_fallback,call,OTM,22.779998779296875,2.2900012207031253,False,Microsoft Corp.,Technology,2026-05-01,27.222857314400382,28.10915712513514,27.214313873287608,0.008543441112774275,0.8948432518475329,2.152857314400382,3.039157125135141,2.144313873287608,2.152857314400382,3.039157125135141,2.144313873287608,8.587384580775357,12.122684982589313,8.5533062356905
MSFT260605C00435000,2026-04-30 19:55:00+00:00,435.0,5.6,0.0,0.0,0.0,0.0,196.0,0,0.0312596875,False,REGULAR,USD,Call,MSFT,407.7799987792969,0.2391426453723407,0.0085340134641657,2026-06-05,35,0.0958904109589041,1.0667516830207149,0.0,5.6,0.0,0.0667516830207148,0.0358500003814697,0.0312596875,market_iv,call,ITM,0.0,5.6,False,Microsoft Corp.,Technology,2026-05-01,1.7315473435993245e-11,3.5950983306018922e-12,4.5701871611513904e-11,0.0,0.0,-5.599999999982685,-5.599999999996404,-5.5999999999542975,5.599999999982685,5.599999999996404,5.5999999999542975,-99.9999999996908,-99.9999999999358,-99.99999999918388
MSFT260605C00380000,2026-04-30 19:49:10+00:00,380.0,33.74,0.0,0.0,0.0,0.0,7.0,0,1.0000000000000004e-05,True,REGULAR,USD,Call,MSFT,407.7799987792969,0.2391426453723407,0.0085340134641657,2026-06-05,35,0.0958904109589041,0.9318750334433832,0.0,33.74,0.0,0.0681249665566169,0.0358500003814697,0.2391426453723407,hist_vol_fallback,call,OTM,27.779998779296875,5.960001220703127,False,Microsoft Corp.,Technology,2026-05-01,31.23085146688563,32.17710193038448,31.228157365947368,0.002694100938260391,0.9489445644371131,-2.5091485331143737,-1.562898069615521,-2.511842634052634,2.5091485331143737,1.562898069615521,2.511842634052634,-7.436717644085281,-4.632181593406997,-7.44470253127633
MSFT260605C00440000,2026-04-30 19:56:37+00:00,440.0,4.46,0.0,0.0,0.0,0.0,358.0,0,0.062509375,False,REGULAR,USD,Call,MSFT,407.7799987792969,0.2391426453723407,0.0085340134641657,2026-06-05,35,0.0958904109589041,1.079013196618654,0.0,4.46,0.0,0.079013196618654,0.0358500003814697,0.062509375,market_iv,call,ITM,0.0,4.46,False,Microsoft Corp.,Technology,2026-05-01,0.0001283116061804134,7.298590815834232e-05,0.00014325443723178788,0.0,0.0,-4.45987168839382,-4.459927014091842,-4.459856745562768,4.45987168839382,4.459927014091842,4.459856745562768,-99.9971230581574,-99.99836354466012,-99.99678801710242
MSFT260605C00375000,2026-04-30 16:00:13+00:00,375.0,32.1,0.0,0.0,0.0,0.0,7.0,0,1.0000000000000004e-05,True,REGULAR,USD,Call,MSFT,407.7799987792969,0.2391426453723407,0.0085340134641657,2026-06-05,35,0.0958904109589041,0.9196135198454438,0.0,32.1,0.0,0.0803864801545561,0.0358500003814697,0.2391426453723407,hist_vol_fallback,call,OTM,32.779998779296875,0.0,False,Microsoft Corp.,Technology,2026-05-01,35.456398150807885,36.46425445323476,35.46651879715756,0.0,0.9977356560771966,3.356398150807884,4.364254453234757,3.3665187971575605,3.356398150807884,4.364254453234757,3.3665187971575605,10.456069005632036,13.595808265528838,10.48759749893321
MSFT260605C00445000,2026-04-30 19:57:12+00:00,445.0,3.65,0.0,0.0,0.0,0.0,91.0,0,0.062509375,False,REGULAR,USD,Call,MSFT,407.7799987792969,0.2391426453723407,0.0085340134641657,2026-06-05,35,0.0958904109589041,1.0912747102165934,0.0,3.65,0.0,0.0912747102165933,0.0358500003814697,0.062509375,market_iv,call,ITM,0.0,3.65,False,Microsoft Corp.,Technology,2026-05-01,8.371778710869289e-06,4.7977261461167e-06,1.0348833697485047e-05,0.0,0.0,-3.649991628221289,-3.6499952022738538,-3.6499896511663024,3.649991628221289,3.6499952022738538,3.6499896511663024,-99.9997706361997,-99.99986855544805,-99.99971647030965
MSFT260605C00370000,2026-04-29 16:32:52+00:00,370.0,56.34,0.0,0.0,0.0,0.0,1.0,0,1.0000000000000004e-05,True,REGULAR,USD,Call,MSFT,407.7799987792969,0.2391426453723407,0.0085340134641657,2026-06-05,35,0.0958904109589041,0.9073520062475046,0.0,56.34,0.0,0.0926479937524954,0.0358500003814697,0.2391426453723407,hist_vol_fallback,call,OTM,37.77999877929688,18.56000122070313,False,Microsoft Corp.,Technology,2026-05-01,39.89412431305187,40.932918785614675,39.89392050528704,0.00020380776482653573,1.0389982803276325,-16.445875686948135,-15.407081214385329,-16.44607949471296,16.445875686948135,15.407081214385329,16.44607949471296,-29.190407680064133,-27.346612024113114,-29.190769426185586
MSFT260605C00450000,2026-04-30 19:55:00+00:00,450.0,3.01,0.0,0.0,0.0,0.0,496.0,0,0.062509375,False,REGULAR,USD,Call,MSFT,407.7799987792969,0.2391426453723407,0.0085340134641657,2026-06-05,35,0.0958904109589041,1.1035362238145323,0.0,3.01,0.0,0.1035362238145325,0.0358500003814697,0.062509375,market_iv,call,ITM,0.0,3.01,False,Microsoft Corp.,Technology,2026-05-01,3.9293449159137775e-07,2.3911909303513025e-07,5.644130895394257e-07,0.0,0.0,-3.009999607065508,-3.009999760880907,-3.00999943558691,3.009999607065508,3.009999760880907,3.00999943558691,-99.99998694569796,-99.99999205584409,-99.99998124873456
MSFT260605C00455000,2026-04-30 19:41:06+00:00,455.0,2.5,0.0,0.0,0.0,0.0,142.0,0,0.062509375,False,REGULAR,USD,Call,MSFT,407.7799987792969,0.2391426453723407,0.0085340134641657,2026-06-05,35,0.0958904109589041,1.115797737412472,0.0,2.5,0.0,0.1157977374124719,0.0358500003814697,0.062509375,market_iv,call,ITM,0.0,2.5,False,Microsoft Corp.,Technology,2026-05-01,1.3627406828098976e-08,8.607884525344785e-09,2.336924080273892e-08,0.0,0.0,-2.4999999863725932,-2.4999999913921154,-2.4999999766307592,2.4999999863725932,2.4999999913921154,2.4999999766307592,-99.99999945490373,-99.99999965568462,-99.99999906523037
MSFT260605C00360000,2026-04-30 17:10:13+00:00,360.0,42.84,0.0,0.0,0.0,0.0,6.0,0,1.0000000000000004e-05,True,REGULAR,USD,Call,MSFT,407.7799987792969,0.2391426453723407,0.0085340134641657,2026-06-05,35,0.0958904109589041,0.8828289790516262,0.0,42.84,0.0,0.1171710209483738,0.0358500003814697,0.2391426453723407,hist_vol_fallback,call,OTM,47.77999877929688,0.0,False,Microsoft Corp.,Technology,2026-05-01,49.1731206673279,50.27213612827949,49.176794092168166,0.0,1.095342036111326,6.333120667327897,7.432136128279488,6.336794092168162,6.333120667327897,7.432136128279488,6.336794092168162,14.783194835032438,17.34859040214633,14.791769589561534
MSFT260605C00460000,2026-04-30 19:59:53+00:00,460.0,2.0,0.0,0.0,0.0,0.0,352.0,0,0.062509375,False,REGULAR,USD,Call,MSFT,407.7799987792969,0.2391426453723407,0.0085340134641657,2026-06-05,35,0.0958904109589041,1.128059251010411,0.0,2.0,0.0,0.128059251010411,0.0358500003814697,0.062509375,market_iv,call,ITM,0.0,2.0,False,Microsoft Corp.,Technology,2026-05-01,3.3782981667116924e-10,2.4211158824856365e-10,7.392124958840493e-10,0.0,0.0,-1.9999999996621702,-1.9999999997578883,-1.9999999992607875,1.9999999996621702,1.9999999997578883,1.9999999992607875,-99.99999998310851,-99.99999998789441,-99.99999996303937
MSFT260605P00410000,2026-04-30 19:57:17+00:00,410.0,14.65,0.0,0.0,0.0,0.0,93.0,0,1.0000000000000004e-05,True,REGULAR,USD,Put,MSFT,407.7799987792969,0.2391426453723407,0.0085340134641657,2026-06-05,35,0.0958904109589041,1.0054441150310187,0.0,14.65,0.0,0.0054441150310187,0.0358500003814697,0.2391426453723407,hist_vol_fallback,put,ATM,2.220001220703125,12.429998779296875,True,Microsoft Corp.,Technology,2026-05-01,12.728948257997917,12.199308451014744,12.633315149356804,0.0956331086411133,0.0,-1.9210517420020832,-2.4506915489852563,-2.0166848506431965,1.9210517420020832,2.4506915489852563,2.0166848506431965,-13.112981174075653,-16.728269958943727,-13.765766898588371
MSFT260605P00405000,2026-04-30 19:52:21+00:00,405.0,12.33,0.0,0.0,0.0,0.0,51.0,0,0.007822421875,False,REGULAR,USD,Put,MSFT,407.7799987792969,0.2391426453723407,0.0085340134641657,2026-06-05,35,0.0958904109589041,0.9931826014330792,0.0,12.33,0.0,0.0068173985669206,0.0358500003814697,0.2391426453723407,hist_vol_fallback,put,ATM,0.0,12.33,True,Microsoft Corp.,Technology,2026-05-01,10.230163560741222,9.749439587349448,10.157192273804583,0.07297128693663879,0.0,-2.0998364392587785,-2.580560412650552,-2.1728077261954173,2.0998364392587785,2.580560412650552,2.1728077261954173,-17.03030364362351,-20.929119324010966,-17.62212267798392
MSFT260605P00415000,2026-04-30 19:24:02+00:00,415.0,17.75,0.0,0.0,0.0,0.0,48.0,0,1.0000000000000004e-05,True,REGULAR,USD,Put,MSFT,407.7799987792969,0.2391426453723407,0.0085340134641657,2026-06-05,35,0.0958904109589041,1.017705628628958,0.0,17.75,0.0,0.0177056286289578,0.0358500003814697,0.2391426453723407,hist_vol_fallback,put,ATM,7.220001220703125,10.529998779296877,True,Microsoft Corp.,Technology,2026-05-01,15.551826950727424,14.97091054510081,15.435170081160521,0.1166568695669028,0.0,-2.198173049272576,-2.7790894548991893,-2.3148299188394788,2.198173049272576,2.7790894548991893,2.3148299188394788,-12.384073517028597,-15.656841999432054,-13.041295317405513
MSFT260605P00400000,2026-04-30 19:59:27+00:00,400.0,10.24,0.0,0.0,0.0,0.0,324.0,0,0.01563484375,False,REGULAR,USD,Put,MSFT,407.7799987792969,0.2391426453723407,0.0085340134641657,2026-06-05,35,0.0958904109589041,0.98092108783514,0.0,10.24,0.0,0.0190789121648599,0.0358500003814697,0.01563484375,market_iv,put,ATM,0.0,10.24,True,Microsoft Corp.,Technology,2026-05-01,1.1347944171515796e-06,8.074692530102418e-06,1.2292930733222816e-06,0.0,6.845399456780136e-06,-10.239998865205584,-10.23999192530747,-10.239998770706928,10.239998865205584,10.23999192530747,10.239998770706928,-99.99998891802328,-99.99992114558076,-99.99998799518484
MSFT260605P00420000,2026-04-30 15:25:01+00:00,420.0,23.7,0.0,0.0,0.0,0.0,70.0,0,1.0000000000000004e-05,True,REGULAR,USD,Put,MSFT,407.7799987792969,0.2391426453723407,0.0085340134641657,2026-06-05,35,0.0958904109589041,1.0299671422268972,0.0,23.7,0.0,0.0299671422268972,0.0358500003814697,0.2391426453723407,hist_vol_fallback,put,ATM,12.220001220703123,11.479998779296874,True,Microsoft Corp.,Technology,2026-05-01,18.689856636557906,18.098386315323065,18.55075430799937,0.13910232855853621,0.0,-5.0101433634420935,-5.601613684676934,-5.14924569200063,5.0101433634420935,5.601613684676934,5.14924569200063,-21.139845415367482,-23.635500779227574,-21.726775071732614
MSFT260605P00395000,2026-04-30 19:59:27+00:00,395.0,8.32,0.0,0.0,0.0,0.0,76.0,0,0.0312596875,False,REGULAR,USD,Put,MSFT,407.7799987792969,0.2391426453723407,0.0085340134641657,2026-06-05,35,0.0958904109589041,0.9686595742372008,0.0,8.32,0.0,0.0313404257627991,0.0358500003814697,0.0312596875,market_iv,put,ITM,0.0,8.32,True,Microsoft Corp.,Technology,2026-05-01,0.00017311507475436432,0.00039216647664450316,0.0001782212289270363,0.0,0.00021394524771746687,-8.319826884925247,-8.319607833523357,-8.319821778771074,8.319826884925247,8.319607833523357,8.319821778771074,-99.9979192899669,-99.99528646061727,-99.99785791792155
MSFT260605P00425000,2026-04-30 18:50:15+00:00,425.0,25.2,0.0,0.0,0.0,0.0,24.0,0,1.0000000000000004e-05,True,REGULAR,USD,Put,MSFT,407.7799987792969,0.2391426453723407,0.0085340134641657,2026-06-05,35,0.0958904109589041,1.0422286558248364,0.0,25.2,0.0,0.0422286558248363,0.0358500003814697,0.2391426453723407,hist_vol_fallback,put,OTM,17.220001220703125,7.979998779296874,True,Microsoft Corp.,Technology,2026-05-01,22.127093265547522,21.53397607301749,21.96082267547507,0.16627059007245037,0.0,-3.072906734452477,-3.6660239269825077,-3.2391773245249276,3.072906734452477,3.6660239269825077,3.2391773245249276,-12.194074343065386,-14.547713995962333,-12.853878271924316
MSFT260605P00390000,2026-04-30 19:55:54+00:00,390.0,6.57,0.0,0.0,0.0,0.0,423.0,0,0.0312596875,False,REGULAR,USD,Put,MSFT,407.7799987792969,0.2391426453723407,0.0085340134641657,2026-06-05,35,0.0958904109589041,0.9563980606392616,0.0,6.57,0.0,0.0436019393607384,0.0358500003814697,0.0312596875,market_iv,put,ITM,0.0,6.57,True,Microsoft Corp.,Technology,2026-05-01,3.362988202072451e-07,1.024542596702746e-06,3.9727366005521824e-07,0.0,6.272689366475278e-07,-6.56999966370118,-6.569998975457404,-6.56999960272634,6.56999966370118,6.569998975457404,6.56999960272634,-99.9999948812965,-99.99998440574434,-99.99999395321673
MSFT260605P00430000,2026-04-30 17:57:15+00:00,430.0,32.9,0.0,0.0,0.0,0.0,76.0,0,1.0000000000000004e-05,True,REGULAR,USD,Put,MSFT,407.7799987792969,0.2391426453723407,0.0085340134641657,2026-06-05,35,0.0958904109589041,1.0544901694227755,0.0,32.9,0.0,0.0544901694227757,0.0358500003814697,0.2391426453723407,hist_vol_fallback,put,OTM,22.220001220703125,10.679998779296874,True,Microsoft Corp.,Technology,2026-05-01,25.85342188630713,25.25205441032304,25.640526182029816,0.2128957042773152,0.0,-7.046578113692867,-7.647945589676958,-7.259473817970182,7.046578113692867,7.647945589676958,7.259473817970182,-21.418170558336982,-23.246035226981636,-22.065269963435206
MSFT260605P00385000,2026-04-30 19:57:59+00:00,385.0,5.5,0.0,0.0,0.0,0.0,136.0,0,0.0312596875,False,REGULAR,USD,Put,MSFT,407.7799987792969,0.2391426453723407,0.0085340134641657,2026-06-05,35,0.0958904109589041,0.9441365470413224,0.0,5.5,0.0,0.0558634529586776,0.0358500003814697,0.0312596875,market_iv,put,ITM,0.0,5.5,True,Microsoft Corp.,Technology,2026-05-01,8.325772366418602e-11,4.484097300467188e-10,1.5663106598952204e-10,0.0,2.9177866405719675e-10,-5.499999999916742,-5.499999999551591,-5.499999999843369,5.499999999916742,5.499999999551591,5.499999999843369,-99.99999999848622,-99.9999999918471,-99.99999999715216
MSFT260605P00435000,2026-04-30 14:23:39+00:00,435.0,36.59,0.0,0.0,0.0,0.0,2.0,0,1.0000000000000004e-05,True,REGULAR,USD,Put,MSFT,407.7799987792969,0.2391426453723407,0.0085340134641657,2026-06-05,35,0.0958904109589041,1.0667516830207149,0.0,36.59,0.0,0.0667516830207148,0.0358500003814697,0.2391426453723407,hist_vol_fallback,put,OTM,27.220001220703125,9.369998779296878,True,Microsoft Corp.,Technology,2026-05-01,29.83228240226535,29.244891867758515,29.561263269553876,0.2710191327114728,0.0,-6.757717597734654,-7.345108132241489,-7.028736730446127,6.757717597734654,7.345108132241489,7.028736730446127,-18.46875539145847,-20.074086177210955,-19.209447199907423
MSFT260605P00380000,2026-04-30 19:55:34+00:00,380.0,4.29,0.0,0.0,0.0,0.0,457.0,0,0.062509375,False,REGULAR,USD,Put,MSFT,407.7799987792969,0.2391426453723407,0.0085340134641657,2026-06-05,35,0.0958904109589041,0.9318750334433832,0.0,4.29,0.0,0.0681249665566169,0.0358500003814697,0.062509375,market_iv,put,ITM,0.0,4.29,True,Microsoft Corp.,Technology,2026-05-01,0.0001314820753977833,0.00019899830368603387,0.0001406703991530915,0.0,5.832790453294236e-05,-4.289868517924602,-4.289801001696314,-4.289859329600847,4.289868517924602,4.289801001696314,4.289859329600847,-99.99693514975763,-99.99536134490242,-99.99672096971672
MSFT260605P00440000,2026-04-29 18:37:15+00:00,440.0,29.5,0.0,0.0,0.0,0.0,17.0,0,1.0000000000000004e-05,True,REGULAR,USD,Put,MSFT,407.7799987792969,0.2391426453723407,0.0085340134641657,2026-06-05,35,0.0958904109589041,1.079013196618654,0.0,29.5,0.0,0.079013196618654,0.0358500003814697,0.2391426453723407,hist_vol_fallback,put,OTM,32.220001220703125,0.0,True,Microsoft Corp.,Technology,2026-05-01,34.02678095233439,33.481397179475294,33.69253713726857,0.33424381506581824,0.0,4.526780952334391,3.9813971794752945,4.192537137268573,4.526780952334391,3.9813971794752945,4.192537137268573,15.345020177404717,13.496261625339981,14.211990295825672
MSFT260605P00375000,2026-04-30 19:55:34+00:00,375.0,3.54,0.0,0.0,0.0,0.0,172.0,0,0.062509375,False,REGULAR,USD,Put,MSFT,407.7799987792969,0.2391426453723407,0.0085340134641657,2026-06-05,35,0.0958904109589041,0.9196135198454438,0.0,3.54,0.0,0.0803864801545561,0.0358500003814697,0.062509375,market_iv,put,ITM,0.0,3.54,True,Microsoft Corp.,Technology,2026-05-01,5.438706549678569e-06,9.068832828406416e-06,6.230204086125034e-06,0.0,2.8386287422813823e-06,-3.5399945612934505,-3.539990931167172,-3.539993769795914,3.5399945612934505,3.539990931167172,3.539993769795914,-99.99984636422177,-99.99974381828169,-99.9998240055343
MSFT260605P00445000,2026-04-30 13:57:14+00:00,445.0,42.3,0.0,0.0,0.0,0.0,5.0,0,1.0000000000000004e-05,True,REGULAR,USD,Put,MSFT,407.7799987792969,0.2391426453723407,0.0085340134641657,2026-06-05,35,0.0958904109589041,1.0912747102165934,0.0,42.3,0.0,0.0912747102165933,0.0358500003814697,0.2391426453723407,hist_vol_fallback,put,OTM,37.220001220703125,5.079998779296872,True,Microsoft Corp.,Technology,2026-05-01,38.40824437469918,37.92081480439711,38.0036465658182,0.40459780888097896,0.0,-3.891755625300817,-4.379185195602886,-4.296353434181796,3.891755625300817,4.379185195602886,4.296353434181796,-9.20036790851257,-10.352683677548196,-10.156863910595264
MSFT260605P00370000,2026-04-30 19:54:29+00:00,370.0,2.72,0.0,0.0,0.0,0.0,422.0,0,0.062509375,False,REGULAR,USD,Put,MSFT,407.7799987792969,0.2391426453723407,0.0085340134641657,2026-06-05,35,0.0958904109589041,0.9073520062475046,0.0,2.72,0.0,0.0926479937524954,0.0358500003814697,0.062509375,market_iv,put,ITM,0.0,2.72,True,Microsoft Corp.,Technology,2026-05-01,1.3051109903297334e-07,2.412384708033722e-07,1.6981763897383153e-07,0.0,7.142083182954064e-08,-2.7199998694889014,-2.719999758761529,-2.719999830182361,2.7199998694889014,2.719999758761529,2.719999830182361,-99.99999520179784,-99.99999113093857,-99.99999375670444
MSFT260605P00450000,2026-04-30 14:42:11+00:00,450.0,49.41,0.0,0.0,0.0,0.0,3.0,0,1.0000000000000004e-05,True,REGULAR,USD,Put,MSFT,407.7799987792969,0.2391426453723407,0.0085340134641657,2026-06-05,35,0.0958904109589041,1.1035362238145323,0.0,49.41,0.0,0.1035362238145325,0.0358500003814697,0.2391426453723407,hist_vol_fallback,put,OTM,42.220001220703125,7.189998779296872,True,Microsoft Corp.,Technology,2026-05-01,42.94883081521285,42.53887396427152,42.46508883193496,0.48374198327788775,0.07378513233655326,-6.4611691847871455,-6.87112603572848,-6.944911168065033,6.4611691847871455,6.87112603572848,6.944911168065033,-13.076642754072346,-13.90634696565165,-14.055679352489442
MSFT260605P00365000,2026-04-30 19:50:00+00:00,365.0,2.15,0.0,0.0,0.0,0.0,143.0,0,0.062509375,False,REGULAR,USD,Put,MSFT,407.7799987792969,0.2391426453723407,0.0085340134641657,2026-06-05,35,0.0958904109589041,0.8950904926495653,0.0,2.15,0.0,0.1049095073504347,0.0358500003814697,0.062509375,market_iv,put,ITM,0.0,2.15,True,Microsoft Corp.,Technology,2026-05-01,1.742459586053569e-09,4.171659976255292e-09,2.7751980296272275e-09,0.0,1.3964619466280642e-09,-2.1499999982575404,-2.14999999582834,-2.149999997224802,2.1499999982575404,2.14999999582834,2.149999997224802,-99.99999991895537,-99.99999980596931,-99.99999987092103
MSFT260605P00455000,2026-04-30 13:57:15+00:00,455.0,51.1,0.0,0.0,0.0,0.0,10.0,0,1.0000000000000004e-05,True,REGULAR,USD,Put,MSFT,407.7799987792969,0.2391426453723407,0.0085340134641657,2026-06-05,35,0.0958904109589041,1.115797737412472,0.0,51.1,0.0,0.1157977374124719,0.0358500003814697,0.2391426453723407,hist_vol_fallback,put,OTM,47.220001220703125,3.879998779296877,True,Microsoft Corp.,Technology,2026-05-01,47.622551663199154,47.31371245751216,47.049609754125754,0.5729419090733998,0.2641027033864063,-3.4774483368008475,-3.786287542487841,-4.050390245874247,3.4774483368008475,3.786287542487841,4.050390245874247,-6.805182655187568,-7.40956466240282,-7.926399698384046
MSFT260605P00360000,2026-04-30 19:39:17+00:00,360.0,1.81,0.0,0.0,0.0,0.0,229.0,0,0.062509375,False,REGULAR,USD,Put,MSFT,407.7799987792969,0.2391426453723407,0.0085340134641657,2026-06-05,35,0.0958904109589041,0.8828289790516262,0.0,1.81,0.0,0.1171710209483738,0.0358500003814697,0.062509375,market_iv,put,ITM,0.0,1.81,True,Microsoft Corp.,Technology,2026-05-01,1.2323215910086822e-11,4.053663011196029e-11,2.6497374952439444e-11,0.0,1.4039255159520845e-11,-1.8099999999876768,-1.8099999999594634,-1.8099999999735026,1.8099999999876768,1.8099999999594634,1.8099999999735026,-99.99999999931916,-99.9999999977604,-99.99999999853605
NVDA260522C00200000,2026-04-30 19:59:52+00:00,200.0,9.48,0.0,0.0,0.0,0.0,6336.0,0,0.0039162109375,False,REGULAR,USD,Call,NVDA,199.57000732421875,0.3384348006616123,0.0002004309191361,2026-05-22,21,0.0575342465753424,1.002154595680716,0.0,9.48,0.0,0.002154595680716,0.0358500003814697,0.3384348006616123,hist_vol_fallback,call,ATM,0.0,9.48,False,NVIDIA Corp.,Technology,2026-05-01,6.453273795504581,6.898195143856303,6.451524060845074,0.0017497346595067853,0.44667108301122926,-3.0267262044954197,-2.5818048561436973,-3.0284759391549265,3.0267262044954197,2.5818048561436973,3.0284759391549265,-31.92749160860147,-27.234228440334356,-31.945948725262934
NVDA260522C00195000,2026-04-30 19:59:45+00:00,195.0,12.23,0.0,0.0,0.0,0.0,1872.0,0,1.0000000000000004e-05,True,REGULAR,USD,Call,NVDA,199.57000732421875,0.3384348006616123,0.0002004309191361,2026-05-22,21,0.0575342465753424,0.9771007307886982,0.0,12.23,0.0,0.0228992692113018,0.0358500003814697,0.3384348006616123,hist_vol_fallback,call,ATM,4.57000732421875,7.65999267578125,False,NVIDIA Corp.,Technology,2026-05-01,9.164086861686046,9.730158075359627,9.170807839772962,0.0,0.5593502355866651,-3.065913138313954,-2.499841924640373,-3.059192160227038,3.065913138313954,2.499841924640373,3.059192160227038,-25.068790991937483,-20.440244682259795,-25.013836142494178
NVDA260522C00205000,2026-04-30 19:59:55+00:00,205.0,7.2,0.0,0.0,0.0,0.0,4558.0,0,0.0312596875,False,REGULAR,USD,Call,NVDA,199.57000732421875,0.3384348006616123,0.0002004309191361,2026-05-22,21,0.0575342465753424,1.027208460572734,0.0,7.2,0.0,0.027208460572734,0.0358500003814697,0.0312596875,market_iv,call,ATM,0.0,7.2,False,NVIDIA Corp.,Technology,2026-05-01,0.0001741958620965765,5.0722621055798375e-05,0.0001879626897249992,0.0,0.0,-7.1998258041379035,-7.199949277378944,-7.199812037310275,7.1998258041379035,7.199949277378944,7.199812037310275,-99.99758061302644,-99.999295519152,-99.99738940708716
NVDA260522C00190000,2026-04-30 19:59:42+00:00,190.0,15.5,0.0,0.0,0.0,0.0,678.0,0,1.0000000000000004e-05,True,REGULAR,USD,Call,NVDA,199.57000732421875,0.3384348006616123,0.0002004309191361,2026-05-22,21,0.0575342465753424,0.9520468658966804,0.0,15.5,0.0,0.0479531341033196,0.0358500003814697,0.3384348006616123,hist_vol_fallback,call,OTM,9.57000732421875,5.92999267578125,False,NVIDIA Corp.,Technology,2026-05-01,12.494546084928754,13.146989040110032,12.491445710209746,0.0031003747190077036,0.6555433299002864,-3.0054539150712465,-2.353010959889968,-3.008554289790254,3.0054539150712465,2.353010959889968,3.008554289790254,-19.390025258524172,-15.180715870257858,-19.410027676066154
NVDA260522C00210000,2026-04-30 19:59:50+00:00,210.0,5.35,0.0,0.0,0.0,0.0,6209.0,0,0.062509375,False,REGULAR,USD,Call,NVDA,199.57000732421875,0.3384348006616123,0.0002004309191361,2026-05-22,21,0.0575342465753424,1.0522623254647518,0.0,5.35,0.0,0.0522623254647518,0.0358500003814697,0.062509375,market_iv,call,ITM,0.0,5.35,False,NVIDIA Corp.,Technology,2026-05-01,0.00041558317045465,0.0002516095234865993,0.00045258481343039836,0.0,0.0,-5.349584416829545,-5.349748390476513,-5.349547415186569,5.349584416829545,5.349748390476513,5.349547415186569,-99.99223209027188,-99.9952970182526,-99.991540470777
NVDA260522C00185000,2026-04-30 19:59:18+00:00,185.0,19.11,0.0,0.0,0.0,0.0,240.0,0,1.0000000000000004e-05,True,REGULAR,USD,Call,NVDA,199.57000732421875,0.3384348006616123,0.0002004309191361,2026-05-22,21,0.0575342465753424,0.9269930010046624,0.0,19.11,0.0,0.0730069989953375,0.0358500003814697,0.3384348006616123,hist_vol_fallback,call,OTM,14.57000732421875,4.539992675781249,False,NVIDIA Corp.,Technology,2026-05-01,16.35383258832049,17.098333765100154,16.35061279343961,0.0032197948808807553,0.7477209716605451,-2.7561674116795096,-2.0116662348998453,-2.7593872065603904,2.7561674116795096,2.0116662348998453,2.7593872065603904,-14.422644749761956,-10.526772553112744,-14.439493493251652
NVDA260522C00215000,2026-04-30 19:59:58+00:00,215.0,3.95,0.0,0.0,0.0,0.0,7761.0,0,0.062509375,False,REGULAR,USD,Call,NVDA,199.57000732421875,0.3384348006616123,0.0002004309191361,2026-05-22,21,0.0575342465753424,1.0773161903567698,0.0,3.95,0.0,0.0773161903567698,0.0358500003814697,0.062509375,market_iv,call,ITM,0.0,3.95,False,NVIDIA Corp.,Technology,2026-05-01,2.9867999945076597e-07,1.7130523391231297e-07,4.0678918268106023e-07,0.0,0.0,-3.9499997013200008,-3.949999828694766,-3.9499995932108174,3.9499997013200008,3.949999828694766,3.9499995932108174,-99.99999243848102,-99.99999566315864,-99.99998970153968
NVDA260522C00180000,2026-04-30 19:59:38+00:00,180.0,23.07,0.0,0.0,0.0,0.0,568.0,0,1.0000000000000004e-05,True,REGULAR,USD,Call,NVDA,199.57000732421875,0.3384348006616123,0.0002004309191361,2026-05-22,21,0.0575342465753424,0.9019391361126444,0.0,23.07,0.0,0.0980608638873554,0.0358500003814697,0.3384348006616123,hist_vol_fallback,call,OTM,19.57000732421875,3.4999926757812503,False,NVIDIA Corp.,Technology,2026-05-01,20.638207756931322,21.454218252753964,20.642953398695624,0.0,0.81126485405834,-2.431792243068678,-1.6157817472460358,-2.427046601304376,2.431792243068678,1.6157817472460358,2.427046601304376,-10.540928665230506,-7.0038220513482266,-10.520358046399549
NVDA260522C00220000,2026-04-30 19:59:45+00:00,220.0,2.86,0.0,0.0,0.0,0.0,7723.0,0,0.062509375,False,REGULAR,USD,Call,NVDA,199.57000732421875,0.3384348006616123,0.0002004309191361,2026-05-22,21,0.0575342465753424,1.1023700552487878,0.0,2.86,0.0,0.1023700552487878,0.0358500003814697,0.062509375,market_iv,call,ITM,0.0,2.86,False,NVIDIA Corp.,Technology,2026-05-01,1.8699425913279673e-11,1.3256493068355876e-11,4.6499461585528495e-11,0.0,0.0,-2.8599999999813006,-2.8599999999867434,-2.8599999999535006,2.8599999999813006,2.8599999999867434,2.8599999999535006,-99.99999999934617,-99.99999999953648,-99.99999999837415
NVDA260522C00175000,2026-04-30 19:32:24+00:00,175.0,27.93,0.0,0.0,0.0,0.0,103.0,0,1.0000000000000004e-05,True,REGULAR,USD,Call,NVDA,199.57000732421875,0.3384348006616123,0.0002004309191361,2026-05-22,21,0.0575342465753424,0.8768852712206266,0.0,27.93,0.0,0.1231147287793733,0.0358500003814697,0.3384348006616123,hist_vol_fallback,call,OTM,24.57000732421875,3.3599926757812497,False,NVIDIA Corp.,Technology,2026-05-01,25.245834349552602,26.098084992240366,25.245621243989774,0.0002131055628282752,0.8524637482505923,-2.6841656504473974,-1.8319150077596333,-2.6843787560102257,2.6841656504473974,1.8319150077596333,2.6843787560102257,-9.610331723764402,-6.558950976583006,-9.6110947225572
NVDA260522C00225000,2026-04-30 19:59:42+00:00,225.0,2.11,0.0,0.0,0.0,0.0,6390.0,0,0.12500875,False,REGULAR,USD,Call,NVDA,199.57000732421875,0.3384348006616123,0.0002004309191361,2026-05-22,21,0.0575342465753424,1.1274239201408056,0.0,2.11,0.0,0.1274239201408056,0.0358500003814697,0.12500875,market_iv,call,ITM,0.0,2.11,False,NVIDIA Corp.,Technology,2026-05-01,5.449763308967066e-05,4.7540554614874285e-05,6.131976962107065e-05,0.0,0.0,-2.10994550236691,-2.109952459445385,-2.109938680230379,2.10994550236691,2.109952459445385,2.109938680230379,-99.99741717378721,-99.99774689314623,-99.997093849781
NVDA260522C00170000,2026-04-30 19:39:58+00:00,170.0,32.5,0.0,0.0,0.0,0.0,151.0,0,1.0000000000000004e-05,True,REGULAR,USD,Call,NVDA,199.57000732421875,0.3384348006616123,0.0002004309191361,2026-05-22,21,0.0575342465753424,0.8518314063286088,0.0,32.5,0.0,0.1481685936713912,0.0358500003814697,0.3384348006616123,hist_vol_fallback,call,OTM,29.57000732421875,2.92999267578125,False,NVIDIA Corp.,Technology,2026-05-01,30.042452632723126,30.92121543989667,30.044471404101955,0.0,0.8767440357947152,-2.4575473672768737,-1.5787845601033297,-2.455528595898045,2.4575473672768737,1.5787845601033297,2.455528595898045,-7.561684207005766,-4.8577986464717835,-7.555472602763215
NVDA260522P00200000,2026-04-30 19:59:47+00:00,200.0,9.2,0.0,0.0,0.0,0.0,2135.0,0,1.0000000000000004e-05,True,REGULAR,USD,Put,NVDA,199.57000732421875,0.3384348006616123,0.0002004309191361,2026-05-22,21,0.0575342465753424,1.002154595680716,0.0,9.2,0.0,0.002154595680716,0.0358500003814697,0.3384348006616123,hist_vol_fallback,put,ATM,0.42999267578125,8.77000732421875,True,NVIDIA Corp.,Technology,2026-05-01,6.4999510298339045,6.117424939333531,6.4717226815516256,0.028228348282278937,0.0,-2.700048970166095,-3.0825750606664686,-2.7282773184483737,2.700048970166095,3.0825750606664686,2.7282773184483737,-29.348358371370598,-33.50625065941814,-29.655188244004066
NVDA260522P00195000,2026-04-30 19:59:45+00:00,195.0,7.0,0.0,0.0,0.0,0.0,1000.0,0,0.0312596875,False,REGULAR,USD,Put,NVDA,199.57000732421875,0.3384348006616123,0.0002004309191361,2026-05-22,21,0.0575342465753424,0.9771007307886982,0.0,7.0,0.0,0.0228992692113018,0.0358500003814697,0.0312596875,market_iv,put,ATM,0.0,7.0,True,NVIDIA Corp.,Technology,2026-05-01,0.0001452983421481756,0.000323833351055597,0.00014771748685232788,0.0,0.00017611586420326913,-6.999854701657852,-6.999676166648944,-6.999852282513148,6.999854701657852,6.999676166648944,6.999852282513148,-99.99792430939787,-99.99537380927063,-99.99788975018782
NVDA260522P00205000,2026-04-30 19:54:25+00:00,205.0,11.49,0.0,0.0,0.0,0.0,2123.0,0,1.0000000000000004e-05,True,REGULAR,USD,Put,NVDA,199.57000732421875,0.3384348006616123,0.0002004309191361,2026-05-22,21,0.0575342465753424,1.027208460572734,0.0,11.49,0.0,0.027208460572734,0.0358500003814697,0.3384348006616123,hist_vol_fallback,put,ATM,5.42999267578125,6.06000732421875,True,NVIDIA Corp.,Technology,2026-05-01,9.39863984194463,8.954402897900284,9.349957510499394,0.048682331445236926,0.0,-2.0913601580553696,-2.5355971020997163,-2.1400424895006065,2.0913601580553696,2.5355971020997163,2.1400424895006065,-18.201567955225148,-22.06785989642921,-18.62526100522721
NVDA260522P00190000,2026-04-30 19:59:46+00:00,190.0,5.15,0.0,0.0,0.0,0.0,1724.0,0,0.062509375,False,REGULAR,USD,Put,NVDA,199.57000732421875,0.3384348006616123,0.0002004309191361,2026-05-22,21,0.0575342465753424,0.9520468658966804,0.0,5.15,0.0,0.0479531341033196,0.0358500003814697,0.062509375,market_iv,put,ITM,0.0,5.15,True,NVIDIA Corp.,Technology,2026-05-01,0.00022750698844421131,0.0003404478372203393,0.0002391106602837728,0.0,0.00010133717693656648,-5.1497724930115565,-5.14965955216278,-5.149760889339716,5.1497724930115565,5.14965955216278,5.149760889339716,-99.9955823885739,-99.99338936238408,-99.99535707455759
NVDA260522P00210000,2026-04-30 19:59:09+00:00,210.0,14.98,0.0,0.0,0.0,0.0,574.0,0,1.0000000000000004e-05,True,REGULAR,USD,Put,NVDA,199.57000732421875,0.3384348006616123,0.0002004309191361,2026-05-22,21,0.0575342465753424,1.0522623254647518,0.0,14.98,0.0,0.0522623254647518,0.0358500003814697,0.3384348006616123,hist_vol_fallback,put,OTM,10.42999267578125,4.55000732421875,True,NVIDIA Corp.,Technology,2026-05-01,12.860309225769122,12.387883826285362,12.78822290263605,0.07208632313307106,0.0,-2.119690774230879,-2.592116173714638,-2.19177709736395,2.119690774230879,2.592116173714638,2.19177709736395,-14.150138679778898,-17.30384628647956,-14.631355790146527
NVDA260522P00185000,2026-04-30 19:59:45+00:00,185.0,3.7,0.0,0.0,0.0,0.0,1447.0,0,0.062509375,False,REGULAR,USD,Put,NVDA,199.57000732421875,0.3384348006616123,0.0002004309191361,2026-05-22,21,0.0575342465753424,0.9269930010046624,0.0,3.7,0.0,0.0730069989953375,0.0358500003814697,0.062509375,market_iv,put,ITM,0.0,3.7,True,NVIDIA Corp.,Technology,2026-05-01,4.055731618773012e-08,8.20546426786398e-08,5.375129159544451e-08,0.0,2.8303351083195286e-08,-3.699999959442684,-3.6999999179453575,-3.6999999462487088,3.699999959442684,3.6999999179453575,3.6999999462487088,-99.99999890385632,-99.99999778230696,-99.9999985472624
NVDA260522P00215000,2026-04-30 19:55:31+00:00,215.0,18.5,0.0,0.0,0.0,0.0,278.0,0,1.0000000000000004e-05,True,REGULAR,USD,Put,NVDA,199.57000732421875,0.3384348006616123,0.0002004309191361,2026-05-22,21,0.0575342465753424,1.0773161903567698,0.0,18.5,0.0,0.0773161903567698,0.0358500003814697,0.3384348006616123,hist_vol_fallback,put,OTM,15.42999267578125,3.07000732421875,True,NVIDIA Corp.,Technology,2026-05-01,16.802329251253344,16.3547244700836,16.699910722082706,0.1024185291706381,0.0,-1.6976707487466562,-2.1452755299164004,-1.8000892779172943,1.6976707487466562,2.1452755299164004,1.8000892779172943,-9.176598641873818,-11.596083945494055,-9.730212313066456
NVDA260522P00180000,2026-04-30 19:59:45+00:00,180.0,2.6,0.0,0.0,0.0,0.0,3600.0,0,0.12500875,False,REGULAR,USD,Put,NVDA,199.57000732421875,0.3384348006616123,0.0002004309191361,2026-05-22,21,0.0575342465753424,0.9019391361126444,0.0,2.6,0.0,0.0980608638873554,0.0358500003814697,0.12500875,market_iv,put,ITM,0.0,2.6,True,NVIDIA Corp.,Technology,2026-05-01,0.0003013433883167773,0.00034172483345364666,0.00031850485032604986,0.0,2.3219983127596797e-05,-2.5996986566116833,-2.5996582751665462,-2.599681495149674,2.5996986566116833,2.5996582751665462,2.599681495149674,-99.98840986968013,-99.98685673717486,-99.987749813449
NVDA260522P00220000,2026-04-30 17:10:33+00:00,220.0,21.71,0.0,0.0,0.0,0.0,66.0,0,1.0000000000000004e-05,True,REGULAR,USD,Put,NVDA,199.57000732421875,0.3384348006616123,0.0002004309191361,2026-05-22,21,0.0575342465753424,1.1023700552487878,0.0,21.71,0.0,0.1023700552487878,0.0358500003814697,0.3384348006616123,hist_vol_fallback,put,OTM,20.42999267578125,1.2800073242187509,True,NVIDIA Corp.,Technology,2026-05-01,21.123417624194225,20.7455341624767,20.98097324846995,0.14244437572427415,0.0,-0.5865823758057758,-0.9644658375232993,-0.7290267515300499,0.5865823758057758,0.9644658375232993,0.7290267515300499,-2.701899474001731,-4.442495796975123,-3.3580228076004137
NVDA260522P00175000,2026-04-30 19:57:21+00:00,175.0,1.8,0.0,0.0,0.0,0.0,1009.0,0,0.12500875,False,REGULAR,USD,Put,NVDA,199.57000732421875,0.3384348006616123,0.0002004309191361,2026-05-22,21,0.0575342465753424,0.8768852712206266,0.0,1.8,0.0,0.1231147287793733,0.0358500003814697,0.12500875,market_iv,put,ITM,0.0,1.8,True,NVIDIA Corp.,Technology,2026-05-01,4.054256685633879e-06,5.368740351452879e-06,4.959598313940511e-06,0.0,4.091420375123685e-07,-1.7999959457433143,-1.7999946312596486,-1.799995040401686,1.7999959457433143,1.7999946312596486,1.799995040401686,-99.99977476351745,-99.99970173664714,-99.99972446676033
NVDA260522P00225000,2026-04-30 19:37:07+00:00,225.0,26.01,0.0,0.0,0.0,0.0,17.0,0,1.0000000000000004e-05,True,REGULAR,USD,Put,NVDA,199.57000732421875,0.3384348006616123,0.0002004309191361,2026-05-22,21,0.0575342465753424,1.1274239201408056,0.0,26.01,0.0,0.1274239201408056,0.0358500003814697,0.3384348006616123,hist_vol_fallback,put,OTM,25.42999267578125,0.5800073242187516,True,NVIDIA Corp.,Technology,2026-05-01,25.72326753679248,25.47011096449986,25.52948358057273,0.1937839562197503,0.0,-0.286732463207521,-0.539889035500142,-0.4805164194272713,0.286732463207521,0.539889035500142,0.4805164194272713,-1.1023931688101536,-2.0756979450216915,-1.8474295249030037
NVDA260522P00170000,2026-04-30 19:59:45+00:00,170.0,1.26,0.0,0.0,0.0,0.0,1052.0,0,0.12500875,False,REGULAR,USD,Put,NVDA,199.57000732421875,0.3384348006616123,0.0002004309191361,2026-05-22,21,0.0575342465753424,0.8518314063286088,0.0,1.26,0.0,0.1481685936713912,0.0358500003814697,0.12500875,market_iv,put,ITM,0.0,1.26,True,NVIDIA Corp.,Technology,2026-05-01,2.000535162683595e-08,3.145434559648994e-08,2.9107978055250475e-08,0.0,2.346367541239463e-09,-1.2599999799946484,-1.2599999685456544,-1.259999970892022,1.2599999799946484,1.2599999685456544,1.259999970892022,-99.99999841227368,-99.99999750362338,-99.99999768984301
NVDA260529C00200000,2026-04-30 19:59:45+00:00,200.0,10.3,0.0,0.0,0.0,0.0,14111.0,0,0.00196310546875,False,REGULAR,USD,Call,NVDA,199.57000732421875,0.3384348006616123,0.0002004309191361,2026-05-29,28,0.0767123287671232,1.002154595680716,0.0,10.3,0.0,0.002154595680716,0.0358500003814697,0.3384348006616123,hist_vol_fallback,call,ATM,0.0,10.3,False,NVIDIA Corp.,Technology,2026-05-01,7.51702361134072,8.11868402382621,7.516222421938167,0.0008011894025532484,0.6024616018880433,-2.7829763886592804,-2.1813159761737904,-2.7837775780618337,2.7829763886592804,2.1813159761737904,2.7837775780618337,-27.019188239410486,-21.17782501139602,-27.026966777299354
NVDA260529C00195000,2026-04-30 19:59:06+00:00,195.0,13.25,0.0,0.0,0.0,0.0,1390.0,0,1.0000000000000004e-05,True,REGULAR,USD,Call,NVDA,199.57000732421875,0.3384348006616123,0.0002004309191361,2026-05-29,28,0.0767123287671232,0.9771007307886982,0.0,13.25,0.0,0.0228992692113018,0.0358500003814697,0.3384348006616123,hist_vol_fallback,call,ATM,4.57000732421875,8.67999267578125,False,NVIDIA Corp.,Technology,2026-05-01,10.19960751275748,10.918165009243724,10.195156653947379,0.004450858810100655,0.7230083552963453,-3.0503924872425205,-2.331834990756276,-3.054843346052621,3.0503924872425205,2.331834990756276,3.054843346052621,-23.02183009239638,-17.598754647217177,-23.055421479642423
NVDA260529C00205000,2026-04-30 19:59:56+00:00,205.0,7.91,0.0,0.0,0.0,0.0,12296.0,0,0.0312596875,False,REGULAR,USD,Call,NVDA,199.57000732421875,0.3384348006616123,0.0002004309191361,2026-05-29,28,0.0767123287671232,1.027208460572734,0.0,7.91,0.0,0.027208460572734,0.0358500003814697,0.0312596875,market_iv,call,ATM,0.0,7.91,False,NVIDIA Corp.,Technology,2026-05-01,0.0013232865164594743,0.0003785046756470622,0.0014008737704526153,0.0,0.0,-7.9086767134835405,-7.909621495324353,-7.908599126229547,7.9086767134835405,7.909621495324353,7.908599126229547,-99.98327071407763,-99.99521485871496,-99.98228983855306
NVDA260529C00190000,2026-04-30 19:59:33+00:00,190.0,16.3,0.0,0.0,0.0,0.0,451.0,0,1.0000000000000004e-05,True,REGULAR,USD,Call,NVDA,199.57000732421875,0.3384348006616123,0.0002004309191361,2026-05-29,28,0.0767123287671232,0.9520468658966804,0.0,16.3,0.0,0.0479531341033196,0.0358500003814697,0.3384348006616123,hist_vol_fallback,call,OTM,9.57000732421875,6.729992675781251,False,NVIDIA Corp.,Technology,2026-05-01,13.405453472625632,14.254256777339837,13.400837126488256,0.0046163461373769366,0.8534196508515812,-2.8945465273743682,-2.045743222660164,-2.899162873511745,2.8945465273743682,2.045743222660164,2.899162873511745,-17.757954155670973,-12.550571918160514,-17.78627529761807
NVDA260529C00210000,2026-04-30 19:59:55+00:00,210.0,6.05,0.0,0.0,0.0,0.0,6502.0,0,0.0312596875,False,REGULAR,USD,Call,NVDA,199.57000732421875,0.3384348006616123,0.0002004309191361,2026-05-29,28,0.0767123287671232,1.0522623254647518,0.0,6.05,0.0,0.0522623254647518,0.0358500003814697,0.0312596875,market_iv,call,ITM,0.0,6.05,False,NVIDIA Corp.,Technology,2026-05-01,2.254666250382857e-09,2.793576478464648e-10,3.8662310491042806e-09,0.0,0.0,-6.049999997745333,-6.049999999720642,-6.049999996133769,6.049999997745333,6.049999999720642,6.049999996133769,-99.99999996273277,-99.99999999538251,-99.99999993609535
NVDA260529C00185000,2026-04-30 19:57:39+00:00,185.0,19.8,0.0,0.0,0.0,0.0,272.0,0,1.0000000000000004e-05,True,REGULAR,USD,Call,NVDA,199.57000732421875,0.3384348006616123,0.0002004309191361,2026-05-29,28,0.0767123287671232,0.9269930010046624,0.0,19.8,0.0,0.0730069989953375,0.0358500003814697,0.3384348006616123,hist_vol_fallback,call,OTM,14.57000732421875,5.229992675781251,False,NVIDIA Corp.,Technology,2026-05-01,17.097743321285712,18.05568873403745,17.094956822372524,0.0027864989131884954,0.9607319116649258,-2.7022566787142885,-1.7443112659625513,-2.705043177627477,2.7022566787142885,1.7443112659625513,2.705043177627477,-13.647761003607517,-8.809652858396722,-13.661834230441801
NVDA260529C00215000,2026-04-30 19:59:53+00:00,215.0,4.5,0.0,0.0,0.0,0.0,5418.0,0,0.062509375,False,REGULAR,USD,Call,NVDA,199.57000732421875,0.3384348006616123,0.0002004309191361,2026-05-29,28,0.0767123287671232,1.0773161903567698,0.0,4.5,0.0,0.0773161903567698,0.0358500003814697,0.062509375,market_iv,call,ITM,0.0,4.5,False,NVIDIA Corp.,Technology,2026-05-01,1.1557407159106745e-05,5.564201724393207e-06,1.3415392949435705e-05,0.0,0.0,-4.499988442592841,-4.499994435798276,-4.499986584607051,4.499988442592841,4.499994435798276,4.499986584607051,-99.9997431687298,-99.99987635107279,-99.99970188015668
NVDA260529C00180000,2026-04-30 19:59:38+00:00,180.0,23.67,0.0,0.0,0.0,0.0,198.0,0,1.0000000000000004e-05,True,REGULAR,USD,Call,NVDA,199.57000732421875,0.3384348006616123,0.0002004309191361,2026-05-29,28,0.0767123287671232,0.9019391361126444,0.0,23.67,0.0,0.0980608638873554,0.0358500003814697,0.3384348006616123,hist_vol_fallback,call,OTM,19.57000732421875,4.099992675781252,False,NVIDIA Corp.,Technology,2026-05-01,21.206885356676484,22.246229653656314,21.206864731289954,2.0625386529360412e-05,1.0393649223663601,-2.463114643323518,-1.4237703463436873,-2.4631352687100474,2.463114643323518,1.4237703463436873,2.4631352687100474,-10.40606101953324,-6.015083845980934,-10.406148156780935
NVDA260529C00220000,2026-04-30 19:59:54+00:00,220.0,3.37,0.0,0.0,0.0,0.0,7723.0,0,0.062509375,False,REGULAR,USD,Call,NVDA,199.57000732421875,0.3384348006616123,0.0002004309191361,2026-05-29,28,0.0767123287671232,1.1023700552487878,0.0,3.37,0.0,0.1023700552487878,0.0358500003814697,0.062509375,market_iv,call,ITM,0.0,3.37,False,NVIDIA Corp.,Technology,2026-05-01,8.718701871134852e-09,4.1566164665923156e-09,1.392651329215598e-08,0.0,0.0,-3.3699999912812983,-3.3699999958433837,-3.369999986073487,3.3699999912812983,3.3699999958433837,3.369999986073487,-99.99999974128482,-99.99999987665826,-99.99999958675035
NVDA260529C00175000,2026-04-30 19:57:22+00:00,175.0,27.8,0.0,0.0,0.0,0.0,68.0,0,1.0000000000000004e-05,True,REGULAR,USD,Call,NVDA,199.57000732421875,0.3384348006616123,0.0002004309191361,2026-05-29,28,0.0767123287671232,0.8768852712206266,0.0,27.8,0.0,0.1231147287793733,0.0358500003814697,0.3384348006616123,hist_vol_fallback,call,OTM,24.57000732421875,3.2299926757812507,False,NVIDIA Corp.,Technology,2026-05-01,25.643348923874413,26.7536768175133,25.646302159302536,0.0,1.1073746582107624,-2.1566510761255877,-1.0463231824867023,-2.1536978406974647,2.1566510761255877,1.0463231824867023,2.1536978406974647,-7.757737683904992,-3.7637524549881376,-7.747114534882966
NVDA260529C00225000,2026-04-30 19:59:50+00:00,225.0,2.48,0.0,0.0,0.0,0.0,27927.0,0,0.12500875,False,REGULAR,USD,Call,NVDA,199.57000732421875,0.3384348006616123,0.0002004309191361,2026-05-29,28,0.0767123287671232,1.1274239201408056,0.0,2.48,0.0,0.1274239201408056,0.0358500003814697,0.12500875,market_iv,call,ITM,0.0,2.48,False,NVIDIA Corp.,Technology,2026-05-01,0.0006351723389055641,0.0005204031354486668,0.0006729473499076377,0.0,0.0,-2.4793648276610942,-2.479479596864551,-2.4793270526500923,2.4793648276610942,2.479479596864551,2.4793270526500923,-99.9743882121409,-99.97901600260288,-99.9728650262134
NVDA260529C00170000,2026-04-30 19:46:40+00:00,170.0,32.95,0.0,0.0,0.0,0.0,115.0,0,1.0000000000000004e-05,True,REGULAR,USD,Call,NVDA,199.57000732421875,0.3384348006616123,0.0002004309191361,2026-05-29,28,0.0767123287671232,0.8518314063286088,0.0,32.95,0.0,0.1481685936713912,0.0358500003814697,0.3384348006616123,hist_vol_fallback,call,OTM,29.57000732421875,3.379992675781253,False,NVIDIA Corp.,Technology,2026-05-01,30.316989519950575,31.46563968217502,30.31942493108781,0.0,1.1462147510872107,-2.6330104800494283,-1.484360317824983,-2.6305750689121936,2.6330104800494283,1.484360317824983,2.6305750689121936,-7.990927101819205,-4.50488715576626,-7.983535869232757
NVDA260529P00200000,2026-04-30 19:59:55+00:00,200.0,10.0,0.0,0.0,0.0,0.0,1294.0,0,1.0000000000000004e-05,True,REGULAR,USD,Put,NVDA,199.57000732421875,0.3384348006616123,0.0002004309191361,2026-05-29,28,0.0767123287671232,1.002154595680716,0.0,10.0,0.0,0.002154595680716,0.0358500003814697,0.3384348006616123,hist_vol_fallback,put,ATM,0.42999267578125,9.57000732421875,True,NVIDIA Corp.,Technology,2026-05-01,7.4372973988922455,6.938981181405624,7.400011796671478,0.03728560222076727,0.0,-2.5627026011077545,-3.061018818594376,-2.5999882033285218,2.5627026011077545,3.061018818594376,2.5999882033285218,-25.627026011077547,-30.61018818594376,-25.999882033285214
NVDA260529P00195000,2026-04-30 19:59:45+00:00,195.0,7.6,0.0,0.0,0.0,0.0,2871.0,0,0.01563484375,False,REGULAR,USD,Put,NVDA,199.57000732421875,0.3384348006616123,0.0002004309191361,2026-05-29,28,0.0767123287671232,0.9771007307886982,0.0,7.6,0.0,0.0228992692113018,0.0358500003814697,0.01563484375,market_iv,put,ATM,0.0,7.6,True,NVIDIA Corp.,Technology,2026-05-01,1.0864922484012498e-10,1.9033073224626786e-09,1.502866927538268e-10,0.0,1.7530206297088518e-09,-7.5999999998913506,-7.599999998096692,-7.599999999849713,7.5999999998913506,7.599999998096692,7.599999999849713,-99.99999999857042,-99.99999997495648,-99.99999999802253
NVDA260529P00205000,2026-04-30 19:59:42+00:00,205.0,12.5,0.0,0.0,0.0,0.0,450.0,0,1.0000000000000004e-05,True,REGULAR,USD,Put,NVDA,199.57000732421875,0.3384348006616123,0.0002004309191361,2026-05-29,28,0.0767123287671232,1.027208460572734,0.0,12.5,0.0,0.027208460572734,0.0358500003814697,0.3384348006616123,hist_vol_fallback,put,ATM,5.42999267578125,7.07000732421875,True,NVIDIA Corp.,Technology,2026-05-01,10.283473071567073,9.727564779726631,10.234420647530143,0.049052424036929665,0.0,-2.216526928432927,-2.772435220273369,-2.2655793524698566,2.216526928432927,2.772435220273369,2.2655793524698566,-17.732215427463416,-22.179481762186953,-18.124634819758853
NVDA260529P00190000,2026-04-30 19:59:45+00:00,190.0,5.7,0.0,0.0,0.0,0.0,1328.0,0,0.0312596875,False,REGULAR,USD,Put,NVDA,199.57000732421875,0.3384348006616123,0.0002004309191361,2026-05-29,28,0.0767123287671232,0.9520468658966804,0.0,5.7,0.0,0.0479531341033196,0.0358500003814697,0.0312596875,market_iv,put,ITM,0.0,5.7,True,NVIDIA Corp.,Technology,2026-05-01,1.6859388051228032e-10,9.38359113742263e-10,2.774502604615602e-10,0.0,6.609088532807027e-10,-5.699999999831406,-5.6999999990616415,-5.69999999972255,5.699999999831406,5.6999999990616415,5.69999999972255,-99.99999999704221,-99.99999998353756,-99.99999999513246
NVDA260529P00210000,2026-04-30 19:59:45+00:00,210.0,15.71,0.0,0.0,0.0,0.0,221.0,0,1.0000000000000004e-05,True,REGULAR,USD,Put,NVDA,199.57000732421875,0.3384348006616123,0.0002004309191361,2026-05-29,28,0.0767123287671232,1.0522623254647518,0.0,15.71,0.0,0.0522623254647518,0.0358500003814697,0.3384348006616123,hist_vol_fallback,put,OTM,10.42999267578125,5.280007324218751,True,NVIDIA Corp.,Technology,2026-05-01,13.642905460883323,13.045539426265206,13.56080972905255,0.08209573183077268,0.0,-2.0670945391166775,-2.664460573734795,-2.14919027094745,2.0670945391166775,2.664460573734795,2.14919027094745,-13.1578264743264,-16.96028372842008,-13.68039637776862
NVDA260529P00185000,2026-04-30 19:59:45+00:00,185.0,4.25,0.0,0.0,0.0,0.0,1985.0,0,0.062509375,False,REGULAR,USD,Put,NVDA,199.57000732421875,0.3384348006616123,0.0002004309191361,2026-05-29,28,0.0767123287671232,0.9269930010046624,0.0,4.25,0.0,0.0730069989953375,0.0358500003814697,0.062509375,market_iv,put,ITM,0.0,4.25,True,NVIDIA Corp.,Technology,2026-05-01,1.5963338507116909e-06,3.0741400476326866e-06,1.9262452910338715e-06,0.0,1.1478947565988151e-06,-4.249998403666149,-4.249996925859953,-4.249998073754709,4.249998403666149,4.249996925859953,4.249998073754709,-99.9999624392035,-99.999927667293,-99.99995467658138
NVDA260529P00215000,2026-04-30 19:59:45+00:00,215.0,19.18,0.0,0.0,0.0,0.0,362.0,0,1.0000000000000004e-05,True,REGULAR,USD,Put,NVDA,199.57000732421875,0.3384348006616123,0.0002004309191361,2026-05-29,28,0.0767123287671232,1.0773161903567698,0.0,19.18,0.0,0.0773161903567698,0.0358500003814697,0.3384348006616123,hist_vol_fallback,put,OTM,15.42999267578125,3.7500073242187497,True,NVIDIA Corp.,Technology,2026-05-01,17.439783799814897,16.844483641163272,17.31768139541009,0.12210240440480646,0.0,-1.7402162001851025,-2.3355163588367276,-1.862318604589909,1.7402162001851025,2.3355163588367276,1.862318604589909,-9.073077164677281,-12.17683190217272,-9.709690326329035
NVDA260529P00180000,2026-04-30 19:59:50+00:00,180.0,3.15,0.0,0.0,0.0,0.0,3166.0,0,0.062509375,False,REGULAR,USD,Put,NVDA,199.57000732421875,0.3384348006616123,0.0002004309191361,2026-05-29,28,0.0767123287671232,0.9019391361126444,0.0,3.15,0.0,0.0980608638873554,0.0358500003814697,0.062509375,market_iv,put,ITM,0.0,3.15,True,NVIDIA Corp.,Technology,2026-05-01,1.298030967632449e-10,4.059284424235015e-10,2.398680217557684e-10,0.0,1.6606042066773313e-10,-3.1499999998701966,-3.1499999995940713,-3.149999999760132,3.1499999998701966,3.1499999995940713,3.149999999760132,-99.99999999587926,-99.99999998711337,-99.99999999238514
NVDA260529P00220000,2026-04-30 19:16:29+00:00,220.0,21.78,0.0,0.0,0.0,0.0,62.0,0,1.0000000000000004e-05,True,REGULAR,USD,Put,NVDA,199.57000732421875,0.3384348006616123,0.0002004309191361,2026-05-29,28,0.0767123287671232,1.1023700552487878,0.0,21.78,0.0,0.1023700552487878,0.0358500003814697,0.3384348006616123,hist_vol_fallback,put,OTM,20.42999267578125,1.3500073242187511,True,NVIDIA Corp.,Technology,2026-05-01,21.59416409688494,21.05761134074618,21.42924204928994,0.16492204759499884,0.0,-0.1858359031150627,-0.72238865925382,-0.35075795071006155,0.1858359031150627,0.72238865925382,0.35075795071006155,-0.8532410611343558,-3.3167523381718094,-1.610458910514516
NVDA260529P00175000,2026-04-30 19:59:51+00:00,175.0,2.25,0.0,0.0,0.0,0.0,1189.0,0,0.12500875,False,REGULAR,USD,Put,NVDA,199.57000732421875,0.3384348006616123,0.0002004309191361,2026-05-29,28,0.0767123287671232,0.8768852712206266,0.0,2.25,0.0,0.1231147287793733,0.0358500003814697,0.12500875,market_iv,put,ITM,0.0,2.25,True,NVIDIA Corp.,Technology,2026-05-01,7.315507859238791e-05,8.63078542311366e-05,8.029277239498915e-05,0.0,6.015081836147453e-06,-2.249926844921408,-2.249913692145769,-2.249919707227605,2.249926844921408,2.249913692145769,2.249919707227605,-99.99674866317369,-99.99616409536752,-99.996431432338
NVDA260529P00225000,2026-04-30 19:19:45+00:00,225.0,26.06,0.0,0.0,0.0,0.0,21.0,0,1.0000000000000004e-05,True,REGULAR,USD,Put,NVDA,199.57000732421875,0.3384348006616123,0.0002004309191361,2026-05-29,28,0.0767123287671232,1.1274239201408056,0.0,26.06,0.0,0.1274239201408056,0.0358500003814697,0.3384348006616123,hist_vol_fallback,put,OTM,25.42999267578125,0.6300073242187487,True,NVIDIA Corp.,Technology,2026-05-01,26.03125887812585,25.611266255552326,25.817125378138428,0.21413349998742248,0.0,-0.028741121874148234,-0.4487337444476722,-0.24287462186157072,0.028741121874148234,0.4487337444476722,0.24287462186157072,-0.1102882650581283,-1.7219253432374224,-0.9319824323160811
NVDA260529P00170000,2026-04-30 19:59:51+00:00,170.0,1.62,0.0,0.0,0.0,0.0,3072.0,0,0.12500875,False,REGULAR,USD,Put,NVDA,199.57000732421875,0.3384348006616123,0.0002004309191361,2026-05-29,28,0.0767123287671232,0.8518314063286088,0.0,1.62,0.0,0.1481685936713912,0.0358500003814697,0.12500875,market_iv,put,ITM,0.0,1.62,True,NVIDIA Corp.,Technology,2026-05-01,1.265812024827793e-06,1.6796114422337931e-06,1.5440433914883165e-06,0.0,1.3556805074547662e-07,-1.6199987341879754,-1.619998320388558,-1.6199984559566085,1.6199987341879754,1.619998320388558,1.6199984559566085,-99.99992186345527,-99.99989632028135,-99.99990468867954
NVDA260605C00200000,2026-04-30 19:59:59+00:00,200.0,11.0,0.0,0.0,0.0,0.0,2272.0,0,0.00196310546875,False,REGULAR,USD,Call,NVDA,199.57000732421875,0.3384348006616123,0.0002004309191361,2026-06-05,35,0.0958904109589041,1.002154595680716,0.0,11.0,0.0,0.002154595680716,0.0358500003814697,0.3384348006616123,hist_vol_fallback,call,ATM,0.0,11.0,False,NVIDIA Corp.,Technology,2026-05-01,8.461399891881891,9.222191337380039,8.461494830836315,0.0,0.7606965065437237,-2.538600108118109,-1.777808662619961,-2.5385051691636846,2.538600108118109,1.777808662619961,2.5385051691636846,-23.07818280107372,-16.161896932908736,-23.077319719669863
NVDA260605C00195000,2026-04-30 19:58:56+00:00,195.0,14.05,0.0,0.0,0.0,0.0,350.0,0,1.0000000000000004e-05,True,REGULAR,USD,Call,NVDA,199.57000732421875,0.3384348006616123,0.0002004309191361,2026-06-05,35,0.0958904109589041,0.9771007307886982,0.0,14.05,0.0,0.0228992692113018,0.0358500003814697,0.3384348006616123,hist_vol_fallback,call,ATM,4.57000732421875,9.47999267578125,False,NVIDIA Corp.,Technology,2026-05-01,11.120853555751584,12.015842673151806,11.111315749125637,0.009537806625946388,0.9045269240261682,-2.929146444248417,-2.034157326848195,-2.9386842508743634,2.929146444248417,2.034157326848195,2.9386842508743634,-20.848017396785885,-14.477988091446228,-20.91590214145454
NVDA260605C00205000,2026-04-30 19:59:50+00:00,205.0,8.8,0.0,0.0,0.0,0.0,1080.0,0,0.01563484375,False,REGULAR,USD,Call,NVDA,199.57000732421875,0.3384348006616123,0.0002004309191361,2026-06-05,35,0.0958904109589041,1.027208460572734,0.0,8.8,0.0,0.027208460572734,0.0358500003814697,0.01563484375,market_iv,call,ATM,0.0,8.8,False,NVIDIA Corp.,Technology,2026-05-01,7.727939287056436e-08,5.733460918526047e-10,1.2262681156429193e-07,0.0,0.0,-8.799999922720607,-8.799999999426655,-8.799999877373189,8.799999922720607,8.799999999426655,8.799999877373189,-99.99999912182508,-99.9999999934847,-99.9999986065135
NVDA260605C00190000,2026-04-30 19:59:39+00:00,190.0,17.15,0.0,0.0,0.0,0.0,211.0,0,1.0000000000000004e-05,True,REGULAR,USD,Call,NVDA,199.57000732421875,0.3384348006616123,0.0002004309191361,2026-06-05,35,0.0958904109589041,0.9520468658966804,0.0,17.15,0.0,0.0479531341033196,0.0358500003814697,0.3384348006616123,hist_vol_fallback,call,OTM,9.57000732421875,7.579992675781249,False,NVIDIA Corp.,Technology,2026-05-01,14.241183532612993,15.276148316038997,14.23538228412788,0.0058012484851133195,1.040766031911117,-2.9088164673870054,-1.8738516839610018,-2.9146177158721187,2.9088164673870054,1.8738516839610018,2.9146177158721187,-16.96102896435572,-10.926248886069983,-16.994855486134806
NVDA260605C00210000,2026-04-30 19:59:42+00:00,210.0,6.98,0.0,0.0,0.0,0.0,1355.0,0,0.0312596875,False,REGULAR,USD,Call,NVDA,199.57000732421875,0.3384348006616123,0.0002004309191361,2026-06-05,35,0.0958904109589041,1.0522623254647518,0.0,6.98,0.0,0.0522623254647518,0.0358500003814697,0.0312596875,market_iv,call,ITM,0.0,6.98,False,NVIDIA Corp.,Technology,2026-05-01,1.1801651330513497e-07,1.3105786589306902e-08,1.7111824301829098e-07,0.0,0.0,-6.979999881983487,-6.979999986894214,-6.979999828881757,6.979999881983487,6.979999986894214,6.979999828881757,-99.99999830921901,-99.99999981223802,-99.99999754844924
NVDA260605C00185000,2026-04-30 19:59:04+00:00,185.0,20.7,0.0,0.0,0.0,0.0,165.0,0,1.0000000000000004e-05,True,REGULAR,USD,Call,NVDA,199.57000732421875,0.3384348006616123,0.0002004309191361,2026-06-05,35,0.0958904109589041,0.9269930010046624,0.0,20.7,0.0,0.0730069989953375,0.0358500003814697,0.3384348006616123,hist_vol_fallback,call,OTM,14.57000732421875,6.129992675781249,False,NVIDIA Corp.,Technology,2026-05-01,17.805786879349633,18.970415556951416,17.808561244011912,0.0,1.1618543129395036,-2.8942131206503667,-1.7295844430485836,-2.891438755988087,2.8942131206503667,1.7295844430485836,2.891438755988087,-13.981705896861676,-8.355480401200888,-13.968303169024576
NVDA260605C00215000,2026-04-30 19:55:15+00:00,215.0,5.45,0.0,0.0,0.0,0.0,742.0,0,0.062509375,False,REGULAR,USD,Call,NVDA,199.57000732421875,0.3384348006616123,0.0002004309191361,2026-06-05,35,0.0958904109589041,1.0773161903567698,0.0,5.45,0.0,0.0773161903567698,0.0358500003814697,0.062509375,market_iv,call,ITM,0.0,5.45,False,NVIDIA Corp.,Technology,2026-05-01,0.0001049954427308592,4.991499977047769e-05,0.00011710813221752284,0.0,0.0,-5.449895004557269,-5.449950085000229,-5.449882891867783,5.449895004557269,5.449950085000229,5.449882891867783,-99.99807347811502,-99.99908412844457,-99.99785122693179
NVDA260605C00180000,2026-04-30 19:58:02+00:00,180.0,24.4,0.0,0.0,0.0,0.0,145.0,0,1.0000000000000004e-05,True,REGULAR,USD,Call,NVDA,199.57000732421875,0.3384348006616123,0.0002004309191361,2026-06-05,35,0.0958904109589041,0.9019391361126444,0.0,24.4,0.0,0.0980608638873554,0.0358500003814697,0.3384348006616123,hist_vol_fallback,call,OTM,19.57000732421875,4.829992675781249,False,NVIDIA Corp.,Technology,2026-05-01,21.774480103885324,23.045166462686712,21.780433591842666,0.0,1.2647328708440462,-2.6255198961146746,-1.3548335373132865,-2.6195664081573327,2.6255198961146746,1.3548335373132865,2.6195664081573327,-10.76032744309293,-5.552596464398715,-10.735927902284152
NVDA260605C00220000,2026-04-30 19:59:41+00:00,220.0,4.12,0.0,0.0,0.0,0.0,8453.0,0,0.062509375,False,REGULAR,USD,Call,NVDA,199.57000732421875,0.3384348006616123,0.0002004309191361,2026-06-05,35,0.0958904109589041,1.1023700552487878,0.0,4.12,0.0,0.1023700552487878,0.0358500003814697,0.062509375,market_iv,call,ITM,0.0,4.12,False,NVIDIA Corp.,Technology,2026-05-01,3.459648757460119e-07,1.418679768116282e-07,4.580118914598505e-07,0.0,0.0,-4.119999654035125,-4.119999858132023,-4.119999541988109,4.119999654035125,4.119999858132023,4.119999541988109,-99.9999916027943,-99.9999965566025,-99.99998888320651
NVDA260605C00175000,2026-04-30 18:55:12+00:00,175.0,30.01,0.0,0.0,0.0,0.0,21.0,0,1.0000000000000004e-05,True,REGULAR,USD,Call,NVDA,199.57000732421875,0.3384348006616123,0.0002004309191361,2026-06-05,35,0.0958904109589041,0.8768852712206266,0.0,30.01,0.0,0.1231147287793733,0.0358500003814697,0.3384348006616123,hist_vol_fallback,call,OTM,24.57000732421875,5.439992675781252,False,NVIDIA Corp.,Technology,2026-05-01,26.080165312825795,27.432509558095173,26.082377622823344,0.0,1.350131935271829,-3.929834687174207,-2.5774904419048283,-3.9276223771766574,3.929834687174207,2.5774904419048283,3.9276223771766574,-13.095083929270931,-8.588771882388631,-13.087712019915552
NVDA260605C00225000,2026-04-30 19:59:22+00:00,225.0,3.15,0.0,0.0,0.0,0.0,1854.0,0,0.062509375,False,REGULAR,USD,Call,NVDA,199.57000732421875,0.3384348006616123,0.0002004309191361,2026-06-05,35,0.0958904109589041,1.1274239201408056,0.0,3.15,0.0,0.1274239201408056,0.0358500003814697,0.062509375,market_iv,call,ITM,0.0,3.15,False,NVIDIA Corp.,Technology,2026-05-01,2.8299664501343326e-10,1.3304173712357114e-10,5.662010892237982e-10,0.0,0.0,-3.149999999717003,-3.1499999998669583,-3.1499999994337986,3.149999999717003,3.1499999998669583,3.1499999994337986,-99.99999999101597,-99.99999999577646,-99.99999998202536
NVDA260605C00170000,2026-04-30 19:30:13+00:00,170.0,33.25,0.0,0.0,0.0,0.0,31.0,0,1.0000000000000004e-05,True,REGULAR,USD,Call,NVDA,199.57000732421875,0.3384348006616123,0.0002004309191361,2026-06-05,35,0.0958904109589041,0.8518314063286088,0.0,33.25,0.0,0.1481685936713912,0.0358500003814697,0.3384348006616123,hist_vol_fallback,call,OTM,29.57000732421875,3.67999267578125,False,NVIDIA Corp.,Technology,2026-05-01,30.63625777640241,32.047237384663475,30.63771362873962,0.0,1.409523755923857,-2.6137422235975905,-1.2027626153365247,-2.6122863712603817,2.6137422235975905,1.2027626153365247,2.6122863712603817,-7.860878867962678,-3.6173311739444354,-7.856500364692877
NVDA260605P00200000,2026-04-30 19:59:56+00:00,200.0,10.62,0.0,0.0,0.0,0.0,567.0,0,1.0000000000000004e-05,True,REGULAR,USD,Put,NVDA,199.57000732421875,0.3384348006616123,0.0002004309191361,2026-06-05,35,0.0958904109589041,1.002154595680716,0.0,10.62,0.0,0.002154595680716,0.0358500003814697,0.3384348006616123,hist_vol_fallback,put,ATM,0.42999267578125,10.19000732421875,True,NVIDIA Corp.,Technology,2026-05-01,8.255742849252535,7.644746593305961,8.208969237678915,0.046773611573620144,0.0,-2.3642571507474646,-2.975253406694038,-2.4110307623210847,2.3642571507474646,2.975253406694038,2.4110307623210847,-22.262308387452588,-28.01556880126213,-22.702737874963137
NVDA260605P00195000,2026-04-30 19:59:36+00:00,195.0,8.25,0.0,0.0,0.0,0.0,193.0,0,0.01563484375,False,REGULAR,USD,Put,NVDA,199.57000732421875,0.3384348006616123,0.0002004309191361,2026-06-05,35,0.0958904109589041,0.9771007307886982,0.0,8.25,0.0,0.0228992692113018,0.0358500003814697,0.01563484375,market_iv,put,ATM,0.0,8.25,True,NVIDIA Corp.,Technology,2026-05-01,2.7471320982667854e-09,4.791473428210149e-08,3.273660318360924e-09,0.0,4.4641073963740564e-08,-8.249999997252868,-8.249999952085266,-8.24999999672634,8.249999997252868,8.249999952085266,8.24999999672634,-99.99999996670142,-99.99999941921534,-99.99999996031926
NVDA260605P00205000,2026-04-30 19:54:38+00:00,205.0,12.8,0.0,0.0,0.0,0.0,129.0,0,1.0000000000000004e-05,True,REGULAR,USD,Put,NVDA,199.57000732421875,0.3384348006616123,0.0002004309191361,2026-06-05,35,0.0958904109589041,1.027208460572734,0.0,12.8,0.0,0.027208460572734,0.0358500003814697,0.3384348006616123,hist_vol_fallback,put,ATM,5.42999267578125,7.370007324218751,True,NVIDIA Corp.,Technology,2026-05-01,11.084060620294292,10.392241573886086,11.013652579060249,0.07040804123404243,0.0,-1.7159393797057092,-2.407758426113915,-1.7863474209397516,1.7159393797057092,2.407758426113915,1.7863474209397516,-13.405776403950853,-18.81061270401496,-13.95583922609181
NVDA260605P00190000,2026-04-30 19:59:50+00:00,190.0,6.5,0.0,0.0,0.0,0.0,469.0,0,0.0312596875,False,REGULAR,USD,Put,NVDA,199.57000732421875,0.3384348006616123,0.0002004309191361,2026-06-05,35,0.0958904109589041,0.9520468658966804,0.0,6.5,0.0,0.0479531341033196,0.0358500003814697,0.0312596875,market_iv,put,ITM,0.0,6.5,True,NVIDIA Corp.,Technology,2026-05-01,6.844138602289627e-09,3.427941943638082e-08,9.206630158221909e-09,0.0,2.5072789278158914e-08,-6.499999993155861,-6.499999965720581,-6.49999999079337,6.499999993155861,6.499999965720581,6.49999999079337,-99.99999989470555,-99.99999947262432,-99.99999985835953
NVDA260605P00210000,2026-04-30 19:58:51+00:00,210.0,16.28,0.0,0.0,0.0,0.0,100.0,0,1.0000000000000004e-05,True,REGULAR,USD,Put,NVDA,199.57000732421875,0.3384348006616123,0.0002004309191361,2026-06-05,35,0.0958904109589041,1.0522623254647518,0.0,16.28,0.0,0.0522623254647518,0.0358500003814697,0.3384348006616123,hist_vol_fallback,put,OTM,10.42999267578125,5.850007324218751,True,NVIDIA Corp.,Technology,2026-05-01,14.3683721687724,13.623706722936166,14.262058127771098,0.10631404100130126,0.0,-1.9116278312276016,-2.656293277063835,-2.017941872228903,1.9116278312276016,2.656293277063835,2.017941872228903,-11.742185695501238,-16.316297770662374,-12.395220345386381
NVDA260605P00185000,2026-04-30 19:59:36+00:00,185.0,4.85,0.0,0.0,0.0,0.0,491.0,0,0.062509375,False,REGULAR,USD,Put,NVDA,199.57000732421875,0.3384348006616123,0.0002004309191361,2026-06-05,35,0.0958904109589041,0.9269930010046624,0.0,4.85,0.0,0.0730069989953375,0.0358500003814697,0.062509375,market_iv,put,ITM,0.0,4.85,True,NVIDIA Corp.,Technology,2026-05-01,1.6087020737325418e-05,2.808439200877779e-05,1.7495122204240834e-05,0.0,1.0589269804536954e-05,-4.849983912979262,-4.849971915607991,-4.849982504877795,4.849983912979262,4.849971915607991,4.849982504877795,-99.99966830885076,-99.99942094037097,-99.99963927583084
NVDA260605P00215000,2026-04-30 19:52:46+00:00,215.0,19.25,0.0,0.0,0.0,0.0,72.0,0,1.0000000000000004e-05,True,REGULAR,USD,Put,NVDA,199.57000732421875,0.3384348006616123,0.0002004309191361,2026-06-05,35,0.0958904109589041,1.0773161903567698,0.0,19.25,0.0,0.0773161903567698,0.0358500003814697,0.3384348006616123,hist_vol_fallback,put,OTM,15.42999267578125,3.82000732421875,True,NVIDIA Corp.,Technology,2026-05-01,18.036369816965124,17.31015712498009,17.90688058926216,0.12948922770296534,0.0,-1.2136301830348764,-1.9398428750199095,-1.3431194107378417,1.2136301830348764,1.9398428750199095,1.3431194107378417,-6.3045723794019555,-10.07710584425927,-6.977243692144632
NVDA260605P00180000,2026-04-30 19:59:15+00:00,180.0,3.64,0.0,0.0,0.0,0.0,490.0,0,0.062509375,False,REGULAR,USD,Put,NVDA,199.57000732421875,0.3384348006616123,0.0002004309191361,2026-06-05,35,0.0958904109589041,0.9019391361126444,0.0,3.64,0.0,0.0980608638873554,0.0358500003814697,0.062509375,market_iv,put,ITM,0.0,3.64,True,NVIDIA Corp.,Technology,2026-05-01,8.050571043021814e-09,2.012163482721612e-08,1.1343663004247335e-08,0.0,8.777971822968786e-09,-3.6399999919494292,-3.639999979878365,-3.6399999886563372,3.6399999919494292,3.639999979878365,3.6399999886563372,-99.99999977883047,-99.99999944720783,-99.9999996883609
NVDA260605P00220000,2026-04-30 17:18:31+00:00,220.0,23.15,0.0,0.0,0.0,0.0,44.0,0,1.0000000000000004e-05,True,REGULAR,USD,Put,NVDA,199.57000732421875,0.3384348006616123,0.0002004309191361,2026-06-05,35,0.0958904109589041,1.1023700552487878,0.0,23.15,0.0,0.1023700552487878,0.0358500003814697,0.3384348006616123,hist_vol_fallback,put,OTM,20.42999267578125,2.7200073242187486,True,NVIDIA Corp.,Technology,2026-05-01,22.07758720417427,21.389196296817623,21.88924128507054,0.18834591910373177,0.0,-1.072412795825727,-1.7608037031823756,-1.2607587149294588,1.072412795825727,1.7608037031823756,1.2607587149294588,-4.632452681752601,-7.60606351266685,-5.446041965138051
NVDA260605P00175000,2026-04-30 19:59:46+00:00,175.0,2.76,0.0,0.0,0.0,0.0,426.0,0,0.12500875,False,REGULAR,USD,Put,NVDA,199.57000732421875,0.3384348006616123,0.0002004309191361,2026-06-05,35,0.0958904109589041,0.8768852712206266,0.0,2.76,0.0,0.1231147287793733,0.0358500003814697,0.12500875,market_iv,put,ITM,0.0,2.76,True,NVIDIA Corp.,Technology,2026-05-01,0.00041823623591754987,0.0005055171689326519,0.0004531790120214513,0.0,5.2338156911200585e-05,-2.759581763764082,-2.7594944828310672,-2.7595468209879783,2.759581763764082,2.7594944828310672,2.7595468209879783,-99.98484651319139,-99.98168416054592,-99.98358047057894
NVDA260605P00225000,2026-04-30 19:17:44+00:00,225.0,26.4,0.0,0.0,0.0,0.0,13.0,0,1.0000000000000004e-05,True,REGULAR,USD,Put,NVDA,199.57000732421875,0.3384348006616123,0.0002004309191361,2026-06-05,35,0.0958904109589041,1.1274239201408056,0.0,26.4,0.0,0.1274239201408056,0.0358500003814697,0.3384348006616123,hist_vol_fallback,put,OTM,25.42999267578125,0.9700073242187486,True,NVIDIA Corp.,Technology,2026-05-01,26.385574525717317,25.804342734394098,26.146431179792245,0.23914334592507203,0.0,-0.014425474282681705,-0.5956572656059009,-0.25356882020775373,0.014425474282681705,0.5956572656059009,0.25356882020775373,-0.05464194804046101,-2.2562775212344732,-0.9604879553324005
NVDA260605P00170000,2026-04-30 19:59:12+00:00,170.0,2.0,0.0,0.0,0.0,0.0,732.0,0,0.12500875,False,REGULAR,USD,Put,NVDA,199.57000732421875,0.3384348006616123,0.0002004309191361,2026-06-05,35,0.0958904109589041,0.8518314063286088,0.0,2.0,0.0,0.1481685936713912,0.0358500003814697,0.12500875,market_iv,put,ITM,0.0,2.0,True,NVIDIA Corp.,Technology,2026-05-01,1.567971606863662e-05,1.9678128280517993e-05,1.7819714033815662e-05,0.0,1.858414246702331e-06,-1.9999843202839314,-1.9999803218717196,-1.999982180285966,1.9999843202839314,1.9999803218717196,1.999982180285966,-99.99921601419656,-99.99901609358598,-99.9991090142983
TSLA260522C00380000,2026-04-30 19:54:49+00:00,380.0,16.4,0.0,0.0,0.0,0.0,999.0,0,1.0000000000000004e-05,True,REGULAR,USD,Call,TSLA,381.6300048828125,0.4748701831761241,0.0,2026-05-22,21,0.0575342465753424,0.995728834572866,0.0,16.4,0.0,0.0042711654271341,0.0358500003814697,0.4748701831761241,hist_vol_fallback,call,ATM,1.6300048828125,14.7699951171875,False,Tesla Inc.,Consumer Disc.,2026-05-01,18.522756167057324,20.771523317588734,18.510742202855283,0.012013964202040484,2.260781114733451,2.122756167057325,4.371523317588736,2.1107422028552847,2.122756167057325,4.371523317588736,2.1107422028552847,12.943635164983691,26.655629985297168,12.870379285702956
TSLA260522C00385000,2026-04-30 19:59:42+00:00,385.0,14.2,0.0,0.0,0.0,0.0,3767.0,0,0.007822421875,False,REGULAR,USD,Call,TSLA,381.6300048828125,0.4748701831761241,0.0,2026-05-22,21,0.0575342465753424,1.008830529764614,0.0,14.2,0.0,0.008830529764614,0.0358500003814697,0.4748701831761241,hist_vol_fallback,call,ATM,0.0,14.2,False,Tesla Inc.,Consumer Disc.,2026-05-01,16.153998250074327,18.206578930816935,16.13275452054367,0.021243729530656452,2.0738244102732644,1.9539982500743278,4.006578930816936,1.9327545205436714,1.9539982500743278,4.006578930816936,1.9327545205436714,13.760551056861464,28.21534458321786,13.610947327772335
TSLA260522C00375000,2026-04-30 19:59:20+00:00,375.0,19.27,0.0,0.0,0.0,0.0,356.0,0,1.0000000000000004e-05,True,REGULAR,USD,Call,TSLA,381.6300048828125,0.4748701831761241,0.0,2026-05-22,21,0.0575342465753424,0.9826271393811176,0.0,19.27,0.0,0.0173728606188823,0.0358500003814697,0.4748701831761241,hist_vol_fallback,call,ATM,6.6300048828125,12.6399951171875,False,Tesla Inc.,Consumer Disc.,2026-05-01,21.11062261667077,23.56602282108528,21.1184305874678,0.0,2.447592233617481,1.840622616670771,4.29602282108528,1.8484305874677993,1.840622616670771,4.29602282108528,1.8484305874677993,9.551752032541625,22.293839237598757,9.592270822354951
TSLA260522C00390000,2026-04-30 19:59:15+00:00,390.0,12.0,0.0,0.0,0.0,0.0,743.0,0,0.01563484375,False,REGULAR,USD,Call,TSLA,381.6300048828125,0.4748701831761241,0.0,2026-05-22,21,0.0575342465753424,1.0219322249563625,0.0,12.0,0.0,0.0219322249563622,0.0358500003814697,0.01563484375,market_iv,call,ATM,0.0,12.0,False,Tesla Inc.,Consumer Disc.,2026-05-01,1.2228038884260854e-08,2.5484391986316526e-10,2.1349288234490246e-08,0.0,0.0,-11.999999987771961,-11.999999999745157,-11.999999978650711,11.999999987771961,11.999999999745157,11.999999978650711,-99.99999989809967,-99.99999999787632,-99.99999982208926
TSLA260522C00370000,2026-04-30 19:38:03+00:00,370.0,22.0,0.0,0.0,0.0,0.0,170.0,0,1.0000000000000004e-05,True,REGULAR,USD,Call,TSLA,381.6300048828125,0.4748701831761241,0.0,2026-05-22,21,0.0575342465753424,0.9695254441893694,0.0,22.0,0.0,0.0304745558106306,0.0358500003814697,0.4748701831761241,hist_vol_fallback,call,OTM,11.6300048828125,10.3699951171875,False,Tesla Inc.,Consumer Disc.,2026-05-01,23.948440876601918,26.589635471013075,23.957334277112096,0.0,2.632301193900979,1.948440876601918,4.589635471013075,1.9573342771120963,1.948440876601918,4.589635471013075,1.9573342771120963,8.856549439099627,20.861979413695796,8.896973986873165
TSLA260522C00395000,2026-04-30 19:56:55+00:00,395.0,9.8,0.0,0.0,0.0,0.0,429.0,0,0.0312596875,False,REGULAR,USD,Call,TSLA,381.6300048828125,0.4748701831761241,0.0,2026-05-22,21,0.0575342465753424,1.0350339201481105,0.0,9.8,0.0,0.0350339201481104,0.0358500003814697,0.0312596875,market_iv,call,ITM,0.0,9.8,False,Tesla Inc.,Consumer Disc.,2026-05-01,3.999725157249162e-06,8.96471849403089e-07,4.860019187246604e-06,0.0,0.0,-9.799996000274843,-9.799999103528151,-9.799995139980814,9.799996000274843,9.799999103528151,9.799995139980814,-99.99995918647798,-99.99999085232807,-99.99995040796748
TSLA260522C00365000,2026-04-30 19:30:57+00:00,365.0,26.7,0.0,0.0,0.0,0.0,49.0,0,1.0000000000000004e-05,True,REGULAR,USD,Call,TSLA,381.6300048828125,0.4748701831761241,0.0,2026-05-22,21,0.0575342465753424,0.9564237489976212,0.0,26.7,0.0,0.0435762510023788,0.0358500003814697,0.4748701831761241,hist_vol_fallback,call,OTM,16.6300048828125,10.0699951171875,False,Tesla Inc.,Consumer Disc.,2026-05-01,27.033625539757416,29.83855870837919,27.02581624629508,0.0078092934623370525,2.8127424620841097,0.33362553975741704,3.1385587083791897,0.32581624629508,0.33362553975741704,3.1385587083791897,0.32581624629508,1.2495338567693521,11.754901529510073,1.2202855666482397
TSLA260522C00400000,2026-04-30 19:59:57+00:00,400.0,8.37,0.0,0.0,0.0,0.0,1283.0,0,0.0312596875,False,REGULAR,USD,Call,TSLA,381.6300048828125,0.4748701831761241,0.0,2026-05-22,21,0.0575342465753424,1.0481356153398589,0.0,8.37,0.0,0.0481356153398588,0.0358500003814697,0.0312596875,market_iv,call,ITM,0.0,8.37,False,Tesla Inc.,Consumer Disc.,2026-05-01,2.2924408230953995e-10,4.0925976056287616e-11,4.723904599780039e-10,0.0,0.0,-8.369999999770755,-8.369999999959074,-8.369999999527609,8.369999999770755,8.369999999959074,8.369999999527609,-99.99999999726113,-99.99999999951105,-99.99999999435614
TSLA260522C00360000,2026-04-30 19:38:23+00:00,360.0,28.76,0.0,0.0,0.0,0.0,26.0,0,1.0000000000000004e-05,True,REGULAR,USD,Call,TSLA,381.6300048828125,0.4748701831761241,0.0,2026-05-22,21,0.0575342465753424,0.943322053805873,0.0,28.76,0.0,0.056677946194127,0.0358500003814697,0.4748701831761241,hist_vol_fallback,call,OTM,21.6300048828125,7.129995117187502,False,Tesla Inc.,Consumer Disc.,2026-05-01,30.333806383169474,33.305650292654676,30.319029004956775,0.014777378212698977,2.9866212876979006,1.5738063831694724,4.545650292654674,1.5590290049567734,1.5738063831694724,4.545650292654674,1.5590290049567734,5.472205782925842,15.805459988368128,5.420824078431061
TSLA260522C00405000,2026-04-30 19:54:14+00:00,405.0,7.0,0.0,0.0,0.0,0.0,374.0,0,0.062509375,False,REGULAR,USD,Call,TSLA,381.6300048828125,0.4748701831761241,0.0,2026-05-22,21,0.0575342465753424,1.061237310531607,0.0,7.0,0.0,0.061237310531607,0.0358500003814697,0.062509375,market_iv,call,ITM,0.0,7.0,False,Tesla Inc.,Consumer Disc.,2026-05-01,7.752313728824132e-05,4.505176939240299e-05,8.955198722543009e-05,0.0,0.0,-6.999922476862712,-6.999954948230608,-6.999910448012774,6.999922476862712,6.999954948230608,6.999910448012774,-99.99889252661018,-99.9993564032944,-99.99872068589679
TSLA260522C00355000,2026-04-30 19:06:04+00:00,355.0,34.65,0.0,0.0,0.0,0.0,11.0,0,1.0000000000000004e-05,True,REGULAR,USD,Call,TSLA,381.6300048828125,0.4748701831761241,0.0,2026-05-22,21,0.0575342465753424,0.9302203586141248,0.0,34.65,0.0,0.0697796413858753,0.0358500003814697,0.4748701831761241,hist_vol_fallback,call,OTM,26.6300048828125,8.019995117187499,False,Tesla Inc.,Consumer Disc.,2026-05-01,33.843660219376154,36.98062444753045,33.828990874548595,0.014669344827559883,3.151633572981858,-0.8063397806238441,2.330624447530454,-0.821009125451404,0.8063397806238441,2.330624447530454,0.821009125451404,-2.3270989339793484,6.726188881761772,-2.3694347054874574
TSLA260522C00410000,2026-04-30 19:59:31+00:00,410.0,6.0,0.0,0.0,0.0,0.0,383.0,0,0.062509375,False,REGULAR,USD,Call,TSLA,381.6300048828125,0.4748701831761241,0.0,2026-05-22,21,0.0575342465753424,1.0743390057233553,0.0,6.0,0.0,0.0743390057233552,0.0358500003814697,0.062509375,market_iv,call,ITM,0.0,6.0,False,Tesla Inc.,Consumer Disc.,2026-05-01,1.5682733921883072e-06,8.349939711681873e-07,2.0048770227546614e-06,0.0,0.0,-5.999998431726608,-5.999999165006029,-5.999997995122977,5.999998431726608,5.999999165006029,5.999997995122977,-99.99997386211014,-99.99998608343383,-99.99996658538296
TSLA260522C00350000,2026-04-30 19:44:13+00:00,350.0,36.72,0.0,0.0,0.0,0.0,66.0,0,1.0000000000000004e-05,True,REGULAR,USD,Call,TSLA,381.6300048828125,0.4748701831761241,0.0,2026-05-22,21,0.0575342465753424,0.9171186634223764,0.0,36.72,0.0,0.0828813365776235,0.0358500003814697,0.4748701831761241,hist_vol_fallback,call,OTM,31.6300048828125,5.089995117187499,False,Tesla Inc.,Consumer Disc.,2026-05-01,37.55498318316638,40.850413672972614,37.54480113795802,0.01018204520836008,3.305612535014596,0.8349831831663792,4.130413672972615,0.8248011379580191,0.8349831831663792,4.130413672972615,0.8248011379580191,2.27391934413502,11.248403248836098,2.246190462848636
TSLA260522C00415000,2026-04-30 19:59:58+00:00,415.0,4.87,0.0,0.0,0.0,0.0,411.0,0,0.062509375,False,REGULAR,USD,Call,TSLA,381.6300048828125,0.4748701831761241,0.0,2026-05-22,21,0.0575342465753424,1.0874407009151037,0.0,4.87,0.0,0.0874407009151034,0.0358500003814697,0.062509375,market_iv,call,ITM,0.0,4.87,False,Tesla Inc.,Consumer Disc.,2026-05-01,1.653396634702888e-08,9.378177123693153e-09,2.5458785067130647e-08,0.0,0.0,-4.869999983466034,-4.869999990621823,-4.869999974541215,4.869999983466034,4.869999990621823,4.869999974541215,-99.99999966049351,-99.99999980742962,-99.99999947723234
TSLA260522C00345000,2026-04-30 19:35:49+00:00,345.0,41.08,0.0,0.0,0.0,0.0,45.0,0,1.0000000000000004e-05,True,REGULAR,USD,Call,TSLA,381.6300048828125,0.4748701831761241,0.0,2026-05-22,21,0.0575342465753424,0.9040169682306284,0.0,41.08,0.0,0.0959830317693717,0.0358500003814697,0.4748701831761241,hist_vol_fallback,call,OTM,36.6300048828125,4.449995117187498,False,Tesla Inc.,Consumer Disc.,2026-05-01,41.45670737500055,44.899670885515306,41.45298776354093,0.003719611459615635,3.446683121974374,0.3767073750005494,3.8196708855153076,0.37298776354093377,0.3767073750005494,3.8196708855153076,0.37298776354093377,0.9170091893879002,9.298127764156055,0.9079546337413189
TSLA260522C00420000,2026-04-30 19:59:39+00:00,420.0,4.19,0.0,0.0,0.0,0.0,541.0,0,0.062509375,False,REGULAR,USD,Call,TSLA,381.6300048828125,0.4748701831761241,0.0,2026-05-22,21,0.0575342465753424,1.1005423961068517,0.0,4.19,0.0,0.1005423961068516,0.0358500003814697,0.062509375,market_iv,call,ITM,0.0,4.19,False,Tesla Inc.,Consumer Disc.,2026-05-01,8.2056551282433e-11,5.511385376035436e-11,1.8546430906579242e-10,0.0,0.0,-4.189999999917944,-4.189999999944886,-4.189999999814536,4.189999999917944,4.189999999944886,4.189999999814536,-99.99999999804162,-99.99999999868463,-99.99999999557365
TSLA260522C00340000,2026-04-30 15:30:15+00:00,340.0,42.37,0.0,0.0,0.0,0.0,12.0,0,1.0000000000000004e-05,True,REGULAR,USD,Call,TSLA,381.6300048828125,0.4748701831761241,0.0,2026-05-22,21,0.0575342465753424,0.89091527303888,0.0,42.37,0.0,0.10908472696112,0.0358500003814697,0.4748701831761241,hist_vol_fallback,call,OTM,41.6300048828125,0.7399951171874974,False,Tesla Inc.,Consumer Disc.,2026-05-01,45.5351376163842,49.11137373880719,45.5379710182371,0.0,3.573402720570087,3.1651376163842,6.741373738807191,3.167971018237104,3.1651376163842,6.741373738807191,3.167971018237104,7.4702327504937465,15.910723952813763,7.476920033601851
TSLA260522C00425000,2026-04-30 19:59:54+00:00,425.0,3.45,0.0,0.0,0.0,0.0,267.0,0,0.12500875,False,REGULAR,USD,Call,TSLA,381.6300048828125,0.4748701831761241,0.0,2026-05-22,21,0.0575342465753424,1.1136440912986,0.0,3.45,0.0,0.1136440912985998,0.0358500003814697,0.12500875,market_iv,call,ITM,0.0,3.45,False,Tesla Inc.,Consumer Disc.,2026-05-01,0.0006047160787458516,0.0005146943083162948,0.0006489293998837159,0.0,0.0,-3.4493952839212545,-3.449485305691684,-3.4493510706001165,3.4493952839212545,3.449485305691684,3.4493510706001165,-99.98247199771751,-99.98508132439665,-99.98119045217729
TSLA260522C00335000,2026-04-30 19:39:13+00:00,335.0,49.59,0.0,0.0,0.0,0.0,23.0,0,1.0000000000000004e-05,True,REGULAR,USD,Call,TSLA,381.6300048828125,0.4748701831761241,0.0,2026-05-22,21,0.0575342465753424,0.8778135778471318,0.0,49.59,0.0,0.1221864221528682,0.0358500003814697,0.4748701831761241,hist_vol_fallback,call,OTM,46.6300048828125,2.9599951171875034,False,Tesla Inc.,Consumer Disc.,2026-05-01,49.77439891506379,53.46748473037984,49.782616668738285,0.0,3.684868061641552,0.18439891506378814,3.877484730379834,0.19261666873828176,0.18439891506378814,3.877484730379834,0.19261666873828176,0.37184697532524325,7.819085965678228,0.388418368094942
TSLA260522C00430000,2026-04-30 19:59:15+00:00,430.0,2.91,0.0,0.0,0.0,0.0,331.0,0,0.12500875,False,REGULAR,USD,Call,TSLA,381.6300048828125,0.4748701831761241,0.0,2026-05-22,21,0.0575342465753424,1.1267457864903485,0.0,2.91,0.0,0.1267457864903483,0.0358500003814697,0.12500875,market_iv,call,ITM,0.0,2.91,False,Tesla Inc.,Consumer Disc.,2026-05-01,0.00011245160644020885,9.946520177149956e-05,0.00012815801397442206,0.0,0.0,-2.90988754839356,-2.9099005347982287,-2.9098718419860257,2.90988754839356,2.9099005347982287,2.9098718419860257,-99.99613568362747,-99.99658195182917,-99.99559594453696
TSLA260522P00380000,2026-04-30 19:59:56+00:00,380.0,13.7,0.0,0.0,0.0,0.0,1094.0,0,0.0039162109375,False,REGULAR,USD,Put,TSLA,381.6300048828125,0.4748701831761241,0.0,2026-05-22,21,0.0575342465753424,0.995728834572866,0.0,13.7,0.0,0.0042711654271341,0.0358500003814697,0.4748701831761241,hist_vol_fallback,put,ATM,0.0,13.7,False,Tesla Inc.,Consumer Disc.,2026-05-01,16.152668591382355,14.552169592277096,16.0977560378727,0.05491255350965574,0.0,2.4526685913823556,0.8521695922770967,2.3977560378727,2.4526685913823556,0.8521695922770967,2.3977560378727,17.902690448046393,6.220216002022603,17.50186888958175
TSLA260522P00385000,2026-04-30 19:33:41+00:00,385.0,15.8,0.0,0.0,0.0,0.0,53.0,0,1.0000000000000004e-05,True,REGULAR,USD,Put,TSLA,381.6300048828125,0.4748701831761241,0.0,2026-05-22,21,0.0575342465753424,1.008830529764614,0.0,15.8,0.0,0.008830529764614,0.0358500003814697,0.4748701831761241,hist_vol_fallback,put,ATM,3.3699951171875,12.4300048828125,False,Tesla Inc.,Consumer Disc.,2026-05-01,18.783084172163615,17.054986604217092,18.709465970269378,0.07361820189423796,0.0,2.9830841721636148,1.2549866042170912,2.909465970269377,2.9830841721636148,1.2549866042170912,2.909465970269377,18.880279570655787,7.942953191247412,18.414341583983397
TSLA260522P00375000,2026-04-30 19:57:47+00:00,375.0,11.4,0.0,0.0,0.0,0.0,406.0,0,0.01563484375,False,REGULAR,USD,Put,TSLA,381.6300048828125,0.4748701831761241,0.0,2026-05-22,21,0.0575342465753424,0.9826271393811176,0.0,11.4,0.0,0.0173728606188823,0.0358500003814697,0.01563484375,market_iv,put,ATM,0.0,11.4,False,Tesla Inc.,Consumer Disc.,2026-05-01,1.80730897353143e-08,1.7319114482534435e-07,2.23647422436721e-08,0.0,1.5082640258167225e-07,-11.39999998192691,-11.399999826808855,-11.399999977635257,11.39999998192691,11.399999826808855,11.399999977635257,-99.99999984146413,-99.99999848077942,-99.99999980381804
TSLA260522P00390000,2026-04-30 19:37:53+00:00,390.0,19.09,0.0,0.0,0.0,0.0,36.0,0,1.0000000000000004e-05,True,REGULAR,USD,Put,TSLA,381.6300048828125,0.4748701831761241,0.0,2026-05-22,21,0.0575342465753424,1.0219322249563625,0.0,19.09,0.0,0.0219322249563622,0.0358500003814697,0.4748701831761241,hist_vol_fallback,put,ATM,8.3699951171875,10.7200048828125,False,Tesla Inc.,Consumer Disc.,2026-05-01,21.627190373832843,19.79808141538588,21.546391753044844,0.08079862078799849,0.0,2.5371903738328427,0.7080814153858803,2.4563917530448443,2.5371903738328427,0.7080814153858803,2.4563917530448443,13.2906777047294,3.709174517474491,12.86742667912438
TSLA260522P00370000,2026-04-30 19:57:54+00:00,370.0,9.39,0.0,0.0,0.0,0.0,496.0,0,0.0312596875,False,REGULAR,USD,Put,TSLA,381.6300048828125,0.4748701831761241,0.0,2026-05-22,21,0.0575342465753424,0.9695254441893694,0.0,9.39,0.0,0.0304745558106306,0.0358500003814697,0.0312596875,market_iv,put,ITM,0.0,9.39,False,Tesla Inc.,Consumer Disc.,2026-05-01,2.7712111599187866e-06,7.880156151620596e-06,3.132911679519946e-06,0.0,4.74724447210065e-06,-9.389997228788841,-9.389992119843848,-9.389996867088321,9.389997228788841,9.389992119843848,9.389996867088321,-99.99997048763409,-99.9999160792742,-99.99996663565837
TSLA260522P00395000,2026-04-30 19:48:13+00:00,395.0,22.8,0.0,0.0,0.0,0.0,32.0,0,1.0000000000000004e-05,True,REGULAR,USD,Put,TSLA,381.6300048828125,0.4748701831761241,0.0,2026-05-22,21,0.0575342465753424,1.0350339201481105,0.0,22.8,0.0,0.0350339201481104,0.0358500003814697,0.4748701831761241,hist_vol_fallback,put,OTM,13.3699951171875,9.4300048828125,False,Tesla Inc.,Consumer Disc.,2026-05-01,24.676540637292508,22.777257227125713,24.601362756063196,0.0751778812293118,0.0,1.876540637292507,-0.022742772874288164,1.8013627560631953,1.876540637292507,0.022742772874288164,1.8013627560631953,8.230441391633804,-0.0997490038345972,7.9007138423824355
TSLA260522P00365000,2026-04-30 19:39:13+00:00,365.0,7.63,0.0,0.0,0.0,0.0,257.0,0,0.0312596875,False,REGULAR,USD,Put,TSLA,381.6300048828125,0.4748701831761241,0.0,2026-05-22,21,0.0575342465753424,0.9564237489976212,0.0,7.63,0.0,0.0435762510023788,0.0358500003814697,0.0312596875,market_iv,put,ITM,0.0,7.63,False,Tesla Inc.,Consumer Disc.,2026-05-01,5.740049089904041e-11,3.222358466338526e-10,1.0854096192301734e-10,0.0,2.1369488471083525e-10,-7.6299999999426,-7.629999999677764,-7.629999999891459,7.6299999999426,7.629999999677764,7.629999999891459,-99.9999999992477,-99.99999999577673,-99.99999999857745
TSLA260522P00400000,2026-04-30 19:18:36+00:00,400.0,24.7,0.0,0.0,0.0,0.0,51.0,0,1.0000000000000004e-05,True,REGULAR,USD,Put,TSLA,381.6300048828125,0.4748701831761241,0.0,2026-05-22,21,0.0575342465753424,1.0481356153398589,0.0,24.7,0.0,0.0481356153398588,0.0358500003814697,0.4748701831761241,hist_vol_fallback,put,OTM,18.3699951171875,6.330004882812499,False,Tesla Inc.,Consumer Disc.,2026-05-01,27.946169097167132,25.985964603433867,27.864886108110568,0.0812829890565645,0.0,3.246169097167133,1.285964603433868,3.1648861081105686,3.246169097167133,1.285964603433868,3.1648861081105686,13.142385008773818,5.206334426857766,12.813304081419307
TSLA260522P00360000,2026-04-30 19:53:01+00:00,360.0,6.28,0.0,0.0,0.0,0.0,266.0,0,0.062509375,False,REGULAR,USD,Put,TSLA,381.6300048828125,0.4748701831761241,0.0,2026-05-22,21,0.0575342465753424,0.943322053805873,0.0,6.28,0.0,0.056677946194127,0.0358500003814697,0.062509375,market_iv,put,ITM,0.0,6.28,False,Tesla Inc.,Consumer Disc.,2026-05-01,3.2128003580053e-05,5.123261100030364e-05,3.486358911105811e-05,0.0,1.6369021889245535e-05,-6.27996787199642,-6.2799487673889995,-6.2799651364108895,6.27996787199642,6.2799487673889995,6.2799651364108895,-99.9994884075863,-99.99918419409235,-99.99944484730715
TSLA260522P00405000,2026-04-30 19:04:31+00:00,405.0,27.99,0.0,0.0,0.0,0.0,14.0,0,1.0000000000000004e-05,True,REGULAR,USD,Put,TSLA,381.6300048828125,0.4748701831761241,0.0,2026-05-22,21,0.0575342465753424,1.061237310531607,0.0,27.99,0.0,0.061237310531607,0.0358500003814697,0.4748701831761241,hist_vol_fallback,put,OTM,23.3699951171875,4.620004882812498,False,Tesla Inc.,Consumer Disc.,2026-05-01,31.443686347491713,29.41537432817885,31.325563092209222,0.1181232552824909,0.0,3.4536863474917148,1.425374328178851,3.335563092209224,3.4536863474917148,1.425374328178851,3.335563092209224,12.339000884214773,5.0924413296850695,11.916981394102265
TSLA260522P00355000,2026-04-30 19:58:34+00:00,355.0,4.9,0.0,0.0,0.0,0.0,227.0,0,0.062509375,False,REGULAR,USD,Put,TSLA,381.6300048828125,0.4748701831761241,0.0,2026-05-22,21,0.0575342465753424,0.9302203586141248,0.0,4.9,0.0,0.0697796413858753,0.0358500003814697,0.062509375,market_iv,put,ITM,0.0,4.9,False,Tesla Inc.,Consumer Disc.,2026-05-01,2.7604877928705185e-07,5.542120441638317e-07,3.613863005125933e-07,0.0,1.928257436512384e-07,-4.899999723951221,-4.899999445787956,-4.8999996386137,4.899999723951221,4.899999445787956,4.8999996386137,-99.99999436635144,-99.99998868955011,-99.99999262476938
TSLA260522P00410000,2026-04-30 18:29:02+00:00,410.0,33.75,0.0,0.0,0.0,0.0,1.0,0,1.0000000000000004e-05,True,REGULAR,USD,Put,TSLA,381.6300048828125,0.4748701831761241,0.0,2026-05-22,21,0.0575342465753424,1.0743390057233553,0.0,33.75,0.0,0.0743390057233552,0.0358500003814697,0.4748701831761241,hist_vol_fallback,put,OTM,28.3699951171875,5.3800048828125,False,Tesla Inc.,Consumer Disc.,2026-05-01,35.110078614311576,33.05531360723735,34.97053223678989,0.13954637752168253,0.0,1.3600786143115755,-0.6946863927626481,1.220532236789893,1.3600786143115755,0.6946863927626481,1.220532236789893,4.029862560923187,-2.0583300526300685,3.616391812710794
TSLA260522P00350000,2026-04-30 19:53:01+00:00,350.0,4.0,0.0,0.0,0.0,0.0,372.0,0,0.062509375,False,REGULAR,USD,Put,TSLA,381.6300048828125,0.4748701831761241,0.0,2026-05-22,21,0.0575342465753424,0.9171186634223764,0.0,4.0,0.0,0.0828813365776235,0.0358500003814697,0.062509375,market_iv,put,ITM,0.0,4.0,False,Tesla Inc.,Consumer Disc.,2026-05-01,9.22762207316729e-10,2.304864776875556e-09,1.5243297305916026e-09,0.0,7.805350462839535e-10,-3.9999999990772377,-3.9999999976951353,-3.9999999984756704,3.9999999990772377,3.9999999976951353,3.9999999984756704,-99.99999997693094,-99.99999994237838,-99.99999996189176
TSLA260522P00415000,2026-04-29 19:39:56+00:00,415.0,44.74,0.0,0.0,0.0,0.0,4.0,0,1.0000000000000004e-05,True,REGULAR,USD,Put,TSLA,381.6300048828125,0.4748701831761241,0.0,2026-05-22,21,0.0575342465753424,1.0874407009151037,0.0,44.74,0.0,0.0874407009151034,0.0358500003814697,0.4748701831761241,hist_vol_fallback,put,OTM,33.3699951171875,11.370004882812502,False,Tesla Inc.,Consumer Disc.,2026-05-01,38.932644738123855,36.89470996574504,38.785914860382206,0.1467298777416488,0.0,-5.807355261876147,-7.845290034254965,-5.954085139617796,5.807355261876147,7.845290034254965,5.954085139617796,-12.980230804372253,-17.535292879425494,-13.308192086763066
TSLA260522P00345000,2026-04-30 19:50:33+00:00,345.0,3.22,0.0,0.0,0.0,0.0,238.0,0,0.062509375,False,REGULAR,USD,Put,TSLA,381.6300048828125,0.4748701831761241,0.0,2026-05-22,21,0.0575342465753424,0.9040169682306284,0.0,3.22,0.0,0.0959830317693717,0.0358500003814697,0.062509375,market_iv,put,ITM,0.0,3.22,False,Tesla Inc.,Consumer Disc.,2026-05-01,9.873140778863463e-13,3.712931499672877e-12,2.485012722338209e-12,0.0,1.227918777334668e-12,-3.219999999999013,-3.219999999996287,-3.219999999997515,3.219999999999013,3.219999999996287,3.219999999997515,-99.99999999996935,-99.9999999998847,-99.99999999992282
TSLA260522P00420000,2026-04-30 16:14:42+00:00,420.0,42.82,0.0,0.0,0.0,0.0,3.0,0,1.0000000000000004e-05,True,REGULAR,USD,Put,TSLA,381.6300048828125,0.4748701831761241,0.0,2026-05-22,21,0.0575342465753424,1.1005423961068517,0.0,42.82,0.0,0.1005423961068516,0.0358500003814697,0.4748701831761241,hist_vol_fallback,put,OTM,38.3699951171875,4.4500048828125,False,Tesla Inc.,Consumer Disc.,2026-05-01,42.911554157372564,40.93804049484475,42.757242153053824,0.15431200431874004,0.0,0.09155415737256334,-1.8819595051552511,-0.0627578469461767,0.09155415737256334,1.8819595051552511,0.0627578469461767,0.21381167065054493,-4.395047886864202,-0.14656199660480312
TSLA260522P00340000,2026-04-30 19:57:19+00:00,340.0,2.49,0.0,0.0,0.0,0.0,388.0,0,0.12500875,False,REGULAR,USD,Put,TSLA,381.6300048828125,0.4748701831761241,0.0,2026-05-22,21,0.0575342465753424,0.89091527303888,0.0,2.49,0.0,0.10908472696112,0.0358500003814697,0.12500875,market_iv,put,ITM,0.0,2.49,False,Tesla Inc.,Consumer Disc.,2026-05-01,9.873651955527987e-05,0.00011942862153495542,0.00010913970423040431,0.0,1.0288917304551105e-05,-2.4899012634804447,-2.4898805713784653,-2.4898908602957697,2.4899012634804447,2.4898805713784653,2.4898908602957697,-99.9960346779295,-99.99520366981788,-99.99561687934818
TSLA260522P00425000,2026-04-30 19:25:47+00:00,425.0,43.7,0.0,0.0,0.0,0.0,2.0,0,1.0000000000000004e-05,True,REGULAR,USD,Put,TSLA,381.6300048828125,0.4748701831761241,0.0,2026-05-22,21,0.0575342465753424,1.1136440912986,0.0,43.7,0.0,0.1136440912985998,0.0358500003814697,0.4748701831761241,hist_vol_fallback,put,OTM,43.3699951171875,0.3300048828125028,False,Tesla Inc.,Consumer Disc.,2026-05-01,47.067311541621486,45.154713597342635,46.869847096769774,0.1974644448517111,0.0,3.3673115416214827,1.4547135973426322,3.1698470967697716,3.3673115416214827,1.4547135973426322,3.1698470967697716,7.705518401879822,3.3288640671456116,7.2536546836836875
TSLA260522P00335000,2026-04-30 19:59:04+00:00,335.0,1.91,0.0,0.0,0.0,0.0,179.0,0,0.12500875,False,REGULAR,USD,Put,TSLA,381.6300048828125,0.4748701831761241,0.0,2026-05-22,21,0.0575342465753424,0.8778135778471318,0.0,1.91,0.0,0.1221864221528682,0.0358500003814697,0.12500875,market_iv,put,ITM,0.0,1.91,False,Tesla Inc.,Consumer Disc.,2026-05-01,9.65700527137746e-06,1.2287642466095486e-05,1.1232132839289607e-05,0.0,1.0555096268058784e-06,-1.9099903429947285,-1.9099877123575337,-1.9099887678671605,1.9099903429947285,1.9099877123575337,1.9099887678671605,-99.99949439762976,-99.9993566679337,-99.99941193021783
TSLA260522P00430000,2026-04-28 14:08:45+00:00,430.0,51.42,0.0,0.0,0.0,0.0,1.0,0,1.0000000000000004e-05,True,REGULAR,USD,Put,TSLA,381.6300048828125,0.4748701831761241,0.0,2026-05-22,21,0.0575342465753424,1.1267457864903485,0.0,51.42,0.0,0.1267457864903483,0.0358500003814697,0.4748701831761241,hist_vol_fallback,put,OTM,48.3699951171875,3.0500048828125017,False,Tesla Inc.,Consumer Disc.,2026-05-01,51.33447696184885,49.528324284576556,51.109209144774866,0.22526781707398413,0.0,-0.08552303815115181,-1.891675715423446,-0.31079085522513594,0.08552303815115181,1.891675715423446,0.31079085522513594,-0.16632251682448815,-3.678871480792388,-0.6044162878746323
TSLA260529C00380000,2026-04-30 19:59:57+00:00,380.0,18.4,0.0,0.0,0.0,0.0,752.0,0,1.0000000000000004e-05,True,REGULAR,USD,Call,TSLA,381.6300048828125,0.4748701831761241,0.0,2026-05-29,28,0.0767123287671232,0.995728834572866,0.0,18.4,0.0,0.0042711654271341,0.0358500003814697,0.4748701831761241,hist_vol_fallback,call,ATM,1.6300048828125,16.7699951171875,False,Tesla Inc.,Consumer Disc.,2026-05-01,21.315440408826685,24.346291600181925,21.305158086987632,0.01028232183905331,3.0411335131942927,2.9154404088266865,5.946291600181926,2.9051580869876332,2.9154404088266865,5.946291600181926,2.9051580869876332,15.844784830579819,32.316802174901774,15.788902646671922
TSLA260529C00385000,2026-04-30 19:59:48+00:00,385.0,16.0,0.0,0.0,0.0,0.0,1020.0,0,0.007822421875,False,REGULAR,USD,Call,TSLA,381.6300048828125,0.4748701831761241,0.0,2026-05-29,28,0.0767123287671232,1.008830529764614,0.0,16.0,0.0,0.008830529764614,0.0358500003814697,0.4748701831761241,hist_vol_fallback,call,ATM,0.0,16.0,False,Tesla Inc.,Consumer Disc.,2026-05-01,18.960226287606744,21.765819792741677,18.935448314032783,0.024777973573961276,2.8303714787088943,2.9602262876067442,5.765819792741677,2.935448314032783,2.9602262876067442,5.765819792741677,2.935448314032783,18.50141429754215,36.03637370463548,18.346551962704893
TSLA260529C00375000,2026-04-30 19:59:27+00:00,375.0,21.3,0.0,0.0,0.0,0.0,1631.0,0,1.0000000000000004e-05,True,REGULAR,USD,Call,TSLA,381.6300048828125,0.4748701831761241,0.0,2026-05-29,28,0.0767123287671232,0.9826271393811176,0.0,21.3,0.0,0.0173728606188823,0.0358500003814697,0.4748701831761241,hist_vol_fallback,call,ATM,6.6300048828125,14.6699951171875,False,Tesla Inc.,Consumer Disc.,2026-05-01,23.859836722611895,27.117088581890243,23.873698817550206,0.0,3.243389764340037,2.5598367226118945,5.817088581890243,2.5736988175502056,2.5598367226118945,5.817088581890243,2.5736988175502056,12.018012782215468,27.310275032348557,12.08309304014181
TSLA260529C00390000,2026-04-30 19:59:56+00:00,390.0,13.83,0.0,0.0,0.0,0.0,339.0,0,0.01563484375,False,REGULAR,USD,Call,TSLA,381.6300048828125,0.4748701831761241,0.0,2026-05-29,28,0.0767123287671232,1.0219322249563625,0.0,13.83,0.0,0.0219322249563622,0.0358500003814697,0.01563484375,market_iv,call,ATM,0.0,13.83,False,Tesla Inc.,Consumer Disc.,2026-05-01,1.5901800428135305e-06,2.8081797451676214e-08,2.1208030653355713e-06,0.0,0.0,-13.829998409819957,-13.829999971918202,-13.829997879196934,13.829998409819957,13.829999971918202,13.829997879196934,-99.99998850195196,-99.99999979695012,-99.99998466519837
TSLA260529C00370000,2026-04-30 19:57:47+00:00,370.0,23.95,0.0,0.0,0.0,0.0,667.0,0,1.0000000000000004e-05,True,REGULAR,USD,Call,TSLA,381.6300048828125,0.4748701831761241,0.0,2026-05-29,28,0.0767123287671232,0.9695254441893694,0.0,23.95,0.0,0.0304745558106306,0.0358500003814697,0.4748701831761241,hist_vol_fallback,call,OTM,11.6300048828125,12.3199951171875,False,Tesla Inc.,Consumer Disc.,2026-05-01,26.66137454355621,30.102913344607487,26.6429413356567,0.018433207899509085,3.4599720089507855,2.711374543556211,6.152913344607487,2.692941335656702,2.711374543556211,6.152913344607487,2.692941335656702,11.32097930503637,25.690661146586585,11.244013927585394
TSLA260529C00395000,2026-04-30 19:55:56+00:00,395.0,11.79,0.0,0.0,0.0,0.0,304.0,0,0.0312596875,False,REGULAR,USD,Call,TSLA,381.6300048828125,0.4748701831761241,0.0,2026-05-29,28,0.0767123287671232,1.0350339201481105,0.0,11.79,0.0,0.0350339201481104,0.0358500003814697,0.0312596875,market_iv,call,ITM,0.0,11.79,False,Tesla Inc.,Consumer Disc.,2026-05-01,8.99673306815412e-05,1.9283255901579493e-05,0.0001028935836283329,0.0,0.0,-11.789910032669317,-11.789980716744097,-11.78989710641637,11.789910032669317,11.789980716744097,11.78989710641637,-99.99923691831482,-99.9998364439703,-99.99912728088526
TSLA260529C00365000,2026-04-30 19:07:02+00:00,365.0,29.4,0.0,0.0,0.0,0.0,204.0,0,1.0000000000000004e-05,True,REGULAR,USD,Call,TSLA,381.6300048828125,0.4748701831761241,0.0,2026-05-29,28,0.0767123287671232,0.9564237489976212,0.0,29.4,0.0,0.0435762510023788,0.0358500003814697,0.4748701831761241,hist_vol_fallback,call,OTM,16.6300048828125,12.7699951171875,False,Tesla Inc.,Consumer Disc.,2026-05-01,29.632627657060848,33.300176229508125,29.61271718627316,0.01991047078768915,3.6874590432349663,0.2326276570608492,3.9001762295081264,0.21271718627316005,0.2326276570608492,3.9001762295081264,0.21271718627316005,0.7912505342205756,13.265905542544647,0.7235278444665308
TSLA260529C00400000,2026-04-30 19:59:23+00:00,400.0,10.33,0.0,0.0,0.0,0.0,3243.0,0,0.0312596875,False,REGULAR,USD,Call,TSLA,381.6300048828125,0.4748701831761241,0.0,2026-05-29,28,0.0767123287671232,1.0481356153398589,0.0,10.33,0.0,0.0481356153398588,0.0358500003814697,0.0312596875,market_iv,call,ITM,0.0,10.33,False,Tesla Inc.,Consumer Disc.,2026-05-01,6.621723576332961e-08,9.280718109655026e-09,9.828107103244054e-08,0.0,0.0,-10.329999933782764,-10.329999990719282,-10.32999990171893,10.329999933782764,10.329999990719282,10.32999990171893,-99.99999935898126,-99.99999991015761,-99.99999904858596
TSLA260529C00360000,2026-04-30 19:21:57+00:00,360.0,32.1,0.0,0.0,0.0,0.0,44.0,0,1.0000000000000004e-05,True,REGULAR,USD,Call,TSLA,381.6300048828125,0.4748701831761241,0.0,2026-05-29,28,0.0767123287671232,0.943322053805873,0.0,32.1,0.0,0.056677946194127,0.0358500003814697,0.4748701831761241,hist_vol_fallback,call,OTM,21.6300048828125,10.4699951171875,False,Tesla Inc.,Consumer Disc.,2026-05-01,32.777892312874116,36.680935117513656,32.78074092168035,0.0,3.9001941958333077,0.6778923128741141,4.580935117513654,0.6807409216803464,0.6778923128741141,4.580935117513654,0.6807409216803464,2.1118140587978633,14.27082591125749,2.120688229533789
TSLA260529C00405000,2026-04-30 19:48:29+00:00,405.0,8.38,0.0,0.0,0.0,0.0,465.0,0,0.062509375,False,REGULAR,USD,Call,TSLA,381.6300048828125,0.4748701831761241,0.0,2026-05-29,28,0.0767123287671232,1.061237310531607,0.0,8.38,0.0,0.061237310531607,0.0358500003814697,0.062509375,market_iv,call,ITM,0.0,8.38,False,Tesla Inc.,Consumer Disc.,2026-05-01,0.0008936388392062798,0.0004698564891833129,0.0009541541236195994,0.0,0.0,-8.379106361160794,-8.379530143510818,-8.379045845876382,8.379106361160794,8.379530143510818,8.379045845876382,-99.9893360520381,-99.99439312065415,-99.98861391260598
TSLA260529C00355000,2026-04-30 19:35:05+00:00,355.0,34.67,0.0,0.0,0.0,0.0,23.0,0,1.0000000000000004e-05,True,REGULAR,USD,Call,TSLA,381.6300048828125,0.4748701831761241,0.0,2026-05-29,28,0.0767123287671232,0.9302203586141248,0.0,34.67,0.0,0.0697796413858753,0.0358500003814697,0.4748701831761241,hist_vol_fallback,call,OTM,26.6300048828125,8.039995117187502,False,Tesla Inc.,Consumer Disc.,2026-05-01,36.136711075045454,40.240972099409234,36.14259717075865,0.0,4.0983749286505855,1.4667110750454526,5.570972099409232,1.4725971707586467,1.4667110750454526,5.570972099409232,1.4725971707586467,4.230490553924005,16.068566770721755,4.247468043722661
TSLA260529C00410000,2026-04-30 19:58:17+00:00,410.0,7.43,0.0,0.0,0.0,0.0,538.0,0,0.062509375,False,REGULAR,USD,Call,TSLA,381.6300048828125,0.4748701831761241,0.0,2026-05-29,28,0.0767123287671232,1.0743390057233553,0.0,7.43,0.0,0.0743390057233552,0.0358500003814697,0.062509375,market_iv,call,ITM,0.0,7.43,False,Tesla Inc.,Consumer Disc.,2026-05-01,4.599222864210971e-05,2.2790903182946384e-05,5.2723686971721875e-05,0.0,0.0,-7.429954007771357,-7.429977209096816,-7.429947276313028,7.429954007771357,7.429977209096816,7.429947276313028,-99.99938099288502,-99.999693258369,-99.99929039452259
TSLA260529C00350000,2026-04-30 19:09:32+00:00,350.0,39.78,0.0,0.0,0.0,0.0,60.0,0,1.0000000000000004e-05,True,REGULAR,USD,Call,TSLA,381.6300048828125,0.4748701831761241,0.0,2026-05-29,28,0.0767123287671232,0.9171186634223764,0.0,39.78,0.0,0.0828813365776235,0.0358500003814697,0.4748701831761241,hist_vol_fallback,call,OTM,31.6300048828125,8.149995117187501,False,Tesla Inc.,Consumer Disc.,2026-05-01,39.705037509189324,43.97408945016361,39.691797705309426,0.013239803879898204,4.282291744854184,-0.07496249081067674,4.1940894501636095,-0.08820229469057494,0.07496249081067674,4.1940894501636095,0.08820229469057494,-0.18844266166585405,10.54321128749022,-0.2217252254665031
TSLA260529C00415000,2026-04-30 19:58:34+00:00,415.0,6.35,0.0,0.0,0.0,0.0,480.0,0,0.062509375,False,REGULAR,USD,Call,TSLA,381.6300048828125,0.4748701831761241,0.0,2026-05-29,28,0.0767123287671232,1.0874407009151037,0.0,6.35,0.0,0.0874407009151034,0.0358500003814697,0.062509375,market_iv,call,ITM,0.0,6.35,False,Tesla Inc.,Consumer Disc.,2026-05-01,1.4784949208646522e-06,7.224955944269389e-07,1.9207788434969474e-06,0.0,0.0,-6.3499985215050785,-6.349999277504406,-6.349998079221156,6.3499985215050785,6.349999277504406,6.349998079221156,-99.99997671661541,-99.99998862211663,-99.99996975151427
TSLA260529C00345000,2026-04-30 16:11:49+00:00,345.0,40.13,0.0,0.0,0.0,0.0,40.0,0,1.0000000000000004e-05,True,REGULAR,USD,Call,TSLA,381.6300048828125,0.4748701831761241,0.0,2026-05-29,28,0.0767123287671232,0.9040169682306284,0.0,40.13,0.0,0.0959830317693717,0.0358500003814697,0.4748701831761241,hist_vol_fallback,call,OTM,36.6300048828125,3.4999951171875026,False,Tesla Inc.,Consumer Disc.,2026-05-01,43.43307935256208,47.872114376781575,43.41991019404202,0.013169158520064173,4.452204182739557,3.3030793525620794,7.742114376781572,3.2899101940420152,3.3030793525620794,7.742114376781572,3.2899101940420152,8.23094780105178,19.292585040572067,8.198131557543023
TSLA260529C00420000,2026-04-30 19:59:56+00:00,420.0,5.4,0.0,0.0,0.0,0.0,1356.0,0,0.062509375,False,REGULAR,USD,Call,TSLA,381.6300048828125,0.4748701831761241,0.0,2026-05-29,28,0.0767123287671232,1.1005423961068517,0.0,5.4,0.0,0.1005423961068516,0.0358500003814697,0.062509375,market_iv,call,ITM,0.0,5.4,False,Tesla Inc.,Consumer Disc.,2026-05-01,2.9064383485466423e-08,1.4424179241458709e-08,4.645652642580977e-08,0.0,0.0,-5.399999970935617,-5.399999985575821,-5.399999953543474,5.399999970935617,5.399999985575821,5.399999953543474,-99.99999946177067,-99.99999973288557,-99.99999913969395
TSLA260529C00340000,2026-04-30 19:09:46+00:00,340.0,47.97,0.0,0.0,0.0,0.0,5.0,0,1.0000000000000004e-05,True,REGULAR,USD,Call,TSLA,381.6300048828125,0.4748701831761241,0.0,2026-05-29,28,0.0767123287671232,0.89091527303888,0.0,47.97,0.0,0.10908472696112,0.0358500003814697,0.4748701831761241,hist_vol_fallback,call,OTM,41.6300048828125,6.339995117187499,False,Tesla Inc.,Consumer Disc.,2026-05-01,47.31750327465835,51.92502994170735,47.31675631657669,0.0007469580816632515,4.608273625130664,-0.6524967253416492,3.955029941707352,-0.6532436834233124,0.6524967253416492,3.955029941707352,0.6532436834233124,-1.3602183142415034,8.244798711084744,-1.3617754501215602
TSLA260529C00425000,2026-04-30 19:59:18+00:00,425.0,4.73,0.0,0.0,0.0,0.0,405.0,0,0.062509375,False,REGULAR,USD,Call,TSLA,381.6300048828125,0.4748701831761241,0.0,2026-05-29,28,0.0767123287671232,1.1136440912986,0.0,4.73,0.0,0.1136440912985998,0.0358500003814697,0.062509375,market_iv,call,ITM,0.0,4.73,False,Tesla Inc.,Consumer Disc.,2026-05-01,3.5110824010142864e-10,2.0073727203870574e-10,7.52699382768154e-10,0.0,0.0,-4.729999999648892,-4.729999999799263,-4.729999999247301,4.729999999648892,4.729999999799263,4.729999999247301,-99.99999999257699,-99.99999999575608,-99.9999999840867
TSLA260529C00335000,2026-04-30 18:43:51+00:00,335.0,50.63,0.0,0.0,0.0,0.0,1.0,0,1.0000000000000004e-05,True,REGULAR,USD,Call,TSLA,381.6300048828125,0.4748701831761241,0.0,2026-05-29,28,0.0767123287671232,0.8778135778471318,0.0,50.63,0.0,0.1221864221528682,0.0358500003814697,0.4748701831761241,hist_vol_fallback,call,OTM,46.6300048828125,3.999995117187503,False,Tesla Inc.,Consumer Disc.,2026-05-01,51.3529123098882,56.12122643937186,51.37067267902239,0.0,4.750553760349469,0.7229123098881942,5.491226439371857,0.7406726790223885,0.7229123098881942,5.491226439371857,0.7406726790223885,1.427833912479151,10.845795851020851,1.4629126585470837
TSLA260529C00430000,2026-04-30 19:59:29+00:00,430.0,4.01,0.0,0.0,0.0,0.0,299.0,0,0.062509375,False,REGULAR,USD,Call,TSLA,381.6300048828125,0.4748701831761241,0.0,2026-05-29,28,0.0767123287671232,1.1267457864903485,0.0,4.01,0.0,0.1267457864903483,0.0358500003814697,0.062509375,market_iv,call,ITM,0.0,4.01,False,Tesla Inc.,Consumer Disc.,2026-05-01,2.8776550513909042e-12,1.8142635977501199e-12,8.253289990595186e-12,0.0,0.0,-4.009999999997122,-4.009999999998185,-4.009999999991747,4.009999999997122,4.009999999998185,4.009999999991747,-99.99999999992824,-99.99999999995475,-99.99999999979418
TSLA260529P00380000,2026-04-30 19:57:22+00:00,380.0,15.5,0.0,0.0,0.0,0.0,369.0,0,0.0039162109375,False,REGULAR,USD,Put,TSLA,381.6300048828125,0.4748701831761241,0.0,2026-05-29,28,0.0767123287671232,0.995728834572866,0.0,15.5,0.0,0.0042711654271341,0.0358500003814697,0.4748701831761241,hist_vol_fallback,put,ATM,0.0,15.5,False,Tesla Inc.,Consumer Disc.,2026-05-01,18.701884068032438,16.61217635794551,18.631536840018242,0.0703472280141959,0.0,3.201884068032438,1.1121763579455113,3.131536840018242,3.201884068032438,1.1121763579455113,3.131536840018242,20.657316567951213,7.175331341583943,20.20346348398866
TSLA260529P00385000,2026-04-30 19:52:15+00:00,385.0,18.32,0.0,0.0,0.0,0.0,221.0,0,1.0000000000000004e-05,True,REGULAR,USD,Put,TSLA,381.6300048828125,0.4748701831761241,0.0,2026-05-29,28,0.0767123287671232,1.008830529764614,0.0,18.32,0.0,0.008830529764614,0.0358500003814697,0.4748701831761241,hist_vol_fallback,put,ATM,3.3699951171875,14.9500048828125,False,Tesla Inc.,Consumer Disc.,2026-05-01,21.344551372070345,19.110761830340525,21.248095272798196,0.09645609927214949,0.0,3.024551372070345,0.790761830340525,2.9280952727981955,3.024551372070345,0.790761830340525,2.9280952727981955,16.509559891213673,4.316385536793259,15.983052799116788
TSLA260529P00375000,2026-04-30 19:53:06+00:00,375.0,13.3,0.0,0.0,0.0,0.0,328.0,0,0.01563484375,False,REGULAR,USD,Put,TSLA,381.6300048828125,0.4748701831761241,0.0,2026-05-29,28,0.0767123287671232,0.9826271393811176,0.0,13.3,0.0,0.0173728606188823,0.0358500003814697,0.01563484375,market_iv,put,ATM,0.0,13.3,False,Tesla Inc.,Consumer Disc.,2026-05-01,4.4001882465462053e-07,4.225516391800953e-06,4.584426374257917e-07,0.0,3.7670737543751612e-06,-13.299999559981176,-13.299995774483609,-13.299999541557364,13.299999559981176,13.299995774483609,13.299999541557364,-99.99999669158778,-99.99996822920006,-99.99999655306289
TSLA260529P00390000,2026-04-30 19:59:49+00:00,390.0,20.69,0.0,0.0,0.0,0.0,138.0,0,1.0000000000000004e-05,True,REGULAR,USD,Put,TSLA,381.6300048828125,0.4748701831761241,0.0,2026-05-29,28,0.0767123287671232,1.0219322249563625,0.0,20.69,0.0,0.0219322249563622,0.0358500003814697,0.4748701831761241,hist_vol_fallback,put,ATM,8.3699951171875,12.3200048828125,False,Tesla Inc.,Consumer Disc.,2026-05-01,24.148014703937278,21.811331333459176,24.05970897168092,0.08830573225635874,0.0,3.458014703937277,1.1213313334591746,3.369708971680918,3.458014703937277,1.1213313334591746,3.369708971680918,16.71345917804387,5.41967778375628,16.286655252203566
TSLA260529P00370000,2026-04-30 19:59:21+00:00,370.0,10.95,0.0,0.0,0.0,0.0,424.0,0,0.0312596875,False,REGULAR,USD,Put,TSLA,381.6300048828125,0.4748701831761241,0.0,2026-05-29,28,0.0767123287671232,0.9695254441893694,0.0,10.95,0.0,0.0304745558106306,0.0358500003814697,0.0312596875,market_iv,put,ITM,0.0,10.95,False,Tesla Inc.,Consumer Disc.,2026-05-01,3.5577983938547794e-05,9.959281079520646e-05,3.7234701687309524e-05,0.0,6.235810910789694e-05,-10.94996442201606,-10.949900407189205,-10.949962765298311,10.94996442201606,10.949900407189205,10.949962765298311,-99.99967508690467,-99.99909047661374,-99.9996599570622
TSLA260529P00395000,2026-04-30 19:44:01+00:00,395.0,23.95,0.0,0.0,0.0,0.0,21.0,0,1.0000000000000004e-05,True,REGULAR,USD,Put,TSLA,381.6300048828125,0.4748701831761241,0.0,2026-05-29,28,0.0767123287671232,1.0350339201481105,0.0,23.95,0.0,0.0350339201481104,0.0358500003814697,0.4748701831761241,hist_vol_fallback,put,OTM,13.3699951171875,10.5800048828125,False,Tesla Inc.,Consumer Disc.,2026-05-01,27.15999554599777,24.710340982528265,27.060878423615662,0.09911712238210768,0.0,3.2099955459977707,0.7603409825282661,3.110878423615663,3.2099955459977707,0.7603409825282661,3.110878423615663,13.402904158654575,3.174701388426998,12.989053960816966
TSLA260529P00365000,2026-04-30 19:59:54+00:00,365.0,9.22,0.0,0.0,0.0,0.0,442.0,0,0.0312596875,False,REGULAR,USD,Put,TSLA,381.6300048828125,0.4748701831761241,0.0,2026-05-29,28,0.0767123287671232,0.9564237489976212,0.0,9.22,0.0,0.0435762510023788,0.0358500003814697,0.0312596875,market_iv,put,ITM,0.0,9.22,False,Tesla Inc.,Consumer Disc.,2026-05-01,9.732461637112173e-09,4.0321761864320925e-08,1.2975703002595499e-08,0.0,2.7346058861725426e-08,-9.219999990267539,-9.219999959678239,-9.219999987024298,9.219999990267539,9.219999959678239,9.219999987024298,-99.99999989444184,-99.9999995626707,-99.9999998592657
TSLA260529P00400000,2026-04-30 19:09:58+00:00,400.0,26.25,0.0,0.0,0.0,0.0,37.0,0,1.0000000000000004e-05,True,REGULAR,USD,Put,TSLA,381.6300048828125,0.4748701831761241,0.0,2026-05-29,28,0.0767123287671232,1.0481356153398589,0.0,26.25,0.0,0.0481356153398588,0.0358500003814697,0.4748701831761241,hist_vol_fallback,put,OTM,18.3699951171875,7.8800048828125,False,Tesla Inc.,Consumer Disc.,2026-05-01,30.38270059397032,27.82037145426729,30.244596651804017,0.13810394216630328,0.0,4.13270059397032,1.5703714542672884,3.9945966518040166,4.13270059397032,1.5703714542672884,3.9945966518040166,15.743621310363123,5.982367444827765,15.217511054491492
TSLA260529P00360000,2026-04-30 19:56:35+00:00,360.0,7.71,0.0,0.0,0.0,0.0,415.0,0,0.062509375,False,REGULAR,USD,Put,TSLA,381.6300048828125,0.4748701831761241,0.0,2026-05-29,28,0.0767123287671232,0.943322053805873,0.0,7.71,0.0,0.056677946194127,0.0358500003814697,0.062509375,market_iv,put,ITM,0.0,7.71,False,Tesla Inc.,Consumer Disc.,2026-05-01,0.00031817321560425097,0.0005095841628833733,0.00033385339068210673,0.0,0.0001757307722012666,-7.709681826784395,-7.7094904158371165,-7.709666146609318,7.709681826784395,7.7094904158371165,7.709666146609318,-99.99587323974572,-99.9933906074853,-99.99566986523111
TSLA260529P00405000,2026-04-30 19:13:12+00:00,405.0,29.25,0.0,0.0,0.0,0.0,40.0,0,1.0000000000000004e-05,True,REGULAR,USD,Put,TSLA,381.6300048828125,0.4748701831761241,0.0,2026-05-29,28,0.0767123287671232,1.061237310531607,0.0,29.25,0.0,0.061237310531607,0.0358500003814697,0.4748701831761241,hist_vol_fallback,put,OTM,23.3699951171875,5.8800048828125,False,Tesla Inc.,Consumer Disc.,2026-05-01,33.74160910948882,31.151024643884597,33.6025891945049,0.13901991498391908,0.0,4.49160910948882,1.9010246438845968,4.352589194504901,4.49160910948882,1.9010246438845968,4.352589194504901,15.355928579448957,6.499229551742211,14.880646818820175
TSLA260529P00355000,2026-04-30 19:55:36+00:00,355.0,6.35,0.0,0.0,0.0,0.0,536.0,0,0.062509375,False,REGULAR,USD,Put,TSLA,381.6300048828125,0.4748701831761241,0.0,2026-05-29,28,0.0767123287671232,0.9302203586141248,0.0,6.35,0.0,0.0697796413858753,0.0358500003814697,0.062509375,market_iv,put,ITM,0.0,6.35,False,Tesla Inc.,Consumer Disc.,2026-05-01,8.66593787378061e-06,1.5103168929860966e-05,9.698838447025175e-06,0.0,5.404330482835791e-06,-6.349991334062126,-6.34998489683107,-6.349990301161553,6.349991334062126,6.34998489683107,6.349990301161553,-99.99986352853742,-99.99976215482,-99.99984726238667
TSLA260529P00410000,2026-04-30 16:05:13+00:00,410.0,36.75,0.0,0.0,0.0,0.0,7.0,0,1.0000000000000004e-05,True,REGULAR,USD,Put,TSLA,381.6300048828125,0.4748701831761241,0.0,2026-05-29,28,0.0767123287671232,1.0743390057233553,0.0,36.75,0.0,0.0743390057233552,0.0358500003814697,0.4748701831761241,hist_vol_fallback,put,OTM,28.3699951171875,8.3800048828125,False,Tesla Inc.,Consumer Disc.,2026-05-01,37.27760347980552,34.66269639493009,37.12556632063547,0.15203715917004956,0.0,0.5276034798055207,-2.0873036050699127,0.37556632063547113,0.5276034798055207,2.0873036050699127,0.37556632063547113,1.435655727361961,-5.679737700870511,1.0219491717972005
TSLA260529P00350000,2026-04-30 19:59:36+00:00,350.0,5.11,0.0,0.0,0.0,0.0,509.0,0,0.062509375,False,REGULAR,USD,Put,TSLA,381.6300048828125,0.4748701831761241,0.0,2026-05-29,28,0.0767123287671232,0.9171186634223764,0.0,5.11,0.0,0.0828813365776235,0.0358500003814697,0.062509375,market_iv,put,ITM,0.0,5.11,False,Tesla Inc.,Consumer Disc.,2026-05-01,1.1035409753422646e-07,2.3604412648837572e-07,1.446124502494075e-07,0.0,9.143167623896823e-08,-5.109999889645903,-5.109999763955874,-5.10999985538755,5.109999889645903,5.109999763955874,5.10999985538755,-99.99999784042862,-99.99999538074117,-99.99999717001077
TSLA260529P00415000,2026-04-30 14:54:03+00:00,415.0,43.4,0.0,0.0,0.0,0.0,2.0,0,1.0000000000000004e-05,True,REGULAR,USD,Put,TSLA,381.6300048828125,0.4748701831761241,0.0,2026-05-29,28,0.0767123287671232,1.0874407009151037,0.0,43.4,0.0,0.0874407009151034,0.0358500003814697,0.4748701831761241,hist_vol_fallback,put,OTM,33.3699951171875,10.0300048828125,False,Tesla Inc.,Consumer Disc.,2026-05-01,40.99780261701389,38.34783715981704,40.80347699194107,0.19432562507282114,0.0,-2.4021973829861096,-5.052162840182959,-2.5965230080589308,2.4021973829861096,5.052162840182959,2.5965230080589308,-5.535017011488732,-11.640928203186542,-5.9827719079698864
TSLA260529P00345000,2026-04-30 19:54:40+00:00,345.0,4.25,0.0,0.0,0.0,0.0,175.0,0,0.062509375,False,REGULAR,USD,Put,TSLA,381.6300048828125,0.4748701831761241,0.0,2026-05-29,28,0.0767123287671232,0.9040169682306284,0.0,4.25,0.0,0.0959830317693717,0.0358500003814697,0.062509375,market_iv,put,ITM,0.0,4.25,False,Tesla Inc.,Consumer Disc.,2026-05-01,6.166150618664099e-10,1.8077431390938844e-09,1.0634534157983258e-09,0.0,7.442897232955586e-10,-4.249999999383385,-4.249999998192257,-4.249999998936547,4.249999999383385,4.249999998192257,4.249999998936547,-99.9999999854914,-99.99999995746487,-99.99999997497757
TSLA260529P00420000,2026-04-30 15:00:42+00:00,420.0,46.6,0.0,0.0,0.0,0.0,3.0,0,1.0000000000000004e-05,True,REGULAR,USD,Put,TSLA,381.6300048828125,0.4748701831761241,0.0,2026-05-29,28,0.0767123287671232,1.1005423961068517,0.0,46.6,0.0,0.1005423961068516,0.0358500003814697,0.4748701831761241,hist_vol_fallback,put,OTM,38.3699951171875,8.230004882812501,False,Tesla Inc.,Consumer Disc.,2026-05-01,44.82455046403958,42.206384316254635,44.62575540777351,0.1987950562660714,0.0,-1.7754495359604192,-4.393615683745367,-1.9742445922264906,1.7754495359604192,4.393615683745367,1.9742445922264906,-3.8099775449794406,-9.428359836363448,-4.236576378168435
TSLA260529P00340000,2026-04-30 19:58:30+00:00,340.0,3.45,0.0,0.0,0.0,0.0,358.0,0,0.062509375,False,REGULAR,USD,Put,TSLA,381.6300048828125,0.4748701831761241,0.0,2026-05-29,28,0.0767123287671232,0.89091527303888,0.0,3.45,0.0,0.10908472696112,0.0358500003814697,0.062509375,market_iv,put,ITM,0.0,3.45,False,Tesla Inc.,Consumer Disc.,2026-05-01,1.4126746737583077e-12,6.364643762323384e-12,3.710358654861771e-12,0.0,2.654285107461613e-12,-3.4499999999985875,-3.4499999999936355,-3.44999999999629,3.4499999999985875,3.4499999999936355,3.44999999999629,-99.99999999995906,-99.99999999981551,-99.99999999989245
TSLA260529P00425000,2026-04-30 14:09:42+00:00,425.0,58.15,0.0,0.0,0.0,0.0,2.0,0,1.0000000000000004e-05,True,REGULAR,USD,Put,TSLA,381.6300048828125,0.4748701831761241,0.0,2026-05-29,28,0.0767123287671232,1.1136440912986,0.0,58.15,0.0,0.1136440912985998,0.0358500003814697,0.4748701831761241,hist_vol_fallback,put,OTM,43.3699951171875,14.7800048828125,False,Tesla Inc.,Consumer Disc.,2026-05-01,48.81167423384792,46.253922787125866,48.58155257369583,0.23012166015208635,0.0,-9.338325766152082,-11.896077212874133,-9.568447426304168,9.338325766152082,11.896077212874133,9.568447426304168,-16.05902969243694,-20.457570443463684,-16.45476771505446
TSLA260529P00335000,2026-04-30 19:31:55+00:00,335.0,2.63,0.0,0.0,0.0,0.0,250.0,0,0.12500875,False,REGULAR,USD,Put,TSLA,381.6300048828125,0.4748701831761241,0.0,2026-05-29,28,0.0767123287671232,0.8778135778471318,0.0,2.63,0.0,0.1221864221528682,0.0358500003814697,0.12500875,market_iv,put,ITM,0.0,2.63,False,Tesla Inc.,Consumer Disc.,2026-05-01,0.00016225417434143473,0.00019301554660030708,0.00017487790024767538,0.0,1.81376463526317e-05,-2.6298377458256583,-2.6298069844533996,-2.6298251220997524,2.6298377458256583,2.6298069844533996,2.6298251220997524,-99.99383063975887,-99.99266100583269,-99.9933506501807
TSLA260529P00430000,2026-04-30 19:51:38+00:00,430.0,51.5,0.0,0.0,0.0,0.0,2.0,0,1.0000000000000004e-05,True,REGULAR,USD,Put,TSLA,381.6300048828125,0.4748701831761241,0.0,2026-05-29,28,0.0767123287671232,1.1267457864903485,0.0,51.5,0.0,0.1267457864903483,0.0358500003814697,0.4748701831761241,hist_vol_fallback,put,OTM,48.3699951171875,3.1300048828125,False,Tesla Inc.,Consumer Disc.,2026-05-01,52.928038718347025,50.44907220323468,52.659947074543766,0.26809164380325967,0.0,1.4280387183470253,-1.0509277967653219,1.1599470745437657,1.4280387183470253,1.0509277967653219,1.1599470745437657,2.7728907152369424,-2.040636498573441,2.252324416589836
TSLA260605C00380000,2026-04-30 19:59:37+00:00,380.0,21.0,0.0,0.0,0.0,0.0,1854.0,0,1.0000000000000004e-05,True,REGULAR,USD,Call,TSLA,381.6300048828125,0.4748701831761241,0.0,2026-06-05,35,0.0958904109589041,0.995728834572866,0.0,21.0,0.0,0.0042711654271341,0.0358500003814697,0.4748701831761241,hist_vol_fallback,call,ATM,1.6300048828125,19.3699951171875,False,Tesla Inc.,Consumer Disc.,2026-05-01,23.78794606858619,27.61502924993736,23.77951508262396,0.008430985962231574,3.835514167313402,2.7879460685861908,6.615029249937361,2.779515082623959,2.7879460685861908,6.615029249937361,2.779515082623959,13.27593365993424,31.500139285416008,13.235786107733139
TSLA260605C00385000,2026-04-30 19:58:44+00:00,385.0,18.43,0.0,0.0,0.0,0.0,362.0,0,0.007822421875,False,REGULAR,USD,Call,TSLA,381.6300048828125,0.4748701831761241,0.0,2026-06-05,35,0.0958904109589041,1.008830529764614,0.0,18.43,0.0,0.008830529764614,0.0358500003814697,0.4748701831761241,hist_vol_fallback,call,ATM,0.0,18.43,False,Tesla Inc.,Consumer Disc.,2026-05-01,21.44483732130699,25.02113446429036,21.4183298457601,0.026507475546893033,3.6028046185302607,3.0148373213069917,6.591134464290359,2.9883298457600986,3.0148373213069917,6.591134464290359,2.9883298457600986,16.358314277303265,35.763073598971026,16.21448641215463
TSLA260605C00375000,2026-04-30 19:48:28+00:00,375.0,22.79,0.0,0.0,0.0,0.0,2801.0,0,1.0000000000000004e-05,True,REGULAR,USD,Call,TSLA,381.6300048828125,0.4748701831761241,0.0,2026-06-05,35,0.0958904109589041,0.9826271393811176,0.0,22.79,0.0,0.0173728606188823,0.0358500003814697,0.4748701831761241,hist_vol_fallback,call,ATM,6.6300048828125,16.1599951171875,False,Tesla Inc.,Consumer Disc.,2026-05-01,26.320059449739897,30.373560382499047,26.318422065021082,0.0016373847188155821,4.055138317477965,3.5300594497398983,7.583560382499048,3.5284220650210827,3.5300594497398983,7.583560382499048,3.5284220650210827,15.489510529793323,33.27582440763075,15.482325866700672
TSLA260605C00390000,2026-04-30 19:59:35+00:00,390.0,16.35,0.0,0.0,0.0,0.0,92.0,0,0.01563484375,False,REGULAR,USD,Call,TSLA,381.6300048828125,0.4748701831761241,0.0,2026-06-05,35,0.0958904109589041,1.0219322249563625,0.0,16.35,0.0,0.0219322249563622,0.0358500003814697,0.01563484375,market_iv,call,ATM,0.0,16.35,False,Tesla Inc.,Consumer Disc.,2026-05-01,2.9781843518311947e-05,5.292523928114374e-07,3.5888509725107154e-05,0.0,0.0,-16.349970218156482,-16.34999947074761,-16.349964111490277,16.349970218156482,16.34999947074761,16.349964111490277,-99.99981784805188,-99.9999967629823,-99.99978049841147
TSLA260605C00370000,2026-04-30 19:58:52+00:00,370.0,26.36,0.0,0.0,0.0,0.0,146.0,0,1.0000000000000004e-05,True,REGULAR,USD,Call,TSLA,381.6300048828125,0.4748701831761241,0.0,2026-06-05,35,0.0958904109589041,0.9695254441893694,0.0,26.36,0.0,0.0304745558106306,0.0358500003814697,0.4748701831761241,hist_vol_fallback,call,OTM,11.6300048828125,14.7299951171875,False,Tesla Inc.,Consumer Disc.,2026-05-01,29.06332243335467,33.363616168955396,29.037024158664906,0.026298274689764867,4.32659201029049,2.7033224333546713,7.003616168955396,2.6770241586649064,2.7033224333546713,7.003616168955396,2.6770241586649064,10.255396181163396,26.56910534505082,10.15563034394881
TSLA260605C00395000,2026-04-30 19:58:25+00:00,395.0,14.09,0.0,0.0,0.0,0.0,314.0,0,0.0312596875,False,REGULAR,USD,Call,TSLA,381.6300048828125,0.4748701831761241,0.0,2026-06-05,35,0.0958904109589041,1.0350339201481105,0.0,14.09,0.0,0.0350339201481104,0.0358500003814697,0.0312596875,market_iv,call,ITM,0.0,14.09,False,Tesla Inc.,Consumer Disc.,2026-05-01,0.0006322022116446628,0.00012661069221656066,0.0006895050165091621,0.0,0.0,-14.089367797788356,-14.089873389307783,-14.08931049498349,14.089367797788356,14.089873389307783,14.08931049498349,-99.9955131141828,-99.9991014145336,-99.99510642287785
TSLA260605C00365000,2026-04-30 18:06:10+00:00,365.0,28.42,0.0,0.0,0.0,0.0,22.0,0,1.0000000000000004e-05,True,REGULAR,USD,Call,TSLA,381.6300048828125,0.4748701831761241,0.0,2026-06-05,35,0.0958904109589041,0.9564237489976212,0.0,28.42,0.0,0.0435762510023788,0.0358500003814697,0.4748701831761241,hist_vol_fallback,call,OTM,16.6300048828125,11.789995117187502,False,Tesla Inc.,Consumer Disc.,2026-05-01,31.934255350008954,36.508015698097545,31.935847425288017,0.0,4.572168272809527,3.514255350008952,8.088015698097543,3.5158474252880154,3.514255350008952,8.088015698097543,3.5158474252880154,12.36543050671693,28.458887044678193,12.371032460548962
TSLA260605C00400000,2026-04-30 19:59:10+00:00,400.0,12.49,0.0,0.0,0.0,0.0,847.0,0,0.0312596875,False,REGULAR,USD,Call,TSLA,381.6300048828125,0.4748701831761241,0.0,2026-06-05,35,0.0958904109589041,1.0481356153398589,0.0,12.49,0.0,0.0481356153398588,0.0358500003814697,0.0312596875,market_iv,call,ITM,0.0,12.49,False,Tesla Inc.,Consumer Disc.,2026-05-01,2.0138881174837836e-06,2.566463697019985e-07,2.600356982309336e-06,0.0,0.0,-12.489997986111883,-12.48999974335363,-12.489997399643018,12.489997986111883,12.48999974335363,12.489997399643018,-99.99998387599585,-99.99999794518519,-99.99997918048852
TSLA260605C00360000,2026-04-30 19:59:53+00:00,360.0,32.63,0.0,0.0,0.0,0.0,27.0,0,1.0000000000000004e-05,True,REGULAR,USD,Call,TSLA,381.6300048828125,0.4748701831761241,0.0,2026-06-05,35,0.0958904109589041,0.943322053805873,0.0,32.63,0.0,0.056677946194127,0.0358500003814697,0.4748701831761241,hist_vol_fallback,call,OTM,21.6300048828125,10.999995117187504,False,Tesla Inc.,Consumer Disc.,2026-05-01,35.019320611862675,39.80871764130229,35.013898121019736,0.005422490842938998,4.794819520282552,2.389320611862672,7.178717641302285,2.383898121019733,2.389320611862672,7.178717641302285,2.383898121019733,7.322465865346834,22.000360531113344,7.305847750596792
TSLA260605C00405000,2026-04-30 19:59:59+00:00,405.0,10.75,0.0,0.0,0.0,0.0,201.0,0,0.0312596875,False,REGULAR,USD,Call,TSLA,381.6300048828125,0.4748701831761241,0.0,2026-06-05,35,0.0958904109589041,1.061237310531607,0.0,10.75,0.0,0.061237310531607,0.0358500003814697,0.0312596875,market_iv,call,ITM,0.0,10.75,False,Tesla Inc.,Consumer Disc.,2026-05-01,1.1741118689045979e-09,1.0399476177082628e-10,2.257018876017254e-09,0.0,0.0,-10.749999998825889,-10.749999999896005,-10.74999999774298,10.749999998825889,10.749999999896005,10.74999999774298,-99.99999998907803,-99.99999999903261,-99.99999997900447
TSLA260605C00355000,2026-04-30 18:11:02+00:00,355.0,35.03,0.0,0.0,0.0,0.0,1.0,0,1.0000000000000004e-05,True,REGULAR,USD,Call,TSLA,381.6300048828125,0.4748701831761241,0.0,2026-06-05,35,0.0958904109589041,0.9302203586141248,0.0,35.03,0.0,0.0697796413858753,0.0358500003814697,0.4748701831761241,hist_vol_fallback,call,OTM,26.6300048828125,8.399995117187501,False,Tesla Inc.,Consumer Disc.,2026-05-01,38.29026414304588,43.266654351895085,38.26862588731669,0.021638255729193645,4.998028464578397,3.2602641430458803,8.236654351895083,3.2386258873166867,3.2602641430458803,8.236654351895083,3.2386258873166867,9.307062926194348,23.51314402482182,9.245292284660824
TSLA260605C00410000,2026-04-30 19:52:18+00:00,410.0,9.2,0.0,0.0,0.0,0.0,354.0,0,0.062509375,False,REGULAR,USD,Call,TSLA,381.6300048828125,0.4748701831761241,0.0,2026-06-05,35,0.0958904109589041,1.0743390057233553,0.0,9.2,0.0,0.0743390057233552,0.0358500003814697,0.062509375,market_iv,call,ITM,0.0,9.2,False,Tesla Inc.,Consumer Disc.,2026-05-01,0.00036504383028447535,0.00017448525456012403,0.0004016172225325271,0.0,0.0,-9.199634956169715,-9.19982551474544,-9.199598382777467,9.199634956169715,9.19982551474544,9.199598382777467,-99.99603213227952,-99.99810342114608,-99.99563459540725
TSLA260605C00350000,2026-04-30 19:22:58+00:00,350.0,41.8,0.0,0.0,0.0,0.0,2.0,0,1.0000000000000004e-05,True,REGULAR,USD,Call,TSLA,381.6300048828125,0.4748701831761241,0.0,2026-06-05,35,0.0958904109589041,0.9171186634223764,0.0,41.8,0.0,0.0828813365776235,0.0358500003814697,0.4748701831761241,hist_vol_fallback,call,OTM,31.6300048828125,10.169995117187495,False,Tesla Inc.,Consumer Disc.,2026-05-01,41.694768652512714,46.92890315183334,41.69592675893389,0.0,5.232976392899445,-0.10523134748728324,5.128903151833342,-0.1040732410661036,0.10523134748728324,5.128903151833342,0.1040732410661036,-0.25174963513704124,12.270103234051058,-0.24897904561268805
TSLA260605C00415000,2026-04-30 19:55:02+00:00,415.0,8.15,0.0,0.0,0.0,0.0,262.0,0,0.062509375,False,REGULAR,USD,Call,TSLA,381.6300048828125,0.4748701831761241,0.0,2026-06-05,35,0.0958904109589041,1.0874407009151037,0.0,8.15,0.0,0.0874407009151034,0.0358500003814697,0.062509375,market_iv,call,ITM,0.0,8.15,False,Tesla Inc.,Consumer Disc.,2026-05-01,2.3715013767413895e-05,1.0416740268001673e-05,2.7584865486963116e-05,0.0,0.0,-8.149976284986232,-8.149989583259732,-8.149972415134513,8.149976284986232,8.149989583259732,8.149972415134513,-99.99970901823599,-99.99987218723597,-99.9996615353928
TSLA260605C00345000,2026-04-29 18:43:19+00:00,345.0,36.0,0.0,0.0,0.0,0.0,1.0,0,1.0000000000000004e-05,True,REGULAR,USD,Call,TSLA,381.6300048828125,0.4748701831761241,0.0,2026-06-05,35,0.0958904109589041,0.9040169682306284,0.0,36.0,0.0,0.0959830317693717,0.0358500003814697,0.4748701831761241,hist_vol_fallback,call,OTM,36.6300048828125,0.0,False,Tesla Inc.,Consumer Disc.,2026-05-01,45.287767886572546,50.73665464022721,45.29018866525581,0.0,5.446465974971396,9.287767886572546,14.736654640227208,9.290188665255812,9.287767886572546,14.736654640227208,9.290188665255812,25.799355240479294,40.935151778408915,25.806079625710588
TSLA260605C00420000,2026-04-30 19:50:00+00:00,420.0,7.0,0.0,0.0,0.0,0.0,261.0,0,0.062509375,False,REGULAR,USD,Call,TSLA,381.6300048828125,0.4748701831761241,0.0,2026-06-05,35,0.0958904109589041,1.1005423961068517,0.0,7.0,0.0,0.1005423961068516,0.0358500003814697,0.062509375,market_iv,call,ITM,0.0,7.0,False,Tesla Inc.,Consumer Disc.,2026-05-01,9.875822449808233e-07,4.4557762654985124e-07,1.3723379742937606e-06,0.0,0.0,-6.999999012417755,-6.999999554422374,-6.999998627662026,6.999999012417755,6.999999554422374,6.999998627662026,-99.99998589168221,-99.99999363460533,-99.9999803951718
TSLA260605C00340000,2026-04-30 18:30:09+00:00,340.0,47.27,0.0,0.0,0.0,0.0,3.0,0,1.0000000000000004e-05,True,REGULAR,USD,Call,TSLA,381.6300048828125,0.4748701831761241,0.0,2026-06-05,35,0.0958904109589041,0.89091527303888,0.0,47.27,0.0,0.10908472696112,0.0358500003814697,0.4748701831761241,hist_vol_fallback,call,OTM,41.6300048828125,5.639995117187503,False,Tesla Inc.,Consumer Disc.,2026-05-01,49.05935316611281,54.681562493920325,49.044380334441826,0.01497283167098118,5.637182159478499,1.7893531661128037,7.4115624939203215,1.7743803344418225,1.7893531661128037,7.4115624939203215,1.7743803344418225,3.785388546885559,15.679209845399452,3.7537134217089534
TSLA260605C00425000,2026-04-30 19:56:55+00:00,425.0,6.1,0.0,0.0,0.0,0.0,1215.0,0,0.062509375,False,REGULAR,USD,Call,TSLA,381.6300048828125,0.4748701831761241,0.0,2026-06-05,35,0.0958904109589041,1.1136440912986,0.0,6.1,0.0,0.1136440912985998,0.0358500003814697,0.062509375,market_iv,call,ITM,0.0,6.1,False,Tesla Inc.,Consumer Disc.,2026-05-01,3.199545439213007e-08,1.3745170352743239e-08,4.9766559845688984e-08,0.0,0.0,-6.099999968004545,-6.099999986254829,-6.09999995023344,6.099999968004545,6.099999986254829,6.09999995023344,-99.99999947548436,-99.99999977466933,-99.99999918415476
TSLA260605C00335000,2026-04-30 19:58:49+00:00,335.0,51.91,0.0,0.0,0.0,0.0,3.0,0,1.0000000000000004e-05,True,REGULAR,USD,Call,TSLA,381.6300048828125,0.4748701831761241,0.0,2026-06-05,35,0.0958904109589041,0.8778135778471318,0.0,51.91,0.0,0.1221864221528682,0.0358500003814697,0.4748701831761241,hist_vol_fallback,call,OTM,46.6300048828125,5.279995117187497,False,Tesla Inc.,Consumer Disc.,2026-05-01,52.95507256407244,58.75819704765329,52.95018250260506,0.004890061467378359,5.808014545048231,1.0450725640724414,6.848197047653294,1.040182502605063,1.0450725640724414,6.848197047653294,1.040182502605063,2.0132393836880014,13.192442781069724,2.003819115016496
TSLA260605C00430000,2026-04-30 19:59:09+00:00,430.0,5.45,0.0,0.0,0.0,0.0,299.0,0,0.062509375,False,REGULAR,USD,Call,TSLA,381.6300048828125,0.4748701831761241,0.0,2026-06-05,35,0.0958904109589041,1.1267457864903485,0.0,5.45,0.0,0.1267457864903483,0.0358500003814697,0.062509375,market_iv,call,ITM,0.0,5.45,False,Tesla Inc.,Consumer Disc.,2026-05-01,6.918496257533349e-10,3.069816668390137e-10,1.3253660803126973e-09,0.0,0.0,-5.449999999308151,-5.449999999693018,-5.449999998674634,5.449999999308151,5.449999999693018,5.449999998674634,-99.99999998730551,-99.9999999943673,-99.99999997568135
TSLA260605P00380000,2026-04-30 19:59:16+00:00,380.0,17.25,0.0,0.0,0.0,0.0,154.0,0,0.0039162109375,False,REGULAR,USD,Put,TSLA,381.6300048828125,0.4748701831761241,0.0,2026-06-05,35,0.0958904109589041,0.995728834572866,0.0,17.25,0.0,0.0042711654271341,0.0358500003814697,0.4748701831761241,hist_vol_fallback,put,ATM,0.0,17.25,False,Tesla Inc.,Consumer Disc.,2026-05-01,20.931962070001614,18.36724399190654,20.845437887627014,0.08652418237459969,0.0,3.681962070001614,1.1172439919065411,3.595437887627014,3.681962070001614,1.1172439919065411,3.595437887627014,21.344707652183267,6.4767767646756,20.84311818914211
TSLA260605P00385000,2026-04-30 19:16:17+00:00,385.0,19.35,0.0,0.0,0.0,0.0,14.0,0,1.0000000000000004e-05,True,REGULAR,USD,Put,TSLA,381.6300048828125,0.4748701831761241,0.0,2026-06-05,35,0.0958904109589041,1.008830529764614,0.0,19.35,0.0,0.008830529764614,0.0358500003814697,0.4748701831761241,hist_vol_fallback,put,ATM,3.3699951171875,15.9800048828125,False,Tesla Inc.,Consumer Disc.,2026-05-01,23.58531469006749,20.86252860499024,23.46709380455019,0.11822088551730303,0.0,4.23531469006749,1.5125286049902371,4.117093804550187,4.23531469006749,1.5125286049902371,4.117093804550187,21.88793121481907,7.816685297107168,21.276970566150837
TSLA260605P00375000,2026-04-30 19:55:25+00:00,375.0,15.2,0.0,0.0,0.0,0.0,516.0,0,0.01563484375,False,REGULAR,USD,Put,TSLA,381.6300048828125,0.4748701831761241,0.0,2026-06-05,35,0.0958904109589041,0.9826271393811176,0.0,15.2,0.0,0.0173728606188823,0.0358500003814697,0.01563484375,market_iv,put,ATM,0.0,15.2,False,Tesla Inc.,Consumer Disc.,2026-05-01,2.937224051841335e-06,3.201236324516482e-05,2.8794652462958183e-06,5.7758805545516815e-08,2.9132897998869002e-05,-15.199997062775948,-15.199967987636754,-15.199997120534753,15.199997062775948,15.199967987636754,15.199997120534753,-99.99998067615755,-99.99978939234707,-99.99998105614971
TSLA260605P00390000,2026-04-30 19:36:33+00:00,390.0,22.73,0.0,0.0,0.0,0.0,29.0,0,1.0000000000000004e-05,True,REGULAR,USD,Put,TSLA,381.6300048828125,0.4748701831761241,0.0,2026-06-05,35,0.0958904109589041,1.0219322249563625,0.0,22.73,0.0,0.0219322249563622,0.0358500003814697,0.4748701831761241,hist_vol_fallback,put,ATM,8.3699951171875,14.3600048828125,False,Tesla Inc.,Consumer Disc.,2026-05-01,26.35323253737791,23.527556341409397,26.263153783315374,0.09007875406253518,0.0,3.623232537377909,0.7975563414093969,3.533153783315374,3.623232537377909,0.7975563414093969,3.533153783315374,15.940310327223534,3.5088268429801888,15.544011365223817
TSLA260605P00370000,2026-04-30 19:54:54+00:00,370.0,13.05,0.0,0.0,0.0,0.0,146.0,0,0.0312596875,False,REGULAR,USD,Put,TSLA,381.6300048828125,0.4748701831761241,0.0,2026-06-05,35,0.0958904109589041,0.9695254441893694,0.0,13.05,0.0,0.0304745558106306,0.0358500003814697,0.0312596875,market_iv,put,ITM,0.0,13.05,False,Tesla Inc.,Consumer Disc.,2026-05-01,0.00017230398438944472,0.00048741268150671434,0.0001722390158977738,6.496849167092586e-08,0.00031517366560894055,-13.049827696015612,-13.049512587318494,-13.049827760984103,13.049827696015612,13.049512587318494,13.049827760984103,-99.99867966295487,-99.99626503692333,-99.99868016079772
TSLA260605P00395000,2026-04-30 19:44:01+00:00,395.0,25.95,0.0,0.0,0.0,0.0,12.0,0,1.0000000000000004e-05,True,REGULAR,USD,Put,TSLA,381.6300048828125,0.4748701831761241,0.0,2026-06-05,35,0.0958904109589041,1.0350339201481105,0.0,25.95,0.0,0.0350339201481104,0.0358500003814697,0.4748701831761241,hist_vol_fallback,put,OTM,13.3699951171875,12.5800048828125,False,Tesla Inc.,Consumer Disc.,2026-05-01,29.373324307500802,26.379552523951556,29.229083380249477,0.14424092725132454,0.0,3.4233243075008026,0.42955252395155696,3.279083380249478,3.4233243075008026,0.42955252395155696,3.279083380249478,13.192001184974192,1.6553083774626474,12.636159461462343
TSLA260605P00365000,2026-04-30 19:28:44+00:00,365.0,10.43,0.0,0.0,0.0,0.0,119.0,0,0.0312596875,False,REGULAR,USD,Put,TSLA,381.6300048828125,0.4748701831761241,0.0,2026-06-05,35,0.0958904109589041,0.9564237489976212,0.0,10.43,0.0,0.0435762510023788,0.0358500003814697,0.0312596875,market_iv,put,ITM,0.0,10.43,False,Tesla Inc.,Consumer Disc.,2026-05-01,2.061937334210941e-07,8.577401745844201e-07,2.4146911768266094e-07,0.0,6.162710569017592e-07,-10.429999793806266,-10.429999142259826,-10.429999758530881,10.429999793806266,10.429999142259826,10.429999758530881,-99.99999802307062,-99.99999177622077,-99.99999768485985
TSLA260605P00400000,2026-04-30 19:44:30+00:00,400.0,28.91,0.0,0.0,0.0,0.0,64.0,0,1.0000000000000004e-05,True,REGULAR,USD,Put,TSLA,381.6300048828125,0.4748701831761241,0.0,2026-06-05,35,0.0958904109589041,1.0481356153398589,0.0,28.91,0.0,0.0481356153398588,0.0358500003814697,0.4748701831761241,hist_vol_fallback,put,OTM,18.3699951171875,10.5400048828125,False,Tesla Inc.,Consumer Disc.,2026-05-01,32.515030497570066,29.450671327353778,32.35927727268461,0.1557532248854585,0.0,3.605030497570066,0.5406713273537775,3.4492772726846077,3.605030497570066,0.5406713273537775,3.4492772726846077,12.469839147596216,1.8701879188992652,11.931087072585983
TSLA260605P00360000,2026-04-30 19:59:16+00:00,360.0,9.34,0.0,0.0,0.0,0.0,2494.0,0,0.0312596875,False,REGULAR,USD,Put,TSLA,381.6300048828125,0.4748701831761241,0.0,2026-06-05,35,0.0958904109589041,0.943322053805873,0.0,9.34,0.0,0.056677946194127,0.0358500003814697,0.0312596875,market_iv,put,ITM,0.0,9.34,False,Tesla Inc.,Consumer Disc.,2026-05-01,2.6674351888547453e-11,1.8609114486191102e-10,4.663705169499032e-11,0.0,1.394540931669207e-10,-9.339999999973326,-9.339999999813909,-9.339999999953363,9.339999999973326,9.339999999813909,9.339999999953363,-99.99999999971442,-99.9999999980076,-99.99999999950067
TSLA260605P00405000,2026-04-30 18:39:49+00:00,405.0,32.25,0.0,0.0,0.0,0.0,17.0,0,1.0000000000000004e-05,True,REGULAR,USD,Put,TSLA,381.6300048828125,0.4748701831761241,0.0,2026-06-05,35,0.0958904109589041,1.061237310531607,0.0,32.25,0.0,0.061237310531607,0.0358500003814697,0.4748701831761241,hist_vol_fallback,put,OTM,23.3699951171875,8.8800048828125,False,Tesla Inc.,Consumer Disc.,2026-05-01,35.807040725494865,32.681370468690574,35.647217211579374,0.15982351391549088,0.0,3.557040725494865,0.4313704686905737,3.397217211579374,3.557040725494865,0.4313704686905737,3.397217211579374,11.029583644945317,1.3375828486529417,10.534006857610462
TSLA260605P00355000,2026-04-30 19:58:14+00:00,355.0,7.99,0.0,0.0,0.0,0.0,77.0,0,0.062509375,False,REGULAR,USD,Put,TSLA,381.6300048828125,0.4748701831761241,0.0,2026-06-05,35,0.0958904109589041,0.9302203586141248,0.0,7.99,0.0,0.0697796413858753,0.0358500003814697,0.062509375,market_iv,put,ITM,0.0,7.99,False,Tesla Inc.,Consumer Disc.,2026-05-01,6.929958309423369e-05,0.00012164572114358296,7.399692021682266e-05,0.0,4.76488009267603e-05,-7.989930700416906,-7.989878354278857,-7.989926003079783,7.989930700416906,7.989878354278857,7.989926003079783,-99.99913267105013,-99.99847752539245,-99.99907388084834
TSLA260605P00410000,2026-04-30 15:43:09+00:00,410.0,39.05,0.0,0.0,0.0,0.0,2.0,0,1.0000000000000004e-05,True,REGULAR,USD,Put,TSLA,381.6300048828125,0.4748701831761241,0.0,2026-06-05,35,0.0958904109589041,1.0743390057233553,0.0,39.05,0.0,0.0743390057233552,0.0358500003814697,0.4748701831761241,hist_vol_fallback,put,OTM,28.3699951171875,10.680004882812495,False,Tesla Inc.,Consumer Disc.,2026-05-01,39.292312535972314,36.06957899615014,39.08563607760098,0.20667645837133364,0.0,0.24231253597231728,-2.9804210038498553,0.03563607760098364,0.24231253597231728,2.9804210038498553,0.03563607760098364,0.6205186580597113,-7.632320112291563,0.0912575610780631
TSLA260605P00350000,2026-04-30 19:56:21+00:00,350.0,6.83,0.0,0.0,0.0,0.0,316.0,0,0.062509375,False,REGULAR,USD,Put,TSLA,381.6300048828125,0.4748701831761241,0.0,2026-06-05,35,0.0958904109589041,0.9171186634223764,0.0,6.83,0.0,0.0828813365776235,0.0358500003814697,0.062509375,market_iv,put,ITM,0.0,6.83,False,Tesla Inc.,Consumer Disc.,2026-05-01,2.025620487446297e-06,4.0459631838921365e-06,2.3604897221545093e-06,0.0,1.6854734617376272e-06,-6.829997974379513,-6.829995954036816,-6.829997639510278,6.829997974379513,6.829995954036816,6.829997639510278,-99.99997034230618,-99.99994076188602,-99.99996543938914
TSLA260605P00415000,2026-04-30 14:21:01+00:00,415.0,48.67,0.0,0.0,0.0,0.0,1.0,0,1.0000000000000004e-05,True,REGULAR,USD,Put,TSLA,381.6300048828125,0.4748701831761241,0.0,2026-06-05,35,0.0958904109589041,1.0874407009151037,0.0,48.67,0.0,0.0874407009151034,0.0358500003814697,0.4748701831761241,hist_vol_fallback,put,OTM,33.3699951171875,15.300004882812502,False,Tesla Inc.,Consumer Disc.,2026-05-01,42.856402233132556,39.67384655370471,42.666682583206466,0.18971964992609003,0.0,-5.813597766867446,-8.996153446295288,-6.003317416793536,5.813597766867446,8.996153446295288,6.003317416793536,-11.94493069009132,-18.483980781375156,-12.334738888008086
TSLA260605P00345000,2026-04-30 19:49:54+00:00,345.0,5.75,0.0,0.0,0.0,0.0,76.0,0,0.062509375,False,REGULAR,USD,Put,TSLA,381.6300048828125,0.4748701831761241,0.0,2026-06-05,35,0.0958904109589041,0.9040169682306284,0.0,5.75,0.0,0.0959830317693717,0.0358500003814697,0.062509375,market_iv,put,ITM,0.0,5.75,False,Tesla Inc.,Consumer Disc.,2026-05-01,3.061324037682027e-08,7.616842113749746e-08,4.2957242352328393e-08,0.0,3.3211178785169065e-08,-5.74999996938676,-5.749999923831579,-5.749999957042758,5.74999996938676,5.749999923831579,5.749999957042758,-99.99999946759583,-99.99999867533181,-99.99999925291753
TSLA260605P00420000,2026-04-30 19:57:07+00:00,420.0,44.24,0.0,0.0,0.0,0.0,4.0,0,1.0000000000000004e-05,True,REGULAR,USD,Put,TSLA,381.6300048828125,0.4748701831761241,0.0,2026-06-05,35,0.0958904109589041,1.1005423961068517,0.0,44.24,0.0,0.1005423961068516,0.0358500003814697,0.4748701831761241,hist_vol_fallback,put,OTM,38.3699951171875,5.870004882812502,False,Tesla Inc.,Consumer Disc.,2026-05-01,46.63467106347192,43.420173096691144,46.382081839816465,0.25258922365545544,0.0,2.394671063471918,-0.8198269033088579,2.1420818398164627,2.394671063471918,0.8198269033088579,2.1420818398164627,5.412909275479019,-1.8531349532297872,4.841957142442276
TSLA260605P00340000,2026-04-30 19:47:27+00:00,340.0,4.85,0.0,0.0,0.0,0.0,196.0,0,0.062509375,False,REGULAR,USD,Put,TSLA,381.6300048828125,0.4748701831761241,0.0,2026-06-05,35,0.0958904109589041,0.89091527303888,0.0,4.85,0.0,0.10908472696112,0.0358500003814697,0.062509375,market_iv,put,ITM,0.0,4.85,False,Tesla Inc.,Consumer Disc.,2026-05-01,2.3614493683800704e-10,7.775098962648503e-10,4.320842998676897e-10,0.0,3.454255963971606e-10,-4.849999999763854,-4.84999999922249,-4.849999999567915,4.849999999763854,4.84999999922249,4.849999999567915,-99.99999999513103,-99.99999998396888,-99.99999999109104
TSLA260605P00425000,2026-04-30 13:54:17+00:00,425.0,57.54,0.0,0.0,0.0,0.0,4.0,0,1.0000000000000004e-05,True,REGULAR,USD,Put,TSLA,381.6300048828125,0.4748701831761241,0.0,2026-06-05,35,0.0958904109589041,1.1136440912986,0.0,57.54,0.0,0.1136440912985998,0.0358500003814697,0.4748701831761241,hist_vol_fallback,put,OTM,43.3699951171875,14.1700048828125,False,Tesla Inc.,Consumer Disc.,2026-05-01,50.48771264213131,47.30855802143379,50.223287790948575,0.2644248511827314,0.0,-7.052287357868693,-10.23144197856621,-7.316712209051424,7.052287357868693,10.23144197856621,7.316712209051424,-12.256321442246598,-17.781442437549895,-12.715871061959374
TSLA260605P00335000,2026-04-30 19:43:39+00:00,335.0,3.89,0.0,0.0,0.0,0.0,154.0,0,0.062509375,False,REGULAR,USD,Put,TSLA,381.6300048828125,0.4748701831761241,0.0,2026-06-05,35,0.0958904109589041,0.8778135778471318,0.0,3.89,0.0,0.1221864221528682,0.0358500003814697,0.062509375,market_iv,put,ITM,0.0,3.89,False,Tesla Inc.,Consumer Disc.,2026-05-01,9.26135282351443e-13,3.941267835694766e-12,2.3276531095245444e-12,0.0,1.6136147261702214e-12,-3.889999999999074,-3.889999999996059,-3.8899999999976727,3.889999999999074,3.889999999996059,3.8899999999976727,-99.9999999999762,-99.99999999989868,-99.99999999994017
TSLA260605P00430000,2026-04-30 13:54:17+00:00,430.0,61.98,0.0,0.0,0.0,0.0,2.0,0,1.0000000000000004e-05,True,REGULAR,USD,Put,TSLA,381.6300048828125,0.4748701831761241,0.0,2026-06-05,35,0.0958904109589041,1.1267457864903485,0.0,61.98,0.0,0.1267457864903483,0.0358500003814697,0.4748701831761241,hist_vol_fallback,put,OTM,48.3699951171875,13.610004882812497,False,Tesla Inc.,Consumer Disc.,2026-05-01,54.483649160396865,51.38200508669853,54.18162434335113,0.3020248170457336,0.0,-7.4963508396031315,-10.59799491330147,-7.798375656648865,7.4963508396031315,10.59799491330147,7.798375656648865,-12.094789996132835,-17.099056007262778,-12.582083989430245
JPM260522C00315000,2026-04-30 19:36:06+00:00,315.0,6.99,0.0,0.0,0.0,0.0,64.0,0,0.007822421875,False,REGULAR,USD,Call,JPM,313.2300109863281,0.2118136859424178,0.0188359984454284,2026-05-22,21,0.0575342465753424,1.0056507644593131,0.0,6.99,0.0,0.0056507644593133,0.0358500003814697,0.2118136859424178,hist_vol_fallback,call,ATM,0.0,6.99,False,JPMorgan Chase & Co.,Financials,2026-05-01,5.655361287167156,5.869989786845907,5.652585427343723,0.002775859823432647,0.21740435950218373,-1.3346387128328443,-1.1200102131540932,-1.337414572656277,1.3346387128328443,1.1200102131540932,1.337414572656277,-19.093543817351133,-16.023035953563564,-19.133255688931
JPM260522C00310000,2026-04-30 14:38:17+00:00,310.0,9.8,0.0,0.0,0.0,0.0,4.0,0,1.0000000000000004e-05,True,REGULAR,USD,Call,JPM,313.2300109863281,0.2118136859424178,0.0188359984454284,2026-05-22,21,0.0575342465753424,0.9896880539123402,0.0,9.8,0.0,0.0103119460876598,0.0358500003814697,0.2118136859424178,hist_vol_fallback,call,ATM,3.230010986328125,6.569989013671876,False,JPMorgan Chase & Co.,Financials,2026-05-01,8.234086392289695,8.51311998784134,8.226707233239779,0.007379159049916595,0.286412754601562,-1.5659136077103053,-1.2868800121586599,-1.573292766760222,1.5659136077103053,1.2868800121586599,1.573292766760222,-15.978710282758216,-13.131428695496528,-16.054007824083897
JPM260522C00320000,2026-04-30 16:58:51+00:00,320.0,4.38,0.0,0.0,0.0,0.0,18.0,0,0.01563484375,False,REGULAR,USD,Call,JPM,313.2300109863281,0.2118136859424178,0.0188359984454284,2026-05-22,21,0.0575342465753424,1.0216134750062866,0.0,4.38,0.0,0.0216134750062866,0.0358500003814697,0.01563484375,market_iv,call,ATM,0.0,4.38,False,JPMorgan Chase & Co.,Financials,2026-05-01,3.3279369627541914e-09,6.937064396565049e-10,5.440203303924126e-09,0.0,0.0,-4.379999996672063,-4.3799999993062935,-4.379999994559797,4.379999996672063,4.3799999993062935,4.379999994559797,-99.9999999240197,-99.99999998416196,-99.99999987579446
JPM260522C00305000,2026-04-30 14:55:48+00:00,305.0,12.98,0.0,0.0,0.0,0.0,1.0,0,1.0000000000000004e-05,True,REGULAR,USD,Call,JPM,313.2300109863281,0.2118136859424178,0.0188359984454284,2026-05-22,21,0.0575342465753424,0.9737253433653668,0.0,12.98,0.0,0.0262746566346331,0.0358500003814697,0.2118136859424178,hist_vol_fallback,call,ATM,8.230010986328125,4.749989013671875,False,JPMorgan Chase & Co.,Financials,2026-05-01,11.419442008890552,11.760575670255125,11.415436781479286,0.004005227411266077,0.3451388887758391,-1.560557991109448,-1.219424329744875,-1.5645632185207141,1.560557991109448,1.219424329744875,1.5645632185207141,-12.022788837515009,-9.39464044487577,-12.053645751315209
JPM260522C00325000,2026-04-30 19:36:55+00:00,325.0,2.76,0.0,0.0,0.0,0.0,75.0,0,0.0312596875,False,REGULAR,USD,Call,JPM,313.2300109863281,0.2118136859424178,0.0188359984454284,2026-05-22,21,0.0575342465753424,1.03757618555326,0.0,2.76,0.0,0.0375761855532599,0.0358500003814697,0.0312596875,market_iv,call,ITM,0.0,2.76,True,JPMorgan Chase & Co.,Financials,2026-05-01,2.959482347751547e-07,1.619418847804585e-07,3.875443140155944e-07,0.0,0.0,-2.759999704051765,-2.759999838058115,-2.759999612455686,2.759999704051765,2.759999838058115,2.759999612455686,-99.99998927723787,-99.99999413254041,-99.99998595853936
JPM260522C00300000,2026-04-30 18:35:19+00:00,300.0,16.98,0.0,0.0,0.0,0.0,3.0,0,1.0000000000000004e-05,True,REGULAR,USD,Call,JPM,313.2300109863281,0.2118136859424178,0.0188359984454284,2026-05-22,21,0.0575342465753424,0.9577626328183936,0.0,16.98,0.0,0.0422373671816063,0.0358500003814697,0.2118136859424178,hist_vol_fallback,call,OTM,13.230010986328123,3.749989013671875,False,JPMorgan Chase & Co.,Financials,2026-05-01,15.155664437195657,15.554501227032565,15.161952988842529,0.0,0.39254823819003626,-1.8243355628043432,-1.425498772967435,-1.8180470111574714,1.8243355628043432,1.425498772967435,1.8180470111574714,-10.74402569378294,-8.395163562823528,-10.706990642859077
JPM260522C00330000,2026-04-30 19:57:27+00:00,330.0,1.57,0.0,0.0,0.0,0.0,5.0,0,0.062509375,False,REGULAR,USD,Call,JPM,313.2300109863281,0.2118136859424178,0.0188359984454284,2026-05-22,21,0.0575342465753424,1.053538896100233,0.0,1.57,0.0,0.0535388961002329,0.0358500003814697,0.062509375,market_iv,call,ITM,0.0,1.57,True,JPMorgan Chase & Co.,Financials,2026-05-01,0.0003736246533048048,0.00030680118579422646,0.00039623176648406755,0.0,0.0,-1.5696263753466952,-1.5696931988142058,-1.569603768233516,1.5696263753466952,1.5696931988142058,1.569603768233516,-99.97620225138186,-99.98045852319781,-99.97476230786727
JPM260522C00295000,2026-04-29 14:43:36+00:00,295.0,18.55,0.0,0.0,0.0,0.0,45.0,0,1.0000000000000004e-05,True,REGULAR,USD,Call,JPM,313.2300109863281,0.2118136859424178,0.0188359984454284,2026-05-22,21,0.0575342465753424,0.9417999222714204,0.0,18.55,0.0,0.0582000777285796,0.0358500003814697,0.2118136859424178,hist_vol_fallback,call,OTM,18.230010986328125,0.3199890136718757,False,JPMorgan Chase & Co.,Financials,2026-05-01,19.36562242057379,19.801942174211632,19.364395289832146,0.0012271307416433785,0.4375468843794863,0.8156224205737885,1.2519421742116315,0.8143952898321452,0.8156224205737885,1.2519421742116315,0.8143952898321452,4.396886364279183,6.749014416235209,4.390271104216416
JPM260522C00335000,2026-04-30 19:27:10+00:00,335.0,0.83,0.0,0.0,0.0,0.0,34.0,0,0.062509375,False,REGULAR,USD,Call,JPM,313.2300109863281,0.2118136859424178,0.0188359984454284,2026-05-22,21,0.0575342465753424,1.0695016066472065,0.0,0.83,0.0,0.0695016066472062,0.0358500003814697,0.062509375,market_iv,call,ITM,0.0,0.83,True,JPMorgan Chase & Co.,Financials,2026-05-01,4.246321476581763e-06,3.632678561827664e-06,5.058703753606881e-06,0.0,0.0,-0.8299957536785234,-0.8299963673214381,-0.8299949412962464,0.8299957536785234,0.8299963673214381,0.8299949412962464,-99.99948839500283,-99.99956232788412,-99.99939051762006
JPM260522C00290000,2026-04-30 15:02:36+00:00,290.0,25.05,0.0,0.0,0.0,0.0,1.0,0,1.0000000000000004e-05,True,REGULAR,USD,Call,JPM,313.2300109863281,0.2118136859424178,0.0188359984454284,2026-05-22,21,0.0575342465753424,0.9258372117244472,0.0,25.05,0.0,0.0741627882755527,0.0358500003814697,0.2118136859424178,hist_vol_fallback,call,OTM,23.230010986328125,1.819989013671876,False,JPMorgan Chase & Co.,Financials,2026-05-01,23.90054732123115,24.36561543084413,23.900781455302308,0.0,0.46483397554182204,-1.1494526787688493,-0.6843845691558705,-1.1492185446976926,1.1494526787688493,0.6843845691558705,1.1492185446976926,-4.5886334481790385,-2.7320741283667482,-4.587698781228314
JPM260522C00340000,2026-04-29 14:34:28+00:00,340.0,0.36,0.0,0.0,0.0,0.0,6.0,0,0.062509375,False,REGULAR,USD,Call,JPM,313.2300109863281,0.2118136859424178,0.0188359984454284,2026-05-22,21,0.0575342465753424,1.0854643171941796,0.0,0.36,0.0,0.0854643171941795,0.0358500003814697,0.062509375,market_iv,call,ITM,0.0,0.36,True,JPMorgan Chase & Co.,Financials,2026-05-01,1.8630749215529366e-08,1.820787553407033e-08,2.7685904417090322e-08,0.0,0.0,-0.35999998136925077,-0.35999998179212445,-0.3599999723140956,0.35999998136925077,0.35999998179212445,0.3599999723140956,-99.99999482479188,-99.99999494225679,-99.999992309471
JPM260522C00285000,2026-04-16 19:20:30+00:00,285.0,26.95,0.0,0.0,0.0,0.0,3.0,0,1.0000000000000004e-05,True,REGULAR,USD,Call,JPM,313.2300109863281,0.2118136859424178,0.0188359984454284,2026-05-22,21,0.0575342465753424,0.909874501177474,0.0,26.95,0.0,0.0901254988225259,0.0358500003814697,0.2118136859424178,hist_vol_fallback,call,OTM,28.230010986328125,0.0,False,JPMorgan Chase & Co.,Financials,2026-05-01,28.653620647295522,29.136022990438985,28.65517480930589,0.0,0.48084818113309424,1.7036206472955229,2.1860229904389854,1.7051748093058912,1.7036206472955229,2.1860229904389854,1.7051748093058912,6.3214124203915505,8.111402561925734,6.32717925530943
JPM260522C00345000,2026-04-29 18:02:21+00:00,345.0,0.29,0.0,0.0,0.0,0.0,1.0,0,0.062509375,False,REGULAR,USD,Call,JPM,313.2300109863281,0.2118136859424178,0.0188359984454284,2026-05-22,21,0.0575342465753424,1.1014270277411526,0.0,0.29,0.0,0.1014270277411526,0.0358500003814697,0.062509375,market_iv,call,ITM,0.0,0.29,True,JPMorgan Chase & Co.,Financials,2026-05-01,3.040223725421061e-11,3.96640094656831e-11,6.622625887090878e-11,0.0,0.0,-0.28999999996959774,-0.289999999960336,-0.28999999993377373,0.28999999996959774,0.289999999960336,0.28999999993377373,-99.99999998951648,-99.99999998632276,-99.99999997716337
JPM260522C00280000,2026-04-27 15:47:15+00:00,280.0,32.55,0.0,0.0,0.0,0.0,10.0,0,1.0000000000000004e-05,True,REGULAR,USD,Call,JPM,313.2300109863281,0.2118136859424178,0.0188359984454284,2026-05-22,21,0.0575342465753424,0.8939117906305007,0.0,32.55,0.0,0.1060882093694992,0.0358500003814697,0.2118136859424178,hist_vol_fallback,call,OTM,33.230010986328125,0.0,False,JPMorgan Chase & Co.,Financials,2026-05-01,33.535285661053834,34.02547703525371,33.53569611873945,0.0,0.48978091651425615,0.9852856610538367,1.4754770352537108,0.9856961187394546,0.9852856610538367,1.4754770352537108,0.9856961187394546,3.0269912781991914,4.532955561455333,3.0282522849138394
JPM260522C00350000,2026-04-28 13:54:08+00:00,350.0,0.15,0.0,0.0,0.0,0.0,4.0,0,0.12500875,False,REGULAR,USD,Call,JPM,313.2300109863281,0.2118136859424178,0.0188359984454284,2026-05-22,21,0.0575342465753424,1.117389738288126,0.0,0.15,0.0,0.1173897382881259,0.0358500003814697,0.12500875,market_iv,call,ITM,0.0,0.15,True,JPMorgan Chase & Co.,Financials,2026-05-01,0.0002653639074619461,0.000275200679231756,0.00029207953939568154,0.0,0.0,-0.14973463609253804,-0.14972479932076824,-0.14970792046060433,0.14973463609253804,0.14972479932076824,0.14970792046060433,-99.8230907283587,-99.81653288051217,-99.80528030706955
JPM260522C00275000,2026-04-27 15:03:23+00:00,275.0,37.15,0.0,0.0,0.0,0.0,1.0,0,1.0000000000000004e-05,True,REGULAR,USD,Call,JPM,313.2300109863281,0.2118136859424178,0.0188359984454284,2026-05-22,21,0.0575342465753424,0.8779490800835276,0.0,37.15,0.0,0.1220509199164724,0.0358500003814697,0.2118136859424178,hist_vol_fallback,call,OTM,38.230010986328125,0.0,False,JPMorgan Chase & Co.,Financials,2026-05-01,38.47985786214355,38.97503467539494,38.48049630505636,0.0,0.4945383703385744,1.3298578621435482,1.8250346753949387,1.3304963050563643,1.3298578621435482,1.8250346753949387,1.3304963050563643,3.579698148434854,4.912610162570495,3.581416702708921
JPM260522C00270000,2026-04-22 16:07:54+00:00,270.0,44.62,0.0,0.0,0.0,0.0,1.0,0,1.0000000000000004e-05,True,REGULAR,USD,Call,JPM,313.2300109863281,0.2118136859424178,0.0188359984454284,2026-05-22,21,0.0575342465753424,0.8619863695365543,0.0,44.62,0.0,0.1380136304634457,0.0358500003814697,0.2118136859424178,hist_vol_fallback,call,OTM,43.230010986328125,1.3899890136718724,False,JPMorgan Chase & Co.,Financials,2026-05-01,43.45377752254557,43.950408239279675,43.45396803248752,0.0,0.4964402067921512,-1.1662224774544256,-0.6695917607203228,-1.166031967512474,1.1662224774544256,0.6695917607203228,1.166031967512474,-2.6136765518924827,-1.5006538787994685,-2.613249591018543
JPM260522P00315000,2026-04-29 19:07:12+00:00,315.0,10.26,0.0,0.0,0.0,0.0,9.0,0,1.0000000000000004e-05,True,REGULAR,USD,Put,JPM,313.2300109863281,0.2118136859424178,0.0188359984454284,2026-05-22,21,0.0575342465753424,1.0056507644593131,0.0,10.26,0.0,0.0056507644593133,0.0358500003814697,0.2118136859424178,hist_vol_fallback,put,ATM,1.769989013671875,8.490010986328125,True,JPMorgan Chase & Co.,Financials,2026-05-01,7.138076000511056,6.897170219749335,7.112792354220289,0.025283646290766626,0.0,-3.121923999488944,-3.3628297802506646,-3.1472076457797105,3.121923999488944,3.3628297802506646,3.1472076457797105,-30.428109156812315,-32.77611871589342,-30.674538457891913
JPM260522P00310000,2026-04-30 19:36:06+00:00,310.0,5.4,0.0,0.0,0.0,0.0,4.0,0,0.007822421875,False,REGULAR,USD,Put,JPM,313.2300109863281,0.2118136859424178,0.0188359984454284,2026-05-22,21,0.0575342465753424,0.9896880539123402,0.0,5.4,0.0,0.0103119460876598,0.0358500003814697,0.2118136859424178,hist_vol_fallback,put,ATM,0.0,5.4,True,JPMorgan Chase & Co.,Financials,2026-05-01,4.71764391124114,4.522773119618433,4.697216545408054,0.020427365833086242,0.0,-0.6823560887588602,-0.877226880381567,-0.7027834545919465,0.6823560887588602,0.877226880381567,0.7027834545919465,-12.63622386590482,-16.244942229288277,-13.014508418369378
JPM260522P00320000,2026-04-30 18:29:50+00:00,320.0,10.05,0.0,0.0,0.0,0.0,11.0,0,1.0000000000000004e-05,True,REGULAR,USD,Put,JPM,313.2300109863281,0.2118136859424178,0.0188359984454284,2026-05-22,21,0.0575342465753424,1.0216134750062866,0.0,10.05,0.0,0.0216134750062866,0.0358500003814697,0.2118136859424178,hist_vol_fallback,put,ATM,6.769989013671875,3.2800109863281257,True,JPMorgan Chase & Co.,Financials,2026-05-01,10.172056453627695,9.915366794500596,10.14123469805466,0.030821755573034793,0.0,0.12205645362769424,-0.13463320549940505,0.09123469805465945,0.12205645362769424,0.13463320549940505,0.09123469805465945,1.214492075897455,-1.3396338855662193,0.9078079408423825
JPM260522P00305000,2026-04-30 19:56:40+00:00,305.0,3.68,0.0,0.0,0.0,0.0,33.0,0,0.0312596875,False,REGULAR,USD,Put,JPM,313.2300109863281,0.2118136859424178,0.0188359984454284,2026-05-22,21,0.0575342465753424,0.9737253433653668,0.0,3.68,0.0,0.0262746566346331,0.0358500003814697,0.0312596875,market_iv,put,ATM,0.0,3.68,True,JPMorgan Chase & Co.,Financials,2026-05-01,5.979828102749406e-05,9.264905681519892e-05,6.473529211283024e-05,0.0,2.7913764702368677e-05,-3.679940201718973,-3.6799073509431848,-3.679935264707887,3.679940201718973,3.6799073509431848,3.679935264707887,-99.99837504671122,-99.99748236258654,-99.99824088880128
JPM260522P00325000,2026-04-23 19:23:14+00:00,325.0,15.97,0.0,0.0,0.0,0.0,1.0,0,1.0000000000000004e-05,True,REGULAR,USD,Put,JPM,313.2300109863281,0.2118136859424178,0.0188359984454284,2026-05-22,21,0.0575342465753424,1.03757618555326,0.0,15.97,0.0,0.0375761855532599,0.0358500003814697,0.2118136859424178,hist_vol_fallback,put,OTM,11.769989013671877,4.200010986328126,True,JPMorgan Chase & Co.,Financials,2026-05-01,13.781126318345802,13.502457981136498,13.72524857791231,0.05587774043349114,0.0,-2.188873681654199,-2.4675420188635027,-2.24475142208769,2.188873681654199,2.4675420188635027,2.24475142208769,-13.706159559512828,-15.45110844623358,-14.056051484581653
JPM260522P00300000,2026-04-30 19:56:40+00:00,300.0,2.49,0.0,0.0,0.0,0.0,70.0,0,0.0312596875,False,REGULAR,USD,Put,JPM,313.2300109863281,0.2118136859424178,0.0188359984454284,2026-05-22,21,0.0575342465753424,0.9577626328183936,0.0,2.49,0.0,0.0422373671816063,0.0358500003814697,0.0312596875,market_iv,put,ITM,0.0,2.49,True,JPMorgan Chase & Co.,Financials,2026-05-01,4.530273492303971e-10,1.1109932131573012e-09,7.31671787305432e-10,0.0,3.793214258518692e-10,-2.489999999546973,-2.489999998889007,-2.4899999992683286,2.489999999546973,2.489999998889007,2.4899999992683286,-99.99999998180613,-99.9999999553818,-99.99999997061559
JPM260522P00330000,2026-04-13 17:12:24+00:00,330.0,20.85,0.0,0.0,0.0,0.0,10.0,0,1.0000000000000004e-05,True,REGULAR,USD,Put,JPM,313.2300109863281,0.2118136859424178,0.0188359984454284,2026-05-22,21,0.0575342465753424,1.053538896100233,0.0,20.85,0.0,0.0535388961002329,0.0358500003814697,0.2118136859424178,hist_vol_fallback,put,OTM,16.769989013671875,4.080010986328126,True,JPMorgan Chase & Co.,Financials,2026-05-01,17.854634030918216,17.59377317410547,17.769076814205505,0.08555721671271144,0.0,-2.995365969081785,-3.256226825894533,-3.0809231857944965,2.995365969081785,3.256226825894533,3.0809231857944965,-14.366263640680025,-15.617394848415026,-14.776610003810534
JPM260522P00295000,2026-04-30 19:57:12+00:00,295.0,1.74,0.0,0.0,0.0,0.0,35.0,0,0.062509375,False,REGULAR,USD,Put,JPM,313.2300109863281,0.2118136859424178,0.0188359984454284,2026-05-22,21,0.0575342465753424,0.9417999222714204,0.0,1.74,0.0,0.0582000777285796,0.0358500003814697,0.062509375,market_iv,put,ITM,0.0,1.74,True,JPMorgan Chase & Co.,Financials,2026-05-01,2.1777546576642272e-05,2.8393896901468653e-05,2.4386564621981487e-05,0.0,4.007332279487166e-06,-1.7399782224534233,-1.7399716061030985,-1.739975613435378,1.7399782224534233,1.7399716061030985,1.739975613435378,-99.9987484168634,-99.99836816684474,-99.99859847329759
JPM260522P00335000,2026-04-08 18:59:43+00:00,335.0,29.08,0.0,0.0,0.0,0.0,0.0,0,1.0000000000000004e-05,True,REGULAR,USD,Put,JPM,313.2300109863281,0.2118136859424178,0.0188359984454284,2026-05-22,21,0.0575342465753424,1.0695016066472065,0.0,29.08,0.0,0.0695016066472062,0.0358500003814697,0.2118136859424178,hist_vol_fallback,put,OTM,21.769989013671875,7.310010986328123,True,JPMorgan Chase & Co.,Financials,2026-05-01,22.28327829744518,22.064525295447464,22.16176954552793,0.12150875191724708,0.0,-6.7967217025548194,-7.015474704552535,-6.9182304544720665,6.7967217025548194,7.015474704552535,6.9182304544720665,-23.37249553835908,-24.12474107480239,-23.79033856420931
JPM260522P00290000,2026-04-30 19:52:07+00:00,290.0,1.17,0.0,0.0,0.0,0.0,40.0,0,0.062509375,False,REGULAR,USD,Put,JPM,313.2300109863281,0.2118136859424178,0.0188359984454284,2026-05-22,21,0.0575342465753424,0.9258372117244472,0.0,1.17,0.0,0.0741627882755527,0.0358500003814697,0.062509375,market_iv,put,ITM,0.0,1.17,True,JPMorgan Chase & Co.,Financials,2026-05-01,5.788867740299629e-08,8.912885607754279e-08,7.896964013719349e-08,0.0,1.01592159403493e-08,-1.1699999421113225,-1.1699999108711439,-1.1699999210303598,1.1699999421113225,1.1699999108711439,1.1699999210303598,-99.99999505224979,-99.99999238214905,-99.9999932504581
JPM260522P00285000,2026-04-30 19:41:59+00:00,285.0,0.85,0.0,0.0,0.0,0.0,37.0,0,0.062509375,False,REGULAR,USD,Put,JPM,313.2300109863281,0.2118136859424178,0.0188359984454284,2026-05-22,21,0.0575342465753424,0.909874501177474,0.0,0.85,0.0,0.0901254988225259,0.0358500003814697,0.062509375,market_iv,put,ITM,0.0,0.85,True,JPMorgan Chase & Co.,Financials,2026-05-01,3.262184049543802e-11,7.735378864111442e-11,6.579684230579192e-11,0.0,1.1556946335322507e-11,-0.8499999999673782,-0.8499999999226462,-0.8499999999342032,0.8499999999673782,0.8499999999226462,0.8499999999342032,-99.99999999616213,-99.99999999089955,-99.9999999922592
JPM260522P00280000,2026-04-30 19:01:08+00:00,280.0,0.58,0.0,0.0,0.0,0.0,8.0,0,0.12500875,False,REGULAR,USD,Put,JPM,313.2300109863281,0.2118136859424178,0.0188359984454284,2026-05-22,21,0.0575342465753424,0.8939117906305007,0.0,0.58,0.0,0.1060882093694992,0.0358500003814697,0.12500875,market_iv,put,ITM,0.0,0.58,True,JPMorgan Chase & Co.,Financials,2026-05-01,0.00015671207810957172,0.00016514751956325246,0.00016936607188593536,0.0,0.0,-0.5798432879218904,-0.5798348524804368,-0.5798306339281141,0.5798432879218904,0.5798348524804368,0.5798306339281141,-99.97298067618802,-99.97152628973048,-99.97079895312312
JPM260522P00350000,2026-04-13 19:05:15+00:00,350.0,38.75,0.0,0.0,0.0,0.0,0.0,0,1.0000000000000004e-05,True,REGULAR,USD,Put,JPM,313.2300109863281,0.2118136859424178,0.0188359984454284,2026-05-22,21,0.0575342465753424,1.117389738288126,0.0,38.75,0.0,0.1173897382881259,0.0358500003814697,0.2118136859424178,hist_vol_fallback,put,OTM,36.76998901367188,1.980010986328125,True,JPMorgan Chase & Co.,Financials,2026-05-01,36.769989013671875,36.769989013671875,36.47859034184228,0.29139867182959733,0.29139867182959733,-1.980010986328125,-1.980010986328125,-2.2714096581577223,1.980010986328125,1.980010986328125,2.2714096581577223,-5.109705771169355,-5.109705771169355,-5.861702343632832
JPM260522P00275000,2026-04-30 19:33:30+00:00,275.0,0.4,0.0,0.0,0.0,0.0,8.0,0,0.12500875,False,REGULAR,USD,Put,JPM,313.2300109863281,0.2118136859424178,0.0188359984454284,2026-05-22,21,0.0575342465753424,0.8779490800835276,0.0,0.4,0.0,0.1220509199164724,0.0358500003814697,0.12500875,market_iv,put,ITM,0.0,0.4,True,JPMorgan Chase & Co.,Financials,2026-05-01,9.664995866786392e-06,1.0825135976634968e-05,1.1232744208971267e-05,0.0,0.0,-0.3999903350041332,-0.3999891748640234,-0.3999887672557911,0.3999903350041332,0.3999891748640234,0.3999887672557911,-99.9975837510333,-99.99729371600586,-99.99719181394777
JPM260522P00270000,2026-04-28 19:35:17+00:00,270.0,0.44,0.0,0.0,0.0,0.0,5.0,0,0.12500875,False,REGULAR,USD,Put,JPM,313.2300109863281,0.2118136859424178,0.0188359984454284,2026-05-22,21,0.0575342465753424,0.8619863695365543,0.0,0.44,0.0,0.1380136304634457,0.0358500003814697,0.12500875,market_iv,put,ITM,0.0,0.44,True,JPMorgan Chase & Co.,Financials,2026-05-01,3.63361604762506e-07,4.779798694147477e-07,5.025662601906367e-07,0.0,0.0,-0.43999963663839525,-0.4399995220201306,-0.43999949743373984,0.43999963663839525,0.4399995220201306,0.43999949743373984,-99.9999174178171,-99.99989136821151,-99.99988578039542
JPM260522P00360000,2026-04-08 19:00:50+00:00,360.0,52.97,0.0,0.0,0.0,0.0,0.0,0,1.0000000000000004e-05,True,REGULAR,USD,Put,JPM,313.2300109863281,0.2118136859424178,0.0188359984454284,2026-05-22,21,0.0575342465753424,1.1493151593820723,0.0,52.97,0.0,0.1493151593820725,0.0358500003814697,0.2118136859424178,hist_vol_fallback,put,OTM,46.76998901367188,6.200010986328124,True,JPMorgan Chase & Co.,Financials,2026-05-01,46.769989013671875,46.769989013671875,46.38439862361349,0.3855903900583826,0.3855903900583826,-6.200010986328124,-6.200010986328124,-6.5856013763865064,6.200010986328124,6.200010986328124,6.5856013763865064,-11.704759271905086,-11.704759271905086,-12.432700351871826
JPM260529C00315000,2026-04-30 19:56:43+00:00,315.0,7.9,0.0,0.0,0.0,0.0,61.0,0,0.0039162109375,False,REGULAR,USD,Call,JPM,313.2300109863281,0.2118136859424178,0.0188359984454284,2026-05-29,28,0.0767123287671232,1.0056507644593131,0.0,7.9,0.0,0.0056507644593133,0.0358500003814697,0.2118136859424178,hist_vol_fallback,call,ATM,0.0,7.9,False,JPMorgan Chase & Co.,Financials,2026-05-01,6.683339874876301,6.977652345498515,6.676571525882309,0.006768348993992035,0.3010808196162058,-1.216660125123699,-0.9223476545014853,-1.223428474117691,1.216660125123699,0.9223476545014853,1.223428474117691,-15.400761077515176,-11.675286765841584,-15.486436381236595
JPM260529C00310000,2026-04-30 19:58:58+00:00,310.0,10.7,0.0,0.0,0.0,0.0,22.0,0,1.0000000000000004e-05,True,REGULAR,USD,Call,JPM,313.2300109863281,0.2118136859424178,0.0188359984454284,2026-05-29,28,0.0767123287671232,0.9896880539123402,0.0,10.7,0.0,0.0103119460876598,0.0358500003814697,0.2118136859424178,hist_vol_fallback,call,ATM,3.230010986328125,7.469989013671874,False,JPMorgan Chase & Co.,Financials,2026-05-01,9.239173059145315,9.612253611946148,9.23487568533244,0.004297373812875094,0.3773779266137076,-1.460826940854684,-1.0877463880538514,-1.465124314667559,1.460826940854684,1.0877463880538514,1.465124314667559,-13.652588232286767,-10.165854093961228,-13.69275060436971
JPM260529C00320000,2026-04-30 19:55:29+00:00,320.0,5.5,0.0,0.0,0.0,0.0,56.0,0,0.01563484375,False,REGULAR,USD,Call,JPM,313.2300109863281,0.2118136859424178,0.0188359984454284,2026-05-29,28,0.0767123287671232,1.0216134750062866,0.0,5.5,0.0,0.0216134750062866,0.0358500003814697,0.01563484375,market_iv,call,ATM,0.0,5.5,False,JPMorgan Chase & Co.,Financials,2026-05-01,3.566213012120217e-07,6.333933542792189e-08,4.826111944733957e-07,0.0,0.0,-5.499999643378699,-5.4999999366606644,-5.499999517388805,5.499999643378699,5.4999999366606644,5.499999517388805,-99.99999351597634,-99.99999884837571,-99.99999122525101
JPM260529C00305000,2026-04-30 19:46:11+00:00,305.0,13.92,0.0,0.0,0.0,0.0,2.0,0,1.0000000000000004e-05,True,REGULAR,USD,Call,JPM,313.2300109863281,0.2118136859424178,0.0188359984454284,2026-05-29,28,0.0767123287671232,0.9737253433653668,0.0,13.92,0.0,0.0262746566346331,0.0358500003814697,0.2118136859424178,hist_vol_fallback,call,ATM,8.230010986328125,5.689989013671875,False,JPMorgan Chase & Co.,Financials,2026-05-01,12.33088431663358,12.774261903029895,12.328919423300363,0.001964893333218143,0.44534247972953267,-1.589115683366419,-1.1457380969701045,-1.5910805766996372,1.589115683366419,1.1457380969701045,1.5910805766996372,-11.416060943724275,-8.230877133405922,-11.430176556750267
JPM260529C00325000,2026-04-30 19:29:50+00:00,325.0,3.6,0.0,0.0,0.0,0.0,100.0,0,0.0312596875,False,REGULAR,USD,Call,JPM,313.2300109863281,0.2118136859424178,0.0188359984454284,2026-05-29,28,0.0767123287671232,1.03757618555326,0.0,3.6,0.0,0.0375761855532599,0.0358500003814697,0.0312596875,market_iv,call,ITM,0.0,3.6,True,JPMorgan Chase & Co.,Financials,2026-05-01,1.0141914199555553e-05,5.154562277628287e-06,1.2042485357497551e-05,0.0,0.0,-3.5999898580858005,-3.5999948454377226,-3.5999879575146427,3.5999898580858005,3.5999948454377226,3.5999879575146427,-99.99971828016112,-99.99985681771452,-99.99966548651786
JPM260529C00300000,2026-04-30 14:22:08+00:00,300.0,16.98,0.0,0.0,0.0,0.0,23.0,0,1.0000000000000004e-05,True,REGULAR,USD,Call,JPM,313.2300109863281,0.2118136859424178,0.0188359984454284,2026-05-29,28,0.0767123287671232,0.9577626328183936,0.0,16.98,0.0,0.0422373671816063,0.0358500003814697,0.2118136859424178,hist_vol_fallback,call,OTM,13.230010986328123,3.749989013671875,False,JPMorgan Chase & Co.,Financials,2026-05-01,15.923800060963263,16.423284715755162,15.92319581034127,0.0006042506219934296,0.5000889054138931,-1.0561999390367376,-0.556715284244838,-1.056804189658731,1.0561999390367376,0.556715284244838,1.056804189658731,-6.220258769356523,-3.2786530285326148,-6.223817371370618
JPM260529C00330000,2026-04-30 19:22:18+00:00,330.0,2.24,0.0,0.0,0.0,0.0,66.0,0,0.0312596875,False,REGULAR,USD,Call,JPM,313.2300109863281,0.2118136859424178,0.0188359984454284,2026-05-29,28,0.0767123287671232,1.053538896100233,0.0,2.24,0.0,0.0535388961002329,0.0358500003814697,0.0312596875,market_iv,call,ITM,0.0,2.24,True,JPMorgan Chase & Co.,Financials,2026-05-01,5.322475161544208e-10,2.694773422140001e-10,9.595853272972433e-10,0.0,0.0,-2.2399999994677526,-2.239999999730523,-2.239999999040415,2.2399999994677526,2.239999999730523,2.239999999040415,-99.99999997623895,-99.99999998796977,-99.99999995716136
JPM260529C00295000,2026-04-29 16:35:11+00:00,295.0,17.93,0.0,0.0,0.0,0.0,42.0,0,1.0000000000000004e-05,True,REGULAR,USD,Call,JPM,313.2300109863281,0.2118136859424178,0.0188359984454284,2026-05-29,28,0.0767123287671232,0.9417999222714204,0.0,17.93,0.0,0.0582000777285796,0.0358500003814697,0.2118136859424178,hist_vol_fallback,call,OTM,18.230010986328125,0.0,False,JPMorgan Chase & Co.,Financials,2026-05-01,19.94934195344725,20.5094937515976,19.949167554793235,0.00017439865401414067,0.5603261968043647,2.019341953447249,2.5794937515975995,2.019167554793235,2.019341953447249,2.5794937515975995,2.019167554793235,11.262364492176514,14.38646821861461,11.261391828183129
JPM260529C00335000,2026-04-30 19:10:07+00:00,335.0,1.07,0.0,0.0,0.0,0.0,27.0,0,0.062509375,False,REGULAR,USD,Call,JPM,313.2300109863281,0.2118136859424178,0.0188359984454284,2026-05-29,28,0.0767123287671232,1.0695016066472065,0.0,1.07,0.0,0.0695016066472062,0.0358500003814697,0.062509375,market_iv,call,ITM,0.0,1.07,True,JPMorgan Chase & Co.,Financials,2026-05-01,8.458522869722255e-05,6.674068182740672e-05,9.302361745828006e-05,0.0,0.0,-1.0699154147713028,-1.0699332593181727,-1.0699069763825417,1.0699154147713028,1.0699332593181727,1.0699069763825417,-99.9920948384395,-99.99376255310025,-99.99130620397587
JPM260529C00290000,2026-04-13 14:06:32+00:00,290.0,24.02,0.0,0.0,0.0,0.0,0.0,0,1.0000000000000004e-05,True,REGULAR,USD,Call,JPM,313.2300109863281,0.2118136859424178,0.0188359984454284,2026-05-29,28,0.0767123287671232,0.9258372117244472,0.0,24.02,0.0,0.0741627882755527,0.0358500003814697,0.2118136859424178,hist_vol_fallback,call,OTM,23.230010986328125,0.7899890136718746,False,JPMorgan Chase & Co.,Financials,2026-05-01,24.318281798718026,24.917280405643552,24.318140266512955,0.00014153220507040487,0.599140139130597,0.2982817987180262,0.8972804056435528,0.2981402665129558,0.2982817987180262,0.8972804056435528,0.2981402665129558,1.2418059896670532,3.735555394019787,1.241216763168009
JPM260529C00340000,2026-04-30 19:59:43+00:00,340.0,0.72,0.0,0.0,0.0,0.0,46.0,0,0.062509375,False,REGULAR,USD,Call,JPM,313.2300109863281,0.2118136859424178,0.0188359984454284,2026-05-29,28,0.0767123287671232,1.0854643171941796,0.0,0.72,0.0,0.0854643171941795,0.0358500003814697,0.062509375,market_iv,call,ITM,0.0,0.72,True,JPMorgan Chase & Co.,Financials,2026-05-01,1.4144076635209938e-06,1.1633252625502848e-06,1.7556226133255736e-06,0.0,0.0,-0.7199985855923364,-0.7199988366747374,-0.7199982443773867,0.7199985855923364,0.7199988366747374,0.7199982443773867,-99.99980355449118,-99.99983842704687,-99.99975616352593
JPM260529C00285000,2026-04-16 16:07:32+00:00,285.0,27.37,0.0,0.0,0.0,0.0,0.0,0,1.0000000000000004e-05,True,REGULAR,USD,Call,JPM,313.2300109863281,0.2118136859424178,0.0188359984454284,2026-05-29,28,0.0767123287671232,0.909874501177474,0.0,27.37,0.0,0.0901254988225259,0.0358500003814697,0.2118136859424178,hist_vol_fallback,call,OTM,28.230010986328125,0.0,False,JPMorgan Chase & Co.,Financials,2026-05-01,28.937041427401244,29.56229681198937,28.937004268022406,3.7159378837969825e-05,0.6252925439669639,1.567041427401243,2.192296811989369,1.567004268022405,1.567041427401243,2.192296811989369,1.567004268022405,5.725397981005638,8.009853167663021,5.725262214184892
JPM260529C00345000,2026-04-30 18:38:04+00:00,345.0,0.42,0.0,0.0,0.0,0.0,13.0,0,0.062509375,False,REGULAR,USD,Call,JPM,313.2300109863281,0.2118136859424178,0.0188359984454284,2026-05-29,28,0.0767123287671232,1.1014270277411526,0.0,0.42,0.0,0.1014270277411526,0.0358500003814697,0.062509375,market_iv,call,ITM,0.0,0.42,True,JPMorgan Chase & Co.,Financials,2026-05-01,1.1706127889098585e-08,1.0975324041965734e-08,1.8001693323248713e-08,0.0,0.0,-0.4199999882938721,-0.41999998902467595,-0.4199999819983067,0.4199999882938721,0.41999998902467595,0.4199999819983067,-99.99999721282668,-99.99999738682762,-99.99999571388256
JPM260529C00350000,2026-04-30 14:11:19+00:00,350.0,0.19,0.0,0.0,0.0,0.0,5.0,0,0.062509375,False,REGULAR,USD,Call,JPM,313.2300109863281,0.2118136859424178,0.0188359984454284,2026-05-29,28,0.0767123287671232,1.117389738288126,0.0,0.19,0.0,0.1173897382881259,0.0358500003814697,0.062509375,market_iv,call,ITM,0.0,0.19,True,JPMorgan Chase & Co.,Financials,2026-05-01,4.633252430514904e-11,5.573251361616803e-11,1.0195142414820547e-10,0.0,0.0,-0.18999999995366748,-0.1899999999442675,-0.18999999989804858,0.18999999995366748,0.1899999999442675,0.18999999989804858,-99.99999997561446,-99.9999999706671,-99.99999994634136
JPM260529C00275000,2026-04-30 19:14:48+00:00,275.0,39.75,0.0,0.0,0.0,0.0,1.0,0,1.0000000000000004e-05,True,REGULAR,USD,Call,JPM,313.2300109863281,0.2118136859424178,0.0188359984454284,2026-05-29,28,0.0767123287671232,0.8779490800835276,0.0,39.75,0.0,0.1220509199164724,0.0358500003814697,0.2118136859424178,hist_vol_fallback,call,OTM,38.230010986328125,1.519989013671875,False,JPMorgan Chase & Co.,Financials,2026-05-01,38.607045959250556,39.26060706686929,38.60762419811624,0.0,0.6529828687530497,-1.1429540407494443,-0.4893929331307092,-1.1423758018837589,1.1429540407494443,0.4893929331307092,1.1423758018837589,-2.8753560773570928,-1.2311771902659352,-2.8739013883868147
JPM260529C00270000,2026-04-22 16:07:54+00:00,270.0,45.05,0.0,0.0,0.0,0.0,1.0,0,1.0000000000000004e-05,True,REGULAR,USD,Call,JPM,313.2300109863281,0.2118136859424178,0.0188359984454284,2026-05-29,28,0.0767123287671232,0.8619863695365543,0.0,45.05,0.0,0.1380136304634457,0.0358500003814697,0.2118136859424178,hist_vol_fallback,call,OTM,43.230010986328125,1.819989013671872,False,JPMorgan Chase & Co.,Financials,2026-05-01,43.5473356695033,44.20655706445479,43.54808793128012,0.0,0.6584691331746697,-1.5026643304966996,-0.8434429355452053,-1.501912068719875,1.5026643304966996,0.8434429355452053,1.501912068719875,-3.3355479034332953,-1.872237370799568,-3.333878065970866
JPM260529C00360000,2026-04-16 19:48:30+00:00,360.0,0.74,0.0,0.0,0.0,0.0,1.0,0,0.12500875,False,REGULAR,USD,Call,JPM,313.2300109863281,0.2118136859424178,0.0188359984454284,2026-05-29,28,0.0767123287671232,1.1493151593820723,0.0,0.74,0.0,0.1493151593820725,0.0358500003814697,0.12500875,market_iv,call,ITM,0.0,0.74,True,JPMorgan Chase & Co.,Financials,2026-05-01,8.048618483674247e-05,8.319765354885364e-05,8.987993582891193e-05,0.0,0.0,-0.7399195138151633,-0.7399168023464512,-0.7399101200641711,0.7399195138151633,0.7399168023464512,0.7399101200641711,-99.98912348853558,-99.98875707384475,-99.98785406272582
JPM260529P00315000,2026-04-29 18:23:25+00:00,315.0,10.55,0.0,0.0,0.0,0.0,5.0,0,1.0000000000000004e-05,True,REGULAR,USD,Put,JPM,313.2300109863281,0.2118136859424178,0.0188359984454284,2026-05-29,28,0.0767123287671232,1.0056507644593131,0.0,10.55,0.0,0.0056507644593133,0.0358500003814697,0.2118136859424178,hist_vol_fallback,put,ATM,1.769989013671875,8.780010986328126,True,JPMorgan Chase & Co.,Financials,2026-05-01,8.071096135296587,7.758970322598086,8.033733403099433,0.03736273219715436,0.0,-2.4789038647034136,-2.791029677401915,-2.516266596900568,2.4789038647034136,2.791029677401915,2.516266596900568,-23.49671909671482,-26.455257605705352,-23.850868217066992
JPM260529P00310000,2026-04-30 19:14:45+00:00,310.0,6.07,0.0,0.0,0.0,0.0,39.0,0,0.007822421875,False,REGULAR,USD,Put,JPM,313.2300109863281,0.2118136859424178,0.0188359984454284,2026-05-29,28,0.0767123287671232,0.9896880539123402,0.0,6.07,0.0,0.0103119460876598,0.0358500003814697,0.2118136859424178,hist_vol_fallback,put,ATM,0.0,6.07,True,JPMorgan Chase & Co.,Financials,2026-05-01,5.6290784984065025,5.373647761252704,5.6057693568147045,0.023309141591798088,0.0,-0.44092150159349774,-0.6963522387472967,-0.46423064318529583,0.44092150159349774,0.6963522387472967,0.46423064318529583,-7.2639456605189086,-11.472030292377209,-7.647951288060886
JPM260529P00320000,2026-04-30 18:21:21+00:00,320.0,10.88,0.0,0.0,0.0,0.0,2.0,0,1.0000000000000004e-05,True,REGULAR,USD,Put,JPM,313.2300109863281,0.2118136859424178,0.0188359984454284,2026-05-29,28,0.0767123287671232,1.0216134750062866,0.0,10.88,0.0,0.0216134750062866,0.0358500003814697,0.2118136859424178,hist_vol_fallback,put,ATM,6.769989013671875,4.110010986328126,True,JPMorgan Chase & Co.,Financials,2026-05-01,11.04902372793039,10.692057554721833,10.993932417621522,0.05509131030886749,0.0,0.169023727930389,-0.18794244527816772,0.11393241762152151,0.169023727930389,0.18794244527816772,0.11393241762152151,1.5535269111248988,-1.7274121808655123,1.0471729560801608
JPM260529P00305000,2026-04-30 19:14:45+00:00,305.0,4.43,0.0,0.0,0.0,0.0,2.0,0,0.0312596875,False,REGULAR,USD,Put,JPM,313.2300109863281,0.2118136859424178,0.0188359984454284,2026-05-29,28,0.0767123287671232,0.9737253433653668,0.0,4.43,0.0,0.0262746566346331,0.0358500003814697,0.0312596875,market_iv,put,ATM,0.0,4.43,True,JPMorgan Chase & Co.,Financials,2026-05-01,0.0004383925717331943,0.0006693163165352674,0.0004489790249365133,0.0,0.00022033729159875407,-4.429561607428266,-4.429330683683465,-4.4295510209750635,4.429561607428266,4.429330683683465,4.4295510209750635,-99.99010400515274,-99.98489127953646,-99.98986503329715
JPM260529P00325000,2026-04-29 17:36:08+00:00,325.0,18.0,0.0,0.0,0.0,0.0,5.0,0,1.0000000000000004e-05,True,REGULAR,USD,Put,JPM,313.2300109863281,0.2118136859424178,0.0188359984454284,2026-05-29,28,0.0767123287671232,1.03757618555326,0.0,18.0,0.0,0.0375761855532599,0.0358500003814697,0.2118136859424178,hist_vol_fallback,put,OTM,11.769989013671877,6.230010986328125,True,JPMorgan Chase & Co.,Financials,2026-05-01,14.522763907194529,14.154723173177636,14.446301086616359,0.07646282057817011,0.0,-3.4772360928054713,-3.8452768268223636,-3.5536989133836414,3.4772360928054713,3.8452768268223636,3.5536989133836414,-19.31797829336373,-21.36264903790202,-19.742771741020228
JPM260529P00300000,2026-04-30 19:57:31+00:00,300.0,3.25,0.0,0.0,0.0,0.0,12.0,0,0.0312596875,False,REGULAR,USD,Put,JPM,313.2300109863281,0.2118136859424178,0.0188359984454284,2026-05-29,28,0.0767123287671232,0.9577626328183936,0.0,3.25,0.0,0.0422373671816063,0.0358500003814697,0.0312596875,market_iv,put,ITM,0.0,3.25,True,JPMorgan Chase & Co.,Financials,2026-05-01,5.133951815663223e-08,1.1467265387360311e-07,6.799622666487395e-08,0.0,4.6676427208729155e-08,-3.249999948660482,-3.249999885327346,-3.249999932003773,3.249999948660482,3.249999885327346,3.249999932003773,-99.99999842032253,-99.99999647161064,-99.9999979078084
JPM260529P00295000,2026-04-30 19:44:13+00:00,295.0,2.36,0.0,0.0,0.0,0.0,24.0,0,0.062509375,False,REGULAR,USD,Put,JPM,313.2300109863281,0.2118136859424178,0.0188359984454284,2026-05-29,28,0.0767123287671232,0.9417999222714204,0.0,2.36,0.0,0.0582000777285796,0.0358500003814697,0.062509375,market_iv,put,ITM,0.0,2.36,True,JPMorgan Chase & Co.,Financials,2026-05-01,0.0002501026189682603,0.0003084334193047821,0.0002630421272747305,0.0,4.53912920300516e-05,-2.3597498973810316,-2.359691566580695,-2.359736957872725,2.3597498973810316,2.359691566580695,2.359736957872725,-99.98940243139964,-99.98693078731759,-99.98885414714937
JPM260529P00290000,2026-04-30 19:02:14+00:00,290.0,1.7,0.0,0.0,0.0,0.0,25.0,0,0.062509375,False,REGULAR,USD,Put,JPM,313.2300109863281,0.2118136859424178,0.0188359984454284,2026-05-29,28,0.0767123287671232,0.9258372117244472,0.0,1.7,0.0,0.0741627882755527,0.0358500003814697,0.062509375,market_iv,put,ITM,0.0,1.7,True,JPMorgan Chase & Co.,Financials,2026-05-01,2.7087104116041104e-06,3.7927432126607574e-06,3.179611512995912e-06,0.0,6.131316996648455e-07,-1.6999972912895884,-1.6999962072567874,-1.699996820388487,1.6999972912895884,1.6999962072567874,1.699996820388487,-99.99984066409344,-99.99977689745808,-99.99981296402865
JPM260529P00340000,2026-04-14 19:42:29+00:00,340.0,28.1,0.0,0.0,0.0,0.0,0.0,0,1.0000000000000004e-05,True,REGULAR,USD,Put,JPM,313.2300109863281,0.2118136859424178,0.0188359984454284,2026-05-29,28,0.0767123287671232,1.0854643171941796,0.0,28.1,0.0,0.0854643171941795,0.0358500003814697,0.2118136859424178,hist_vol_fallback,put,OTM,26.769989013671875,1.3300109863281264,True,JPMorgan Chase & Co.,Financials,2026-05-01,27.212159729160287,26.96568920659534,27.027284297584288,0.18487543157599973,0.0,-0.887840270839714,-1.1343107934046621,-1.0727157024157137,0.887840270839714,1.1343107934046621,1.0727157024157137,-3.159573917579053,-4.0366932149632095,-3.8174936029028954
JPM260529P00285000,2026-04-30 19:30:13+00:00,285.0,1.19,0.0,0.0,0.0,0.0,62.0,0,0.062509375,False,REGULAR,USD,Put,JPM,313.2300109863281,0.2118136859424178,0.0188359984454284,2026-05-29,28,0.0767123287671232,0.909874501177474,0.0,1.19,0.0,0.0901254988225259,0.0358500003814697,0.062509375,market_iv,put,ITM,0.0,1.19,True,JPMorgan Chase & Co.,Financials,2026-05-01,9.602676979851458e-09,1.7014999245114586e-08,1.4042411430597665e-08,0.0,2.972587814516921e-09,-1.189999990397323,-1.1899999829850008,-1.1899999859575885,1.189999990397323,1.1899999829850008,1.1899999859575885,-99.99999919305236,-99.99999857016813,-99.99999881996541
JPM260529P00280000,2026-04-30 19:30:13+00:00,280.0,0.88,0.0,0.0,0.0,0.0,51.0,0,0.062509375,False,REGULAR,USD,Put,JPM,313.2300109863281,0.2118136859424178,0.0188359984454284,2026-05-29,28,0.0767123287671232,0.8939117906305007,0.0,0.88,0.0,0.1060882093694992,0.0358500003814697,0.062509375,market_iv,put,ITM,0.0,0.88,True,JPMorgan Chase & Co.,Financials,2026-05-01,9.3064698101493e-12,2.4399431616939162e-11,2.1093015848188794e-11,0.0,3.3064157687503685e-12,-0.8799999999906936,-0.8799999999756005,-0.879999999978907,0.8799999999906936,0.8799999999756005,0.879999999978907,-99.99999999894244,-99.99999999722733,-99.99999999760306
JPM260529P00275000,2026-04-30 14:12:02+00:00,275.0,0.75,0.0,0.0,0.0,0.0,1.0,0,0.12500875,False,REGULAR,USD,Put,JPM,313.2300109863281,0.2118136859424178,0.0188359984454284,2026-05-29,28,0.0767123287671232,0.8779490800835276,0.0,0.75,0.0,0.1220509199164724,0.0358500003814697,0.12500875,market_iv,put,ITM,0.0,0.75,True,JPMorgan Chase & Co.,Financials,2026-05-01,0.00016167713303042982,0.00016881656234499988,0.00017470163283952664,0.0,0.0,-0.7498383228669696,-0.749831183437655,-0.7498252983671605,0.7498383228669696,0.749831183437655,0.7498252983671605,-99.97844304892928,-99.97749112502066,-99.97670644895473
JPM260529P00270000,2026-04-28 18:19:04+00:00,270.0,0.63,0.0,0.0,0.0,0.0,51.0,0,0.12500875,False,REGULAR,USD,Put,JPM,313.2300109863281,0.2118136859424178,0.0188359984454284,2026-05-29,28,0.0767123287671232,0.8619863695365543,0.0,0.63,0.0,0.1380136304634457,0.0358500003814697,0.12500875,market_iv,put,ITM,0.0,0.63,True,JPMorgan Chase & Co.,Financials,2026-05-01,1.3822394061885291e-05,1.4812258845582221e-05,1.6030011788540407e-05,0.0,0.0,-0.6299861776059381,-0.6299851877411544,-0.6299839699882115,0.6299861776059381,0.6299851877411544,0.6299839699882115,-99.99780596919653,-99.9976488478023,-99.99745555368436
JPM260605C00315000,2026-04-30 17:43:48+00:00,315.0,8.74,0.0,0.0,0.0,0.0,3.0,0,0.0039162109375,False,REGULAR,USD,Call,JPM,313.2300109863281,0.2118136859424178,0.0188359984454284,2026-06-05,35,0.0958904109589041,1.0056507644593131,0.0,8.74,0.0,0.0056507644593133,0.0358500003814697,0.2118136859424178,hist_vol_fallback,call,ATM,0.0,8.74,False,JPMorgan Chase & Co.,Financials,2026-05-01,7.5937872843910945,7.968872885773759,7.584541532265007,0.00924575212608758,0.38433135350875247,-1.1462127156089057,-0.7711271142262408,-1.1554584677349933,1.1462127156089057,0.7711271142262408,1.1554584677349933,-13.114561963488624,-8.822964693664083,-13.22034860108688
JPM260605C00310000,2026-04-30 19:54:44+00:00,310.0,11.87,0.0,0.0,0.0,0.0,3.0,0,1.0000000000000004e-05,True,REGULAR,USD,Call,JPM,313.2300109863281,0.2118136859424178,0.0188359984454284,2026-06-05,35,0.0958904109589041,0.9896880539123402,0.0,11.87,0.0,0.0103119460876598,0.0358500003814697,0.2118136859424178,hist_vol_fallback,call,ATM,3.230010986328125,8.639989013671874,False,JPMorgan Chase & Co.,Financials,2026-05-01,10.129283524258119,10.595762303729382,10.131109836586717,0.0,0.46465246714266506,-1.7407164757418805,-1.2742376962706174,-1.7388901634132825,1.7407164757418805,1.2742376962706174,1.7388901634132825,-14.664839728238253,-10.734942681302591,-14.649453777702465
JPM260605C00320000,2026-04-30 18:40:25+00:00,320.0,6.7,0.0,0.0,0.0,0.0,3.0,0,0.01563484375,False,REGULAR,USD,Call,JPM,313.2300109863281,0.2118136859424178,0.0188359984454284,2026-06-05,35,0.0958904109589041,1.0216134750062866,0.0,6.7,0.0,0.0216134750062866,0.0358500003814697,0.01563484375,market_iv,call,ATM,0.0,6.7,False,JPMorgan Chase & Co.,Financials,2026-05-01,6.360338612641312e-06,1.0011174651562195e-06,7.651603280318074e-06,0.0,0.0,-6.699993639661388,-6.699998998882535,-6.699992348396719,6.699993639661388,6.699998998882535,6.699992348396719,-99.99990506957295,-99.99998505794828,-99.99988579696596
JPM260605C00305000,2026-04-30 19:54:44+00:00,305.0,15.07,0.0,0.0,0.0,0.0,2.0,0,1.0000000000000004e-05,True,REGULAR,USD,Call,JPM,313.2300109863281,0.2118136859424178,0.0188359984454284,2026-06-05,35,0.0958904109589041,0.9737253433653668,0.0,15.07,0.0,0.0262746566346331,0.0358500003814697,0.2118136859424178,hist_vol_fallback,call,ATM,8.230010986328125,6.839989013671875,False,JPMorgan Chase & Co.,Financials,2026-05-01,13.157384505392496,13.702520511088174,13.158609998448156,0.0,0.5439105126400179,-1.912615494607504,-1.367479488911826,-1.911390001551844,1.912615494607504,1.367479488911826,1.911390001551844,-12.691542764482442,-9.07418373531404,-12.683410760131677
JPM260605C00325000,2026-04-30 19:09:20+00:00,325.0,4.44,0.0,0.0,0.0,0.0,5.0,0,0.0312596875,False,REGULAR,USD,Call,JPM,313.2300109863281,0.2118136859424178,0.0188359984454284,2026-06-05,35,0.0958904109589041,1.03757618555326,0.0,4.44,0.0,0.0375761855532599,0.0358500003814697,0.0312596875,market_iv,call,ITM,0.0,4.44,True,JPMorgan Chase & Co.,Financials,2026-05-01,8.99678807484955e-05,4.30231468817001e-05,0.00010140342332353586,0.0,0.0,-4.4399100321192515,-4.439956976853119,-4.439898596576677,4.4399100321192515,4.439956976853119,4.439898596576677,-99.99797369637953,-99.99903101020537,-99.99771613911435
JPM260605C00330000,2026-04-30 18:50:31+00:00,330.0,3.2,0.0,0.0,0.0,0.0,27.0,0,0.0312596875,False,REGULAR,USD,Call,JPM,313.2300109863281,0.2118136859424178,0.0188359984454284,2026-06-05,35,0.0958904109589041,1.053538896100233,0.0,3.2,0.0,0.0535388961002329,0.0358500003814697,0.0312596875,market_iv,call,ITM,0.0,3.2,True,JPMorgan Chase & Co.,Financials,2026-05-01,3.257473269852271e-08,1.4029921676441794e-08,5.003021252837265e-08,0.0,0.0,-3.1999999674252675,-3.1999999859700785,-3.1999999499697878,3.1999999674252675,3.1999999859700785,3.1999999499697878,-99.9999989820396,-99.99999956156495,-99.99999843655586
JPM260605C00295000,2026-04-24 19:58:00+00:00,295.0,19.55,0.0,0.0,0.0,0.0,1.0,0,1.0000000000000004e-05,True,REGULAR,USD,Call,JPM,313.2300109863281,0.2118136859424178,0.0188359984454284,2026-06-05,35,0.0958904109589041,0.9417999222714204,0.0,19.55,0.0,0.0582000777285796,0.0358500003814697,0.2118136859424178,hist_vol_fallback,call,OTM,18.230010986328125,1.3199890136718757,False,JPMorgan Chase & Co.,Financials,2026-05-01,20.539276217084602,21.21424610993656,20.534684847030604,0.004591370053997679,0.6795612629059562,0.9892762170846012,1.6642461099365597,0.9846848470306035,0.9892762170846012,1.6642461099365597,0.9846848470306035,5.060236404524814,8.512767825762452,5.036751135706412
JPM260605C00335000,2026-04-30 19:18:34+00:00,335.0,2.0,0.0,0.0,0.0,0.0,289.0,0,0.062509375,False,REGULAR,USD,Call,JPM,313.2300109863281,0.2118136859424178,0.0188359984454284,2026-06-05,35,0.0958904109589041,1.0695016066472065,0.0,2.0,0.0,0.0695016066472062,0.0358500003814697,0.062509375,market_iv,call,ITM,0.0,2.0,True,JPMorgan Chase & Co.,Financials,2026-05-01,0.0005378381221366708,0.0004084823027026515,0.0005699968636393438,0.0,0.0,-1.9994621618778634,-1.9995915176972974,-1.9994300031363608,1.9994621618778634,1.9995915176972974,1.9994300031363608,-99.97310809389317,-99.97957588486487,-99.97150015681804
JPM260605C00340000,2026-04-30 17:22:36+00:00,340.0,1.15,0.0,0.0,0.0,0.0,3.0,0,0.062509375,False,REGULAR,USD,Call,JPM,313.2300109863281,0.2118136859424178,0.0188359984454284,2026-06-05,35,0.0958904109589041,1.0854643171941796,0.0,1.15,0.0,0.0854643171941795,0.0358500003814697,0.062509375,market_iv,call,ITM,0.0,1.15,True,JPMorgan Chase & Co.,Financials,2026-05-01,1.898180075240296e-05,1.5117623813936582e-05,2.2668908620460983e-05,0.0,0.0,-1.1499810181992476,-1.149984882376186,-1.1499773310913795,1.1499810181992476,1.149984882376186,1.1499773310913795,-99.99834940863023,-99.99868542401619,-99.99802879055474
JPM260605P00310000,2026-04-30 19:37:52+00:00,310.0,7.14,0.0,0.0,0.0,0.0,1.0,0,0.007822421875,False,REGULAR,USD,Put,JPM,313.2300109863281,0.2118136859424178,0.0188359984454284,2026-06-05,35,0.0958904109589041,0.9896880539123402,0.0,7.14,0.0,0.0103119460876598,0.0358500003814697,0.2118136859424178,hist_vol_fallback,put,ATM,0.0,7.14,True,JPMorgan Chase & Co.,Financials,2026-05-01,6.4262705275766985,6.110565530344988,6.40249318763577,0.023777339940928677,0.0,-0.7137294724233012,-1.029434469655012,-0.7375068123642299,0.7137294724233012,1.029434469655012,0.7375068123642299,-9.996211098365563,-14.41784971505619,-10.329227063924789
JPM260605P00305000,2026-04-29 19:07:12+00:00,305.0,7.36,0.0,0.0,0.0,0.0,11.0,0,0.01563484375,False,REGULAR,USD,Put,JPM,313.2300109863281,0.2118136859424178,0.0188359984454284,2026-06-05,35,0.0958904109589041,0.9737253433653668,0.0,7.36,0.0,0.0262746566346331,0.0358500003814697,0.01563484375,market_iv,put,ATM,0.0,7.36,True,JPMorgan Chase & Co.,Financials,2026-05-01,4.264510692893342e-10,2.3491066441933176e-09,6.464714004810479e-10,0.0,1.7026352437122697e-09,-7.3599999995735494,-7.359999997650894,-7.359999999353529,7.3599999995735494,7.359999997650894,7.359999999353529,-99.99999999420584,-99.99999996808279,-99.99999999121643
JPM260605P00325000,2026-04-29 16:26:16+00:00,325.0,19.2,0.0,0.0,0.0,0.0,1.0,0,1.0000000000000004e-05,True,REGULAR,USD,Put,JPM,313.2300109863281,0.2118136859424178,0.0188359984454284,2026-06-05,35,0.0958904109589041,1.03757618555326,0.0,19.2,0.0,0.0375761855532599,0.0358500003814697,0.2118136859424178,hist_vol_fallback,put,OTM,11.769989013671877,7.430010986328124,True,JPMorgan Chase & Co.,Financials,2026-05-01,15.186646418668413,14.757945097530904,15.110885969564919,0.07576044910349466,0.0,-4.013353581331586,-4.442054902469096,-4.089114030435081,4.013353581331586,4.442054902469096,4.089114030435081,-20.90288323610201,-23.135702617026542,-21.297468908516045
JPM260605P00295000,2026-04-30 19:52:52+00:00,295.0,3.0,0.0,0.0,0.0,0.0,9.0,0,0.0312596875,False,REGULAR,USD,Put,JPM,313.2300109863281,0.2118136859424178,0.0188359984454284,2026-06-05,35,0.0958904109589041,0.9417999222714204,0.0,3.0,0.0,0.0582000777285796,0.0358500003814697,0.0312596875,market_iv,put,ITM,0.0,3.0,True,JPMorgan Chase & Co.,Financials,2026-05-01,2.2270468507753655e-11,8.247222644455519e-11,4.359427413117536e-11,0.0,3.8877952313379824e-11,-2.9999999999777294,-2.9999999999175277,-2.9999999999564055,2.9999999999777294,2.9999999999175277,2.9999999999564055,-99.99999999925765,-99.99999999725092,-99.99999999854685
JPM260605P00290000,2026-04-30 15:50:27+00:00,290.0,2.47,0.0,0.0,0.0,0.0,44.0,0,0.062509375,False,REGULAR,USD,Put,JPM,313.2300109863281,0.2118136859424178,0.0188359984454284,2026-06-05,35,0.0958904109589041,0.9258372117244472,0.0,2.47,0.0,0.0741627882755527,0.0358500003814697,0.062509375,market_iv,put,ITM,0.0,2.47,True,JPMorgan Chase & Co.,Financials,2026-05-01,2.745255641351939e-05,3.779708551090735e-05,3.1084606622450855e-05,0.0,6.7124788884564976e-06,-2.4699725474435867,-2.4699622029144894,-2.4699689153933777,2.4699725474435867,2.4699622029144894,2.4699689153933777,-99.99888856046908,-99.99846975362304,-99.99874151390192
JPM260605P00285000,2026-04-30 19:20:07+00:00,285.0,1.83,0.0,0.0,0.0,0.0,55.0,0,0.062509375,False,REGULAR,USD,Put,JPM,313.2300109863281,0.2118136859424178,0.0188359984454284,2026-06-05,35,0.0958904109589041,0.909874501177474,0.0,1.83,0.0,0.0901254988225259,0.0358500003814697,0.062509375,market_iv,put,ITM,0.0,1.83,True,JPMorgan Chase & Co.,Financials,2026-05-01,2.9566621970642023e-07,4.5263457974554764e-07,3.7450804810841847e-07,0.0,7.812653163712917e-08,-1.8299997043337803,-1.8299995473654203,-1.829999625491952,1.8299997043337803,1.8299995473654203,1.829999625491952,-99.99998384337597,-99.99997526586995,-99.99997953507935
